Launching recipe-shaped REAL-WEIGHT serve:
  MODEL=/models/Kimi-K3 TP=8 PP=2 DP=1 DP_LOCAL=1 DP_START=0
  EP=0 EP_WEIGHT_FILTER=0
  NNODES=2 NODE_RANK=1 MASTER_ADDR=10.202.210.23 DP_ADDR=10.202.210.23
  IFACE=enp157s0np0 LOAD_FORMAT=<auto>
  max-num-seqs=32 max-model-len=262144 gpu-mem-util=0.90
  kv-cache-memory-bytes=<auto> cpu-offload-gb=<off> prefix-caching=1 V2_RUNNER=1 RUST_FE=0
  kv-transfer={"kv_connector":"OffloadingConnector","kv_role":"kv_both","kv_connector_extra_config":{"cpu_bytes_to_use":214748364800}} enforce-eager=0 hybrid-kv=0 cumem=0
  nixl-host=<unset> nixl-port=<unset>
downloaded_at=2026-08-01T01:16:23Z
MODEL_ID=moonshotai/Kimi-K3
LOCAL_DIR=/models/Kimi-K3
INFO 08-05 07:52:36 [kimi_k3.py:116] Overriding vision_config.text_hidden_size from 2304 to 4096 to match text_config.hidden_size
INFO 08-05 07:52:36 [model.py:636] Resolved architecture: KimiK3ForConditionalGeneration
INFO 08-05 07:52:36 [model.py:654] Defaulting to tokenizer_mode='kimi_k3' for KimiK3ForConditionalGeneration
INFO 08-05 07:52:36 [model.py:1810] Using max model len 262144
INFO 08-05 07:52:40 [arg_utils.py:2088] Inferred data_parallel_rank 0 from node_rank 1
INFO 08-05 07:52:40 [scheduler.py:242] Chunked prefill is enabled with max_num_batched_tokens=8192.
WARNING 08-05 07:52:40 [config.py:596] Mamba cache mode is set to 'align' for KimiK3ForConditionalGeneration by default when prefix caching is enabled
INFO 08-05 07:52:40 [config.py:616] Warning: Prefix caching in Mamba cache 'align' mode is currently enabled. Its support for Mamba layers is experimental. Please report any issues you may observe.
INFO 08-05 07:52:40 [vllm.py:1144] Asynchronous scheduling is enabled.
INFO 08-05 07:52:40 [vllm.py:1235] Auto-enabling VLLM_USE_BREAKABLE_CUDAGRAPH=1. Set VLLM_USE_BREAKABLE_CUDAGRAPH=0 to opt out.
WARNING 08-05 07:52:40 [vllm.py:1241] VLLM_USE_BREAKABLE_CUDAGRAPH is set, disabling vLLM's torch.compile pipeline. Equivalent to -cc.mode=none.
WARNING 08-05 07:52:40 [vllm.py:1251] Inductor compilation was disabled by user settings, optimizations settings that are only active during inductor compilation will be ignored.
INFO 08-05 07:52:40 [kernel.py:303] Final IR op priority after setting platform defaults: IrOpPriorityConfig(rms_norm=['vllm_c', 'native'], fused_add_rms_norm=['vllm_c', 'native'])
WARNING 08-05 07:52:40 [vllm.py:2266] Model Runner V2 does not yet support the thinking_token_budget request parameter. Set VLLM_USE_V2_MODEL_RUNNER=0 if this is required.
INFO 08-05 07:52:40 [kimi_k3.py:116] Overriding vision_config.text_hidden_size from 2304 to 4096 to match text_config.hidden_size
WARNING 08-05 07:52:41 [registry.py:250] Using a slow tokenizer. This might cause a significant slowdown. Consider using a fast tokenizer instead.
INFO 08-05 07:52:41 [compilation.py:329] Enabled custom fusions: norm_quant, act_quant, allreduce_rms
INFO 08-05 07:52:41 [serve.py:212] Launching vLLM (v0.1.dev19262+gb6bbf29dd.d20260727) headless multiproc executor, with head node address 10.202.210.23:29501 for torch.distributed process group.
WARNING 08-05 07:52:41 [multiproc_executor.py:1081] Reducing Torch parallelism from 64 threads to 1 to avoid unnecessary CPU contention. Set OMP_NUM_THREADS in the external environment to tune this value as needed.
INFO 08-05 07:52:53 [kimi_k3.py:116] Overriding vision_config.text_hidden_size from 2304 to 4096 to match text_config.hidden_size
WARNING 08-05 07:52:54 [registry.py:250] Using a slow tokenizer. This might cause a significant slowdown. Consider using a fast tokenizer instead.
INFO 08-05 07:52:54 [kimi_k3.py:116] Overriding vision_config.text_hidden_size from 2304 to 4096 to match text_config.hidden_size
(Worker pid=10482) INFO 08-05 07:52:54 [parallel_state.py:1612] world_size=16 rank=8 local_rank=0 distributed_init_method=tcp://10.202.210.23:29501 backend=nccl
INFO 08-05 07:52:54 [kimi_k3.py:116] Overriding vision_config.text_hidden_size from 2304 to 4096 to match text_config.hidden_size
INFO 08-05 07:52:54 [kimi_k3.py:116] Overriding vision_config.text_hidden_size from 2304 to 4096 to match text_config.hidden_size
INFO 08-05 07:52:54 [kimi_k3.py:116] Overriding vision_config.text_hidden_size from 2304 to 4096 to match text_config.hidden_size
INFO 08-05 07:52:54 [kimi_k3.py:116] Overriding vision_config.text_hidden_size from 2304 to 4096 to match text_config.hidden_size
INFO 08-05 07:52:54 [kimi_k3.py:116] Overriding vision_config.text_hidden_size from 2304 to 4096 to match text_config.hidden_size
INFO 08-05 07:52:54 [kimi_k3.py:116] Overriding vision_config.text_hidden_size from 2304 to 4096 to match text_config.hidden_size
INFO 08-05 07:52:54 [kimi_k3.py:116] Overriding vision_config.text_hidden_size from 2304 to 4096 to match text_config.hidden_size
WARNING 08-05 07:52:54 [registry.py:250] Using a slow tokenizer. This might cause a significant slowdown. Consider using a fast tokenizer instead.
INFO 08-05 07:52:54 [kimi_k3.py:116] Overriding vision_config.text_hidden_size from 2304 to 4096 to match text_config.hidden_size
WARNING 08-05 07:52:54 [registry.py:250] Using a slow tokenizer. This might cause a significant slowdown. Consider using a fast tokenizer instead.
INFO 08-05 07:52:54 [kimi_k3.py:116] Overriding vision_config.text_hidden_size from 2304 to 4096 to match text_config.hidden_size
WARNING 08-05 07:52:54 [registry.py:250] Using a slow tokenizer. This might cause a significant slowdown. Consider using a fast tokenizer instead.
INFO 08-05 07:52:54 [kimi_k3.py:116] Overriding vision_config.text_hidden_size from 2304 to 4096 to match text_config.hidden_size
WARNING 08-05 07:52:54 [registry.py:250] Using a slow tokenizer. This might cause a significant slowdown. Consider using a fast tokenizer instead.
INFO 08-05 07:52:54 [kimi_k3.py:116] Overriding vision_config.text_hidden_size from 2304 to 4096 to match text_config.hidden_size
WARNING 08-05 07:52:54 [registry.py:250] Using a slow tokenizer. This might cause a significant slowdown. Consider using a fast tokenizer instead.
INFO 08-05 07:52:54 [kimi_k3.py:116] Overriding vision_config.text_hidden_size from 2304 to 4096 to match text_config.hidden_size
WARNING 08-05 07:52:54 [registry.py:250] Using a slow tokenizer. This might cause a significant slowdown. Consider using a fast tokenizer instead.
INFO 08-05 07:52:54 [kimi_k3.py:116] Overriding vision_config.text_hidden_size from 2304 to 4096 to match text_config.hidden_size
WARNING 08-05 07:52:54 [registry.py:250] Using a slow tokenizer. This might cause a significant slowdown. Consider using a fast tokenizer instead.
INFO 08-05 07:52:54 [kimi_k3.py:116] Overriding vision_config.text_hidden_size from 2304 to 4096 to match text_config.hidden_size
(Worker pid=10483) INFO 08-05 07:52:56 [parallel_state.py:1612] world_size=16 rank=9 local_rank=1 distributed_init_method=tcp://10.202.210.23:29501 backend=nccl
(Worker pid=10485) INFO 08-05 07:52:56 [parallel_state.py:1612] world_size=16 rank=11 local_rank=3 distributed_init_method=tcp://10.202.210.23:29501 backend=nccl
(Worker pid=10486) INFO 08-05 07:52:56 [parallel_state.py:1612] world_size=16 rank=12 local_rank=4 distributed_init_method=tcp://10.202.210.23:29501 backend=nccl
(Worker pid=10484) INFO 08-05 07:52:56 [parallel_state.py:1612] world_size=16 rank=10 local_rank=2 distributed_init_method=tcp://10.202.210.23:29501 backend=nccl
(Worker pid=10487) INFO 08-05 07:52:56 [parallel_state.py:1612] world_size=16 rank=13 local_rank=5 distributed_init_method=tcp://10.202.210.23:29501 backend=nccl
(Worker pid=10489) INFO 08-05 07:52:56 [parallel_state.py:1612] world_size=16 rank=15 local_rank=7 distributed_init_method=tcp://10.202.210.23:29501 backend=nccl
(Worker pid=10488) INFO 08-05 07:52:56 [parallel_state.py:1612] world_size=16 rank=14 local_rank=6 distributed_init_method=tcp://10.202.210.23:29501 backend=nccl
(Worker pid=10482) INFO 08-05 07:53:09 [pynccl.py:113] vLLM is using nccl==2.30.7
(Worker pid=10482) INFO 08-05 07:53:12 [parallel_state.py:1943] rank 8 in world size 16 is assigned as DP rank 0, PP rank 1, PCP rank 0, TP rank 0, EP rank 0, EPLB rank N/A
(Worker pid=10482) INFO 08-05 07:53:12 [gpu_worker.py:373] Using V2 Model Runner
(Worker_PP1_TP1 pid=10483) INFO 08-05 07:53:13 [model_runner.py:288] Loading model from scratch...
(Worker_PP1_TP2 pid=10484) INFO 08-05 07:53:13 [model_runner.py:288] Loading model from scratch...
(Worker_PP1_TP0 pid=10482) INFO 08-05 07:53:13 [model_runner.py:288] Loading model from scratch...
(Worker_PP1_TP0 pid=10482) WARNING 08-05 07:53:13 [vision.py:153] The number of vision attention heads is not divisible by the tensor parallel size. Falling back to data parallelism for the vision encoder.
(Worker_PP1_TP7 pid=10489) INFO 08-05 07:53:13 [model_runner.py:288] Loading model from scratch...
(Worker_PP1_TP0 pid=10482) INFO 08-05 07:53:13 [cuda.py:541] Using backend AttentionBackendEnum.FLASH_ATTN for vit attention
(Worker_PP1_TP0 pid=10482) INFO 08-05 07:53:13 [mm_encoder_attention.py:373] Using AttentionBackendEnum.FLASH_ATTN for MMEncoderAttention.
(Worker_PP1_TP6 pid=10488) INFO 08-05 07:53:13 [model_runner.py:288] Loading model from scratch...
(Worker_PP1_TP1 pid=10483) WARNING 08-05 07:53:13 [vllm.py:1251] Inductor compilation was disabled by user settings, optimizations settings that are only active during inductor compilation will be ignored.
(Worker_PP1_TP1 pid=10483) INFO 08-05 07:53:13 [kernel.py:303] Final IR op priority after setting platform defaults: IrOpPriorityConfig(rms_norm=['vllm_c', 'native'], fused_add_rms_norm=['vllm_c', 'native'])
(Worker_PP1_TP5 pid=10487) INFO 08-05 07:53:13 [model_runner.py:288] Loading model from scratch...
(Worker_PP1_TP2 pid=10484) WARNING 08-05 07:53:13 [vllm.py:1251] Inductor compilation was disabled by user settings, optimizations settings that are only active during inductor compilation will be ignored.
(Worker_PP1_TP2 pid=10484) INFO 08-05 07:53:13 [kernel.py:303] Final IR op priority after setting platform defaults: IrOpPriorityConfig(rms_norm=['vllm_c', 'native'], fused_add_rms_norm=['vllm_c', 'native'])
(Worker_PP1_TP4 pid=10486) INFO 08-05 07:53:13 [model_runner.py:288] Loading model from scratch...
(Worker_PP1_TP1 pid=10483) INFO 08-05 07:53:13 [utils.py:162] Hidden layers were unevenly partitioned: [47,46]. This can be manually overridden using the VLLM_PP_LAYER_PARTITION environment variable
(Worker_PP1_TP0 pid=10482) INFO 08-05 07:53:13 [vllm.py:1144] Asynchronous scheduling is enabled.
(Worker_PP1_TP0 pid=10482) WARNING 08-05 07:53:13 [vllm.py:1241] VLLM_USE_BREAKABLE_CUDAGRAPH is set, disabling vLLM's torch.compile pipeline. Equivalent to -cc.mode=none.
(Worker_PP1_TP0 pid=10482) WARNING 08-05 07:53:13 [vllm.py:1251] Inductor compilation was disabled by user settings, optimizations settings that are only active during inductor compilation will be ignored.
(Worker_PP1_TP0 pid=10482) INFO 08-05 07:53:13 [kernel.py:303] Final IR op priority after setting platform defaults: IrOpPriorityConfig(rms_norm=['vllm_c', 'native'], fused_add_rms_norm=['vllm_c', 'native'])
(Worker_PP1_TP1 pid=10483) INFO 08-05 07:53:13 [cuda.py:422] Using AttentionBackendEnum.FLASHMLA backend.
(Worker_PP1_TP7 pid=10489) WARNING 08-05 07:53:13 [vllm.py:1251] Inductor compilation was disabled by user settings, optimizations settings that are only active during inductor compilation will be ignored.
(Worker_PP1_TP7 pid=10489) INFO 08-05 07:53:13 [kernel.py:303] Final IR op priority after setting platform defaults: IrOpPriorityConfig(rms_norm=['vllm_c', 'native'], fused_add_rms_norm=['vllm_c', 'native'])
(Worker_PP1_TP6 pid=10488) WARNING 08-05 07:53:13 [vllm.py:1251] Inductor compilation was disabled by user settings, optimizations settings that are only active during inductor compilation will be ignored.
(Worker_PP1_TP6 pid=10488) INFO 08-05 07:53:13 [kernel.py:303] Final IR op priority after setting platform defaults: IrOpPriorityConfig(rms_norm=['vllm_c', 'native'], fused_add_rms_norm=['vllm_c', 'native'])
(Worker_PP1_TP2 pid=10484) INFO 08-05 07:53:13 [utils.py:162] Hidden layers were unevenly partitioned: [47,46]. This can be manually overridden using the VLLM_PP_LAYER_PARTITION environment variable
(Worker_PP1_TP5 pid=10487) WARNING 08-05 07:53:13 [vllm.py:1251] Inductor compilation was disabled by user settings, optimizations settings that are only active during inductor compilation will be ignored.
(Worker_PP1_TP2 pid=10484) INFO 08-05 07:53:13 [cuda.py:422] Using AttentionBackendEnum.FLASHMLA backend.
(Worker_PP1_TP5 pid=10487) INFO 08-05 07:53:13 [kernel.py:303] Final IR op priority after setting platform defaults: IrOpPriorityConfig(rms_norm=['vllm_c', 'native'], fused_add_rms_norm=['vllm_c', 'native'])
(Worker_PP1_TP0 pid=10482) WARNING 08-05 07:53:13 [vllm.py:2266] Model Runner V2 does not yet support the thinking_token_budget request parameter. Set VLLM_USE_V2_MODEL_RUNNER=0 if this is required.
(Worker_PP1_TP0 pid=10482) INFO 08-05 07:53:13 [utils.py:162] Hidden layers were unevenly partitioned: [47,46]. This can be manually overridden using the VLLM_PP_LAYER_PARTITION environment variable
(Worker_PP1_TP4 pid=10486) WARNING 08-05 07:53:13 [vllm.py:1251] Inductor compilation was disabled by user settings, optimizations settings that are only active during inductor compilation will be ignored.
(Worker_PP1_TP4 pid=10486) INFO 08-05 07:53:13 [kernel.py:303] Final IR op priority after setting platform defaults: IrOpPriorityConfig(rms_norm=['vllm_c', 'native'], fused_add_rms_norm=['vllm_c', 'native'])
(Worker_PP1_TP0 pid=10482) INFO 08-05 07:53:13 [cuda.py:422] Using AttentionBackendEnum.FLASHMLA backend.
(Worker_PP1_TP7 pid=10489) INFO 08-05 07:53:13 [utils.py:162] Hidden layers were unevenly partitioned: [47,46]. This can be manually overridden using the VLLM_PP_LAYER_PARTITION environment variable
(Worker_PP1_TP0 pid=10482) INFO 08-05 07:53:13 [selector.py:174] Using FLASH_ATTN MLA prefill backend.
(Worker_PP1_TP7 pid=10489) INFO 08-05 07:53:13 [cuda.py:422] Using AttentionBackendEnum.FLASHMLA backend.
(Worker_PP1_TP0 pid=10482) INFO 08-05 07:53:13 [fused_humming_moe.py:81] Using indexed gemm for humming moe
(Worker_PP1_TP0 pid=10482) INFO 08-05 07:53:13 [mxfp4.py:419] Using 'HUMMING' Mxfp4 MoE backend.
(Worker_PP1_TP6 pid=10488) INFO 08-05 07:53:13 [utils.py:162] Hidden layers were unevenly partitioned: [47,46]. This can be manually overridden using the VLLM_PP_LAYER_PARTITION environment variable
(Worker_PP1_TP0 pid=10482) INFO 08-05 07:53:13 [mamba_utils.py:36] VLLM_SSM_CONV_STATE_LAYOUT env detected. Setting SSM conv state layout to DS.
(Worker_PP1_TP0 pid=10482) INFO 08-05 07:53:13 [kda.py:163] Using FlashKDA KDA prefill backend.
(Worker_PP1_TP6 pid=10488) INFO 08-05 07:53:13 [cuda.py:422] Using AttentionBackendEnum.FLASHMLA backend.
(Worker_PP1_TP5 pid=10487) INFO 08-05 07:53:13 [utils.py:162] Hidden layers were unevenly partitioned: [47,46]. This can be manually overridden using the VLLM_PP_LAYER_PARTITION environment variable
(Worker_PP1_TP5 pid=10487) INFO 08-05 07:53:13 [cuda.py:422] Using AttentionBackendEnum.FLASHMLA backend.
(Worker_PP1_TP4 pid=10486) INFO 08-05 07:53:13 [utils.py:162] Hidden layers were unevenly partitioned: [47,46]. This can be manually overridden using the VLLM_PP_LAYER_PARTITION environment variable
(Worker_PP1_TP4 pid=10486) INFO 08-05 07:53:13 [cuda.py:422] Using AttentionBackendEnum.FLASHMLA backend.
(Worker_PP1_TP3 pid=10485) INFO 08-05 07:53:13 [model_runner.py:288] Loading model from scratch...
(Worker_PP1_TP3 pid=10485) WARNING 08-05 07:53:13 [vllm.py:1251] Inductor compilation was disabled by user settings, optimizations settings that are only active during inductor compilation will be ignored.
(Worker_PP1_TP3 pid=10485) INFO 08-05 07:53:13 [kernel.py:303] Final IR op priority after setting platform defaults: IrOpPriorityConfig(rms_norm=['vllm_c', 'native'], fused_add_rms_norm=['vllm_c', 'native'])
(Worker_PP1_TP3 pid=10485) INFO 08-05 07:53:13 [utils.py:162] Hidden layers were unevenly partitioned: [47,46]. This can be manually overridden using the VLLM_PP_LAYER_PARTITION environment variable
(Worker_PP1_TP3 pid=10485) INFO 08-05 07:53:13 [cuda.py:422] Using AttentionBackendEnum.FLASHMLA backend.
(Worker_PP1_TP0 pid=10482) INFO 08-05 07:53:14 [weight_utils.py:869] Filesystem type for checkpoints: XFS. Checkpoint size: 1453.74 GiB. Available RAM: 1910.61 GiB.
(Worker_PP1_TP0 pid=10482) INFO 08-05 07:53:14 [weight_utils.py:892] Auto-prefetch is disabled because the filesystem (XFS) is not a recognized network FS (NFS/Lustre). If you want to force prefetching, start vLLM with --safetensors-load-strategy=prefetch.
(Worker_PP1_TP7 pid=10489) INFO 08-05 07:54:50 [model_runner.py:309] Model loading took 96.47 GiB and 97.447272 seconds
(Worker_PP1_TP7 pid=10489) INFO 08-05 07:54:50 [interface.py:635] Setting kv cache block size to 64 for FLASHMLA backend.
(Worker_PP1_TP7 pid=10489) WARNING 08-05 07:54:50 [vllm.py:1251] Inductor compilation was disabled by user settings, optimizations settings that are only active during inductor compilation will be ignored.
(Worker_PP1_TP7 pid=10489) INFO 08-05 07:54:50 [kernel.py:303] Final IR op priority after setting platform defaults: IrOpPriorityConfig(rms_norm=['vllm_c', 'native'], fused_add_rms_norm=['vllm_c', 'native'])
(Worker_PP1_TP7 pid=10489) WARNING 08-05 07:54:50 [vllm.py:1251] Inductor compilation was disabled by user settings, optimizations settings that are only active during inductor compilation will be ignored.
(Worker_PP1_TP7 pid=10489) INFO 08-05 07:54:50 [kernel.py:303] Final IR op priority after setting platform defaults: IrOpPriorityConfig(rms_norm=['vllm_c', 'native'], fused_add_rms_norm=['vllm_c', 'native'])
(Worker_PP1_TP7 pid=10489) INFO 08-05 07:54:50 [interface.py:911] Setting attention block size to 768 tokens to ensure that attention page size is >= mamba page size.
(Worker_PP1_TP7 pid=10489) INFO 08-05 07:54:50 [interface.py:935] Padding mamba page size by 8.68% to ensure that mamba page size and attention page size are exactly equal.
(Worker_PP1_TP6 pid=10488) INFO 08-05 07:54:50 [model_runner.py:309] Model loading took 96.47 GiB and 97.565953 seconds
(Worker_PP1_TP6 pid=10488) INFO 08-05 07:54:50 [interface.py:635] Setting kv cache block size to 64 for FLASHMLA backend.
(Worker_PP1_TP6 pid=10488) WARNING 08-05 07:54:50 [vllm.py:1251] Inductor compilation was disabled by user settings, optimizations settings that are only active during inductor compilation will be ignored.
(Worker_PP1_TP6 pid=10488) INFO 08-05 07:54:50 [kernel.py:303] Final IR op priority after setting platform defaults: IrOpPriorityConfig(rms_norm=['vllm_c', 'native'], fused_add_rms_norm=['vllm_c', 'native'])
(Worker_PP1_TP6 pid=10488) WARNING 08-05 07:54:50 [vllm.py:1251] Inductor compilation was disabled by user settings, optimizations settings that are only active during inductor compilation will be ignored.
(Worker_PP1_TP6 pid=10488) INFO 08-05 07:54:50 [kernel.py:303] Final IR op priority after setting platform defaults: IrOpPriorityConfig(rms_norm=['vllm_c', 'native'], fused_add_rms_norm=['vllm_c', 'native'])
(Worker_PP1_TP6 pid=10488) INFO 08-05 07:54:50 [interface.py:911] Setting attention block size to 768 tokens to ensure that attention page size is >= mamba page size.
(Worker_PP1_TP6 pid=10488) INFO 08-05 07:54:50 [interface.py:935] Padding mamba page size by 8.68% to ensure that mamba page size and attention page size are exactly equal.
(Worker_PP1_TP1 pid=10483) INFO 08-05 07:54:51 [model_runner.py:309] Model loading took 96.47 GiB and 98.449199 seconds
(Worker_PP1_TP1 pid=10483) INFO 08-05 07:54:51 [interface.py:635] Setting kv cache block size to 64 for FLASHMLA backend.
(Worker_PP1_TP1 pid=10483) WARNING 08-05 07:54:51 [vllm.py:1251] Inductor compilation was disabled by user settings, optimizations settings that are only active during inductor compilation will be ignored.
(Worker_PP1_TP1 pid=10483) INFO 08-05 07:54:51 [kernel.py:303] Final IR op priority after setting platform defaults: IrOpPriorityConfig(rms_norm=['vllm_c', 'native'], fused_add_rms_norm=['vllm_c', 'native'])
(Worker_PP1_TP1 pid=10483) WARNING 08-05 07:54:51 [vllm.py:1251] Inductor compilation was disabled by user settings, optimizations settings that are only active during inductor compilation will be ignored.
(Worker_PP1_TP1 pid=10483) INFO 08-05 07:54:51 [kernel.py:303] Final IR op priority after setting platform defaults: IrOpPriorityConfig(rms_norm=['vllm_c', 'native'], fused_add_rms_norm=['vllm_c', 'native'])
(Worker_PP1_TP1 pid=10483) INFO 08-05 07:54:51 [interface.py:911] Setting attention block size to 768 tokens to ensure that attention page size is >= mamba page size.
(Worker_PP1_TP1 pid=10483) INFO 08-05 07:54:51 [interface.py:935] Padding mamba page size by 8.68% to ensure that mamba page size and attention page size are exactly equal.
(Worker_PP1_TP3 pid=10485) INFO 08-05 07:54:52 [model_runner.py:309] Model loading took 96.47 GiB and 99.041245 seconds
(Worker_PP1_TP3 pid=10485) INFO 08-05 07:54:52 [interface.py:635] Setting kv cache block size to 64 for FLASHMLA backend.
(Worker_PP1_TP3 pid=10485) WARNING 08-05 07:54:52 [vllm.py:1251] Inductor compilation was disabled by user settings, optimizations settings that are only active during inductor compilation will be ignored.
(Worker_PP1_TP3 pid=10485) INFO 08-05 07:54:52 [kernel.py:303] Final IR op priority after setting platform defaults: IrOpPriorityConfig(rms_norm=['vllm_c', 'native'], fused_add_rms_norm=['vllm_c', 'native'])
(Worker_PP1_TP3 pid=10485) WARNING 08-05 07:54:52 [vllm.py:1251] Inductor compilation was disabled by user settings, optimizations settings that are only active during inductor compilation will be ignored.
(Worker_PP1_TP3 pid=10485) INFO 08-05 07:54:52 [kernel.py:303] Final IR op priority after setting platform defaults: IrOpPriorityConfig(rms_norm=['vllm_c', 'native'], fused_add_rms_norm=['vllm_c', 'native'])
(Worker_PP1_TP3 pid=10485) INFO 08-05 07:54:52 [interface.py:911] Setting attention block size to 768 tokens to ensure that attention page size is >= mamba page size.
(Worker_PP1_TP3 pid=10485) INFO 08-05 07:54:52 [interface.py:935] Padding mamba page size by 8.68% to ensure that mamba page size and attention page size are exactly equal.
(Worker_PP1_TP0 pid=10482) INFO 08-05 07:54:52 [default_loader.py:430] Loading weights took 97.87 seconds
(Worker_PP1_TP0 pid=10482) INFO 08-05 07:54:52 [mxfp4.py:1718] Using MoEPrepareAndFinalizeNoDPEPModular
(Worker_PP1_TP0 pid=10482) INFO 08-05 07:54:52 [mxfp4.py:1719] Using HummingIndexedExperts
(Worker_PP1_TP2 pid=10484) INFO 08-05 07:54:53 [model_runner.py:309] Model loading took 96.47 GiB and 100.638158 seconds
(Worker_PP1_TP5 pid=10487) INFO 08-05 07:54:53 [model_runner.py:309] Model loading took 96.47 GiB and 100.632017 seconds
(Worker_PP1_TP4 pid=10486) INFO 08-05 07:54:53 [model_runner.py:309] Model loading took 96.47 GiB and 100.621960 seconds
(Worker_PP1_TP2 pid=10484) INFO 08-05 07:54:53 [interface.py:635] Setting kv cache block size to 64 for FLASHMLA backend.
(Worker_PP1_TP2 pid=10484) WARNING 08-05 07:54:53 [vllm.py:1251] Inductor compilation was disabled by user settings, optimizations settings that are only active during inductor compilation will be ignored.
(Worker_PP1_TP2 pid=10484) INFO 08-05 07:54:53 [kernel.py:303] Final IR op priority after setting platform defaults: IrOpPriorityConfig(rms_norm=['vllm_c', 'native'], fused_add_rms_norm=['vllm_c', 'native'])
(Worker_PP1_TP5 pid=10487) INFO 08-05 07:54:53 [interface.py:635] Setting kv cache block size to 64 for FLASHMLA backend.
(Worker_PP1_TP5 pid=10487) WARNING 08-05 07:54:53 [vllm.py:1251] Inductor compilation was disabled by user settings, optimizations settings that are only active during inductor compilation will be ignored.
(Worker_PP1_TP5 pid=10487) INFO 08-05 07:54:53 [kernel.py:303] Final IR op priority after setting platform defaults: IrOpPriorityConfig(rms_norm=['vllm_c', 'native'], fused_add_rms_norm=['vllm_c', 'native'])
(Worker_PP1_TP4 pid=10486) INFO 08-05 07:54:53 [interface.py:635] Setting kv cache block size to 64 for FLASHMLA backend.
(Worker_PP1_TP4 pid=10486) WARNING 08-05 07:54:53 [vllm.py:1251] Inductor compilation was disabled by user settings, optimizations settings that are only active during inductor compilation will be ignored.
(Worker_PP1_TP4 pid=10486) INFO 08-05 07:54:53 [kernel.py:303] Final IR op priority after setting platform defaults: IrOpPriorityConfig(rms_norm=['vllm_c', 'native'], fused_add_rms_norm=['vllm_c', 'native'])
(Worker_PP1_TP2 pid=10484) WARNING 08-05 07:54:53 [vllm.py:1251] Inductor compilation was disabled by user settings, optimizations settings that are only active during inductor compilation will be ignored.
(Worker_PP1_TP2 pid=10484) INFO 08-05 07:54:53 [kernel.py:303] Final IR op priority after setting platform defaults: IrOpPriorityConfig(rms_norm=['vllm_c', 'native'], fused_add_rms_norm=['vllm_c', 'native'])
(Worker_PP1_TP5 pid=10487) WARNING 08-05 07:54:53 [vllm.py:1251] Inductor compilation was disabled by user settings, optimizations settings that are only active during inductor compilation will be ignored.
(Worker_PP1_TP5 pid=10487) INFO 08-05 07:54:53 [kernel.py:303] Final IR op priority after setting platform defaults: IrOpPriorityConfig(rms_norm=['vllm_c', 'native'], fused_add_rms_norm=['vllm_c', 'native'])
(Worker_PP1_TP4 pid=10486) WARNING 08-05 07:54:53 [vllm.py:1251] Inductor compilation was disabled by user settings, optimizations settings that are only active during inductor compilation will be ignored.
(Worker_PP1_TP4 pid=10486) INFO 08-05 07:54:53 [kernel.py:303] Final IR op priority after setting platform defaults: IrOpPriorityConfig(rms_norm=['vllm_c', 'native'], fused_add_rms_norm=['vllm_c', 'native'])
(Worker_PP1_TP5 pid=10487) INFO 08-05 07:54:53 [interface.py:911] Setting attention block size to 768 tokens to ensure that attention page size is >= mamba page size.
(Worker_PP1_TP5 pid=10487) INFO 08-05 07:54:53 [interface.py:935] Padding mamba page size by 8.68% to ensure that mamba page size and attention page size are exactly equal.
(Worker_PP1_TP2 pid=10484) INFO 08-05 07:54:53 [interface.py:911] Setting attention block size to 768 tokens to ensure that attention page size is >= mamba page size.
(Worker_PP1_TP2 pid=10484) INFO 08-05 07:54:53 [interface.py:935] Padding mamba page size by 8.68% to ensure that mamba page size and attention page size are exactly equal.
(Worker_PP1_TP4 pid=10486) INFO 08-05 07:54:53 [interface.py:911] Setting attention block size to 768 tokens to ensure that attention page size is >= mamba page size.
(Worker_PP1_TP4 pid=10486) INFO 08-05 07:54:53 [interface.py:935] Padding mamba page size by 8.68% to ensure that mamba page size and attention page size are exactly equal.
(Worker_PP1_TP0 pid=10482) INFO 08-05 07:54:53 [model_runner.py:309] Model loading took 96.47 GiB and 100.900291 seconds
(Worker_PP1_TP0 pid=10482) INFO 08-05 07:54:54 [interface.py:635] Setting kv cache block size to 64 for FLASHMLA backend.
(Worker_PP1_TP0 pid=10482) WARNING 08-05 07:54:54 [vllm.py:1251] Inductor compilation was disabled by user settings, optimizations settings that are only active during inductor compilation will be ignored.
(Worker_PP1_TP0 pid=10482) INFO 08-05 07:54:54 [kernel.py:303] Final IR op priority after setting platform defaults: IrOpPriorityConfig(rms_norm=['vllm_c', 'native'], fused_add_rms_norm=['vllm_c', 'native'])
(Worker_PP1_TP0 pid=10482) WARNING 08-05 07:54:54 [vllm.py:1251] Inductor compilation was disabled by user settings, optimizations settings that are only active during inductor compilation will be ignored.
(Worker_PP1_TP0 pid=10482) INFO 08-05 07:54:54 [kernel.py:303] Final IR op priority after setting platform defaults: IrOpPriorityConfig(rms_norm=['vllm_c', 'native'], fused_add_rms_norm=['vllm_c', 'native'])
(Worker_PP1_TP0 pid=10482) INFO 08-05 07:54:54 [interface.py:911] Setting attention block size to 768 tokens to ensure that attention page size is >= mamba page size.
(Worker_PP1_TP0 pid=10482) INFO 08-05 07:54:54 [interface.py:935] Padding mamba page size by 8.68% to ensure that mamba page size and attention page size are exactly equal.
(Worker_PP1_TP0 pid=10482) INFO 08-05 07:55:02 [gpu_worker.py:549] Available KV cache memory: 24.87 GiB
(Worker_PP1_TP4 pid=10486) (Worker_PP1_TP1 pid=10483) (Worker_PP1_TP5 pid=10487) (Worker_PP1_TP6 pid=10488) (Worker_PP1_TP0 pid=10482) INFO 08-05 07:55:06 [factory.py:62] Creating v1 connector with name: OffloadingConnector and engine_id: d2d2be6e-bd46-423a-8e86-8016dc1ef6f9
(Worker_PP1_TP7 pid=10489) INFO 08-05 07:55:06 [factory.py:62] Creating v1 connector with name: OffloadingConnector and engine_id: d2d2be6e-bd46-423a-8e86-8016dc1ef6f9
INFO 08-05 07:55:06 [factory.py:62] Creating v1 connector with name: OffloadingConnector and engine_id: d2d2be6e-bd46-423a-8e86-8016dc1ef6f9
INFO 08-05 07:55:06 [factory.py:62] Creating v1 connector with name: OffloadingConnector and engine_id: d2d2be6e-bd46-423a-8e86-8016dc1ef6f9
INFO 08-05 07:55:06 [factory.py:62] Creating v1 connector with name: OffloadingConnector and engine_id: d2d2be6e-bd46-423a-8e86-8016dc1ef6f9
INFO 08-05 07:55:06 [factory.py:62] Creating v1 connector with name: OffloadingConnector and engine_id: d2d2be6e-bd46-423a-8e86-8016dc1ef6f9
(Worker_PP1_TP3 pid=10485) (Worker_PP1_TP2 pid=10484) (Worker_PP1_TP4 pid=10486) (Worker_PP1_TP0 pid=10482) INFO 08-05 07:55:06 [factory.py:62] Creating v1 connector with name: OffloadingConnector and engine_id: d2d2be6e-bd46-423a-8e86-8016dc1ef6f9
(Worker_PP1_TP1 pid=10483) (Worker_PP1_TP5 pid=10487) (Worker_PP1_TP6 pid=10488) INFO 08-05 07:55:06 [factory.py:62] Creating v1 connector with name: OffloadingConnector and engine_id: d2d2be6e-bd46-423a-8e86-8016dc1ef6f9
WARNING 08-05 07:55:06 [base.py:190] Initializing KVConnectorBase_V1. This API is experimental and subject to change in the future as we iterate the design.
(Worker_PP1_TP7 pid=10489) WARNING 08-05 07:55:06 [base.py:190] Initializing KVConnectorBase_V1. This API is experimental and subject to change in the future as we iterate the design.
WARNING 08-05 07:55:06 [base.py:190] Initializing KVConnectorBase_V1. This API is experimental and subject to change in the future as we iterate the design.
WARNING 08-05 07:55:06 [base.py:190] Initializing KVConnectorBase_V1. This API is experimental and subject to change in the future as we iterate the design.
WARNING 08-05 07:55:06 [base.py:190] Initializing KVConnectorBase_V1. This API is experimental and subject to change in the future as we iterate the design.
WARNING 08-05 07:55:06 [base.py:190] Initializing KVConnectorBase_V1. This API is experimental and subject to change in the future as we iterate the design.
(Worker_PP1_TP3 pid=10485) WARNING 08-05 07:55:06 [base.py:190] Initializing KVConnectorBase_V1. This API is experimental and subject to change in the future as we iterate the design.
(Worker_PP1_TP2 pid=10484) WARNING 08-05 07:55:06 [base.py:190] Initializing KVConnectorBase_V1. This API is experimental and subject to change in the future as we iterate the design.
(Worker_PP1_TP4 pid=10486) (Worker_PP1_TP1 pid=10483) (Worker_PP1_TP5 pid=10487) (Worker_PP1_TP7 pid=10489) INFO 08-05 07:55:06 [factory.py:47] Creating offloading spec with name: CPUOffloadingSpec
INFO 08-05 07:55:06 [factory.py:47] Creating offloading spec with name: CPUOffloadingSpec
INFO 08-05 07:55:06 [factory.py:47] Creating offloading spec with name: CPUOffloadingSpec
(Worker_PP1_TP6 pid=10488) INFO 08-05 07:55:06 [factory.py:47] Creating offloading spec with name: CPUOffloadingSpec
INFO 08-05 07:55:06 [factory.py:47] Creating offloading spec with name: CPUOffloadingSpec
(Worker_PP1_TP2 pid=10484) (Worker_PP1_TP4 pid=10486) (Worker_PP1_TP1 pid=10483) (Worker_PP1_TP5 pid=10487) INFO 08-05 07:55:06 [factory.py:47] Creating offloading spec with name: CPUOffloadingSpec
(Worker_PP1_TP0 pid=10482) WARNING 08-05 07:55:06 [base.py:493] Initializing OffloadingSpec. This API is experimental and subject to change in the future as we iterate the design.
(Worker_PP1_TP3 pid=10485) WARNING 08-05 07:55:06 [base.py:493] Initializing OffloadingSpec. This API is experimental and subject to change in the future as we iterate the design.
INFO 08-05 07:55:06 [factory.py:47] Creating offloading spec with name: CPUOffloadingSpec
(Worker_PP1_TP7 pid=10489) (Worker_PP1_TP6 pid=10488) WARNING 08-05 07:55:06 [base.py:493] Initializing OffloadingSpec. This API is experimental and subject to change in the future as we iterate the design.
INFO 08-05 07:55:06 [factory.py:47] Creating offloading spec with name: CPUOffloadingSpec
WARNING 08-05 07:55:06 [base.py:493] Initializing OffloadingSpec. This API is experimental and subject to change in the future as we iterate the design.
(Worker_PP1_TP2 pid=10484) WARNING 08-05 07:55:06 [base.py:493] Initializing OffloadingSpec. This API is experimental and subject to change in the future as we iterate the design.
WARNING 08-05 07:55:06 [base.py:493] Initializing OffloadingSpec. This API is experimental and subject to change in the future as we iterate the design.
(Worker_PP1_TP3 pid=10485) WARNING 08-05 07:55:06 [base.py:493] Initializing OffloadingSpec. This API is experimental and subject to change in the future as we iterate the design.
(Worker_PP1_TP0 pid=10482) WARNING 08-05 07:55:06 [base.py:493] Initializing OffloadingSpec. This API is experimental and subject to change in the future as we iterate the design.
(Worker_PP1_TP4 pid=10486) INFO 08-05 07:55:06 [gpu_worker.py:480] Allocating 13 CPU tensors...
(Worker_PP1_TP1 pid=10483) INFO 08-05 07:55:06 [gpu_worker.py:480] Allocating 13 CPU tensors...
(Worker_PP1_TP7 pid=10489) INFO 08-05 07:55:06 [gpu_worker.py:480] Allocating 13 CPU tensors...
(Worker_PP1_TP3 pid=10485) INFO 08-05 07:55:06 [gpu_worker.py:480] Allocating 13 CPU tensors...
(Worker_PP1_TP5 pid=10487) (Worker_PP1_TP6 pid=10488) INFO 08-05 07:55:06 [gpu_worker.py:480] Allocating 13 CPU tensors...
INFO 08-05 07:55:06 [gpu_worker.py:480] Allocating 13 CPU tensors...
(Worker_PP1_TP2 pid=10484) INFO 08-05 07:55:06 [gpu_worker.py:480] Allocating 13 CPU tensors...
(Worker_PP1_TP0 pid=10482) INFO 08-05 07:55:06 [gpu_worker.py:480] Allocating 13 CPU tensors...
(Worker_PP1_TP2 pid=10484) INFO 08-05 07:55:17 [kernel_warmup.py:127] Skipping FlashInfer autotune because it is disabled.
(Worker_PP1_TP2 pid=10484) INFO 08-05 07:55:17 [kernel_warmup.py:71] Warming up ll_bf16 router GEMM kernels.
(Worker_PP1_TP6 pid=10488) INFO 08-05 07:55:17 [kernel_warmup.py:127] Skipping FlashInfer autotune because it is disabled.
(Worker_PP1_TP6 pid=10488) INFO 08-05 07:55:17 [kernel_warmup.py:71] Warming up ll_bf16 router GEMM kernels.
(Worker_PP1_TP3 pid=10485) INFO 08-05 07:55:17 [kernel_warmup.py:127] Skipping FlashInfer autotune because it is disabled.
(Worker_PP1_TP1 pid=10483) INFO 08-05 07:55:17 [kernel_warmup.py:127] Skipping FlashInfer autotune because it is disabled.
(Worker_PP1_TP3 pid=10485) INFO 08-05 07:55:17 [kernel_warmup.py:71] Warming up ll_bf16 router GEMM kernels.
(Worker_PP1_TP1 pid=10483) INFO 08-05 07:55:17 [kernel_warmup.py:71] Warming up ll_bf16 router GEMM kernels.
(Worker_PP1_TP4 pid=10486) INFO 08-05 07:55:17 [kernel_warmup.py:127] Skipping FlashInfer autotune because it is disabled.
(Worker_PP1_TP4 pid=10486) INFO 08-05 07:55:17 [kernel_warmup.py:71] Warming up ll_bf16 router GEMM kernels.
(Worker_PP1_TP7 pid=10489) INFO 08-05 07:55:17 [kernel_warmup.py:127] Skipping FlashInfer autotune because it is disabled.
(Worker_PP1_TP7 pid=10489) INFO 08-05 07:55:17 [kernel_warmup.py:71] Warming up ll_bf16 router GEMM kernels.
(Worker_PP1_TP0 pid=10482) INFO 08-05 07:55:17 [kernel_warmup.py:127] Skipping FlashInfer autotune because it is disabled.
(Worker_PP1_TP0 pid=10482) INFO 08-05 07:55:17 [kernel_warmup.py:71] Warming up ll_bf16 router GEMM kernels.
(Worker_PP1_TP5 pid=10487) INFO 08-05 07:55:17 [kernel_warmup.py:127] Skipping FlashInfer autotune because it is disabled.
(Worker_PP1_TP5 pid=10487) INFO 08-05 07:55:17 [kernel_warmup.py:71] Warming up ll_bf16 router GEMM kernels.
(Worker_PP1_TP0 pid=10482) INFO 08-05 07:55:24 [cutedsl_warmup.py:105] Skipping CuTeDSL warmup because no compile units were requested.
(Worker_PP1_TP3 pid=10485) INFO 08-05 07:55:24 [cutedsl_warmup.py:105] Skipping CuTeDSL warmup because no compile units were requested.
(Worker_PP1_TP2 pid=10484) INFO 08-05 07:55:24 [cutedsl_warmup.py:105] Skipping CuTeDSL warmup because no compile units were requested.
(Worker_PP1_TP7 pid=10489) INFO 08-05 07:55:24 [cutedsl_warmup.py:105] Skipping CuTeDSL warmup because no compile units were requested.
(Worker_PP1_TP5 pid=10487) INFO 08-05 07:55:24 [cutedsl_warmup.py:105] Skipping CuTeDSL warmup because no compile units were requested.
(Worker_PP1_TP1 pid=10483) INFO 08-05 07:55:24 [cutedsl_warmup.py:105] Skipping CuTeDSL warmup because no compile units were requested.
(Worker_PP1_TP4 pid=10486) INFO 08-05 07:55:24 [cutedsl_warmup.py:105] Skipping CuTeDSL warmup because no compile units were requested.
(Worker_PP1_TP6 pid=10488) INFO 08-05 07:55:24 [cutedsl_warmup.py:105] Skipping CuTeDSL warmup because no compile units were requested.
(Worker_PP1_TP0 pid=10482) INFO 08-05 07:55:25 [breakable_cudagraph.py:288] Breakable CUDA graph enabled
(Worker_PP1_TP0 pid=10482) INFO 08-05 07:55:25 [flashinfer_all_reduce.py:121] Auto-selected flashinfer allreduce backend: mnnvl
(Worker_PP1_TP0 pid=10482) /usr/local/lib/python3.12/dist-packages/torch/distributed/c10d_logger.py:83: UserWarning: barrier(): using the device under current context. You can specify `device_id` in `init_process_group` to mute this warning.
(Worker_PP1_TP0 pid=10482)   return func(*args, **kwargs)
(Worker_PP1_TP0 pid=10482) INFO 08-05 07:55:26 [flashinfer_all_reduce.py:170] Initialized FlashInfer Allreduce norm fusion workspace with backend=mnnvl
(Worker_PP1_TP0 pid=10482) INFO 08-05 07:55:34 [model_runner.py:766] Graph capturing finished in 10 secs, took 1.42 GiB
(Worker_PP1_TP0 pid=10482) INFO 08-05 07:55:34 [gpu_worker.py:775] Free memory on device (137.75/139.8 GiB) on startup. Desired GPU memory utilization is (0.9, 125.82 GiB). Actual usage is 98.49 GiB for consumed memory (weights + non-torch), 2.46 GiB for peak activation, and 1.42 GiB for CUDAGraph memory. Replace gpu_memory_utilization config with `--kv-cache-memory=25018123469` (23.3 GiB) to fit into requested memory, or `--kv-cache-memory=37830522880` (35.23 GiB) to fully utilize gpu memory. Current kv cache memory in use is 24.87 GiB.
(Worker_PP1_TP3 pid=10485) INFO 08-05 07:55:34 [model_runner.py:766] Graph capturing finished in 10 secs, took 1.42 GiB
(Worker_PP1_TP3 pid=10485) INFO 08-05 07:55:34 [gpu_worker.py:775] Free memory on device (137.75/139.8 GiB) on startup. Desired GPU memory utilization is (0.9, 125.82 GiB). Actual usage is 98.49 GiB for consumed memory (weights + non-torch), 2.46 GiB for peak activation, and 1.42 GiB for CUDAGraph memory. Replace gpu_memory_utilization config with `--kv-cache-memory=25018123469` (23.3 GiB) to fit into requested memory, or `--kv-cache-memory=37830522880` (35.23 GiB) to fully utilize gpu memory. Current kv cache memory in use is 24.87 GiB.
(Worker_PP1_TP5 pid=10487) INFO 08-05 07:55:34 [model_runner.py:766] Graph capturing finished in 10 secs, took 1.42 GiB
(Worker_PP1_TP5 pid=10487) INFO 08-05 07:55:34 [gpu_worker.py:775] Free memory on device (137.75/139.8 GiB) on startup. Desired GPU memory utilization is (0.9, 125.82 GiB). Actual usage is 98.49 GiB for consumed memory (weights + non-torch), 2.46 GiB for peak activation, and 1.42 GiB for CUDAGraph memory. Replace gpu_memory_utilization config with `--kv-cache-memory=25016026317` (23.3 GiB) to fit into requested memory, or `--kv-cache-memory=37828425728` (35.23 GiB) to fully utilize gpu memory. Current kv cache memory in use is 24.87 GiB.
(Worker_PP1_TP2 pid=10484) INFO 08-05 07:55:34 [model_runner.py:766] Graph capturing finished in 10 secs, took 1.42 GiB
(Worker_PP1_TP4 pid=10486) INFO 08-05 07:55:34 [model_runner.py:766] Graph capturing finished in 10 secs, took 1.42 GiB
(Worker_PP1_TP2 pid=10484) INFO 08-05 07:55:34 [gpu_worker.py:775] Free memory on device (137.75/139.8 GiB) on startup. Desired GPU memory utilization is (0.9, 125.82 GiB). Actual usage is 98.49 GiB for consumed memory (weights + non-torch), 2.46 GiB for peak activation, and 1.42 GiB for CUDAGraph memory. Replace gpu_memory_utilization config with `--kv-cache-memory=25018123469` (23.3 GiB) to fit into requested memory, or `--kv-cache-memory=37830522880` (35.23 GiB) to fully utilize gpu memory. Current kv cache memory in use is 24.87 GiB.
(Worker_PP1_TP4 pid=10486) INFO 08-05 07:55:34 [gpu_worker.py:775] Free memory on device (137.72/139.8 GiB) on startup. Desired GPU memory utilization is (0.9, 125.82 GiB). Actual usage is 98.49 GiB for consumed memory (weights + non-torch), 2.46 GiB for peak activation, and 1.42 GiB for CUDAGraph memory. Replace gpu_memory_utilization config with `--kv-cache-memory=25018123469` (23.3 GiB) to fit into requested memory, or `--kv-cache-memory=37788579840` (35.19 GiB) to fully utilize gpu memory. Current kv cache memory in use is 24.87 GiB.
(Worker_PP1_TP7 pid=10489) INFO 08-05 07:55:34 [model_runner.py:766] Graph capturing finished in 10 secs, took 1.42 GiB
(Worker_PP1_TP7 pid=10489) INFO 08-05 07:55:34 [gpu_worker.py:775] Free memory on device (137.75/139.8 GiB) on startup. Desired GPU memory utilization is (0.9, 125.82 GiB). Actual usage is 98.49 GiB for consumed memory (weights + non-torch), 2.46 GiB for peak activation, and 1.42 GiB for CUDAGraph memory. Replace gpu_memory_utilization config with `--kv-cache-memory=25018123469` (23.3 GiB) to fit into requested memory, or `--kv-cache-memory=37830522880` (35.23 GiB) to fully utilize gpu memory. Current kv cache memory in use is 24.87 GiB.
(Worker_PP1_TP6 pid=10488) INFO 08-05 07:55:34 [model_runner.py:766] Graph capturing finished in 10 secs, took 1.42 GiB
(Worker_PP1_TP6 pid=10488) INFO 08-05 07:55:34 [gpu_worker.py:775] Free memory on device (137.75/139.8 GiB) on startup. Desired GPU memory utilization is (0.9, 125.82 GiB). Actual usage is 98.49 GiB for consumed memory (weights + non-torch), 2.46 GiB for peak activation, and 1.42 GiB for CUDAGraph memory. Replace gpu_memory_utilization config with `--kv-cache-memory=25016026317` (23.3 GiB) to fit into requested memory, or `--kv-cache-memory=37828425728` (35.23 GiB) to fully utilize gpu memory. Current kv cache memory in use is 24.87 GiB.
(Worker_PP1_TP1 pid=10483) INFO 08-05 07:55:34 [model_runner.py:766] Graph capturing finished in 10 secs, took 1.42 GiB
(Worker_PP1_TP1 pid=10483) INFO 08-05 07:55:34 [gpu_worker.py:775] Free memory on device (137.75/139.8 GiB) on startup. Desired GPU memory utilization is (0.9, 125.82 GiB). Actual usage is 98.49 GiB for consumed memory (weights + non-torch), 2.46 GiB for peak activation, and 1.42 GiB for CUDAGraph memory. Replace gpu_memory_utilization config with `--kv-cache-memory=25016026317` (23.3 GiB) to fit into requested memory, or `--kv-cache-memory=37828425728` (35.23 GiB) to fully utilize gpu memory. Current kv cache memory in use is 24.87 GiB.
[rank12]:[W805 07:55:35.052057752 ProcessGroupNCCL.cpp:4173] Warning: An unbatched P2P op (send/recv) was called on this ProcessGroup with size 2.  In lazy initialization mode, this will result in a new 2-rank NCCL communicator to be created. (function operator())
[rank13]:[W805 07:55:35.053225566 ProcessGroupNCCL.cpp:4173] Warning: An unbatched P2P op (send/recv) was called on this ProcessGroup with size 2.  In lazy initialization mode, this will result in a new 2-rank NCCL communicator to be created. (function operator())
[rank9]:[W805 07:55:35.053575428 ProcessGroupNCCL.cpp:4173] Warning: An unbatched P2P op (send/recv) was called on this ProcessGroup with size 2.  In lazy initialization mode, this will result in a new 2-rank NCCL communicator to be created. (function operator())
[rank15]:[W805 07:55:35.054035505 ProcessGroupNCCL.cpp:4173] Warning: An unbatched P2P op (send/recv) was called on this ProcessGroup with size 2.  In lazy initialization mode, this will result in a new 2-rank NCCL communicator to be created. (function operator())
[rank8]:[W805 07:55:35.054086070 ProcessGroupNCCL.cpp:4173] Warning: An unbatched P2P op (send/recv) was called on this ProcessGroup with size 2.  In lazy initialization mode, this will result in a new 2-rank NCCL communicator to be created. (function operator())
[rank14]:[W805 07:55:35.061566406 ProcessGroupNCCL.cpp:4173] Warning: An unbatched P2P op (send/recv) was called on this ProcessGroup with size 2.  In lazy initialization mode, this will result in a new 2-rank NCCL communicator to be created. (function operator())
[rank11]:[W805 07:55:35.063078465 ProcessGroupNCCL.cpp:4173] Warning: An unbatched P2P op (send/recv) was called on this ProcessGroup with size 2.  In lazy initialization mode, this will result in a new 2-rank NCCL communicator to be created. (function operator())
[rank10]:[W805 07:55:35.064314931 ProcessGroupNCCL.cpp:4173] Warning: An unbatched P2P op (send/recv) was called on this ProcessGroup with size 2.  In lazy initialization mode, this will result in a new 2-rank NCCL communicator to be created. (function operator())
(Worker_PP1_TP2 pid=10484) (Worker_PP1_TP3 pid=10485) (Worker_PP1_TP0 pid=10482) INFO 08-05 07:55:36 [jit_monitor.py:79] Kernel JIT monitor activated; monitored JIT compilations during inference will use mode=warn.
INFO 08-05 07:55:36 [jit_monitor.py:79] Kernel JIT monitor activated; monitored JIT compilations during inference will use mode=warn.
INFO 08-05 07:55:36 [jit_monitor.py:79] Kernel JIT monitor activated; monitored JIT compilations during inference will use mode=warn.
(Worker_PP1_TP4 pid=10486) INFO 08-05 07:55:36 [jit_monitor.py:79] Kernel JIT monitor activated; monitored JIT compilations during inference will use mode=warn.
(Worker_PP1_TP5 pid=10487) INFO 08-05 07:55:36 [jit_monitor.py:79] Kernel JIT monitor activated; monitored JIT compilations during inference will use mode=warn.
(Worker_PP1_TP6 pid=10488) INFO 08-05 07:55:36 [jit_monitor.py:79] Kernel JIT monitor activated; monitored JIT compilations during inference will use mode=warn.
(Worker_PP1_TP7 pid=10489) INFO 08-05 07:55:36 [jit_monitor.py:79] Kernel JIT monitor activated; monitored JIT compilations during inference will use mode=warn.
(Worker_PP1_TP1 pid=10483) INFO 08-05 07:55:36 [jit_monitor.py:79] Kernel JIT monitor activated; monitored JIT compilations during inference will use mode=warn.
(Worker_PP1_TP0 pid=10482) WARNING 08-05 07:56:10 [jit_monitor.py:135] Triton kernel JIT compilation during inference: moe_fused_mul_sum_kernel. This causes a latency spike; consider extending warmup to cover this shape/config.
(Worker_PP1_TP3 pid=10485) ERROR 08-05 07:59:50 [multiproc_executor.py:1018] WorkerProc hit an exception.
(Worker_PP1_TP3 pid=10485) ERROR 08-05 07:59:50 [multiproc_executor.py:1018] Traceback (most recent call last):
(Worker_PP1_TP3 pid=10485) ERROR 08-05 07:59:50 [multiproc_executor.py:1018]   File "/usr/local/lib/python3.12/dist-packages/vllm/v1/executor/multiproc_executor.py", line 1010, in worker_busy_loop
(Worker_PP1_TP3 pid=10485) ERROR 08-05 07:59:50 [multiproc_executor.py:1018]     output = func(*args, **kwargs)
(Worker_PP1_TP3 pid=10485) ERROR 08-05 07:59:50 [multiproc_executor.py:1018]              ^^^^^^^^^^^^^^^^^^^^^
(Worker_PP1_TP3 pid=10485) (Worker_PP1_TP6 pid=10488) ERROR 08-05 07:59:50 [multiproc_executor.py:1018]   File "/usr/local/lib/python3.12/dist-packages/vllm/v1/worker/worker_base.py", line 351, in execute_model
(Worker_PP1_TP7 pid=10489) (Worker_PP1_TP2 pid=10484) (Worker_PP1_TP4 pid=10486) (Worker_PP1_TP3 pid=10485) ERROR 08-05 07:59:50 [multiproc_executor.py:1018] WorkerProc hit an exception.
ERROR 08-05 07:59:50 [multiproc_executor.py:1018] WorkerProc hit an exception.
(Worker_PP1_TP6 pid=10488) ERROR 08-05 07:59:50 [multiproc_executor.py:1018] WorkerProc hit an exception.
ERROR 08-05 07:59:50 [multiproc_executor.py:1018]     return self.worker.execute_model(scheduler_output)
ERROR 08-05 07:59:50 [multiproc_executor.py:1018] WorkerProc hit an exception.
(Worker_PP1_TP7 pid=10489) (Worker_PP1_TP5 pid=10487) ERROR 08-05 07:59:50 [multiproc_executor.py:1018] Traceback (most recent call last):
(Worker_PP1_TP2 pid=10484) (Worker_PP1_TP3 pid=10485) ERROR 08-05 07:59:50 [multiproc_executor.py:1018] Traceback (most recent call last):
(Worker_PP1_TP4 pid=10486) ERROR 08-05 07:59:50 [multiproc_executor.py:1018] Traceback (most recent call last):
(Worker_PP1_TP6 pid=10488) ERROR 08-05 07:59:50 [multiproc_executor.py:1018] WorkerProc hit an exception.
ERROR 08-05 07:59:50 [multiproc_executor.py:1018]            ^^^^^^^^^^^^^^^^^^^^^^^^^^^^^^^^^^^^^^^^^^^
(Worker_PP1_TP0 pid=10482) (Worker_PP1_TP2 pid=10484) ERROR 08-05 07:59:50 [multiproc_executor.py:1018] Traceback (most recent call last):
(Worker_PP1_TP7 pid=10489) ERROR 08-05 07:59:50 [multiproc_executor.py:1018]   File "/usr/local/lib/python3.12/dist-packages/vllm/v1/executor/multiproc_executor.py", line 1010, in worker_busy_loop
(Worker_PP1_TP3 pid=10485) (Worker_PP1_TP5 pid=10487) ERROR 08-05 07:59:50 [multiproc_executor.py:1018]   File "/usr/local/lib/python3.12/dist-packages/vllm/v1/executor/multiproc_executor.py", line 1010, in worker_busy_loop
ERROR 08-05 07:59:50 [multiproc_executor.py:1018] WorkerProc hit an exception.
(Worker_PP1_TP4 pid=10486) ERROR 08-05 07:59:50 [multiproc_executor.py:1018]   File "/usr/local/lib/python3.12/dist-packages/vllm/v1/executor/multiproc_executor.py", line 1010, in worker_busy_loop
(Worker_PP1_TP6 pid=10488) ERROR 08-05 07:59:50 [multiproc_executor.py:1018]   File "/usr/local/lib/python3.12/dist-packages/torch/utils/_contextlib.py", line 124, in decorate_context
ERROR 08-05 07:59:50 [multiproc_executor.py:1018] Traceback (most recent call last):
(Worker_PP1_TP2 pid=10484) (Worker_PP1_TP0 pid=10482) ERROR 08-05 07:59:50 [multiproc_executor.py:1018]   File "/usr/local/lib/python3.12/dist-packages/vllm/v1/executor/multiproc_executor.py", line 1010, in worker_busy_loop
(Worker_PP1_TP7 pid=10489) ERROR 08-05 07:59:50 [multiproc_executor.py:1018]     output = func(*args, **kwargs)
(Worker_PP1_TP3 pid=10485) (Worker_PP1_TP5 pid=10487) ERROR 08-05 07:59:50 [multiproc_executor.py:1018]     output = func(*args, **kwargs)
ERROR 08-05 07:59:50 [multiproc_executor.py:1018] Traceback (most recent call last):
(Worker_PP1_TP4 pid=10486) ERROR 08-05 07:59:50 [multiproc_executor.py:1018]     output = func(*args, **kwargs)
(Worker_PP1_TP6 pid=10488) ERROR 08-05 07:59:50 [multiproc_executor.py:1018]     return func(*args, **kwargs)
ERROR 08-05 07:59:50 [multiproc_executor.py:1018]   File "/usr/local/lib/python3.12/dist-packages/vllm/v1/executor/multiproc_executor.py", line 1010, in worker_busy_loop
(Worker_PP1_TP2 pid=10484) (Worker_PP1_TP0 pid=10482) ERROR 08-05 07:59:50 [multiproc_executor.py:1018]     output = func(*args, **kwargs)
(Worker_PP1_TP7 pid=10489) ERROR 08-05 07:59:50 [multiproc_executor.py:1018]              ^^^^^^^^^^^^^^^^^^^^^
ERROR 08-05 07:59:50 [multiproc_executor.py:1018]              ^^^^^^^^^^^^^^^^^^^^^
(Worker_PP1_TP3 pid=10485) (Worker_PP1_TP5 pid=10487) ERROR 08-05 07:59:50 [multiproc_executor.py:1018]              ^^^^^^^^^^^^^^^^^^^^^
ERROR 08-05 07:59:50 [multiproc_executor.py:1018]   File "/usr/local/lib/python3.12/dist-packages/vllm/v1/executor/multiproc_executor.py", line 1010, in worker_busy_loop
(Worker_PP1_TP4 pid=10486) (Worker_PP1_TP6 pid=10488) (Worker_PP1_TP7 pid=10489) ERROR 08-05 07:59:50 [multiproc_executor.py:1018]            ^^^^^^^^^^^^^^^^^^^^^
ERROR 08-05 07:59:50 [multiproc_executor.py:1018]     output = func(*args, **kwargs)
(Worker_PP1_TP2 pid=10484) (Worker_PP1_TP0 pid=10482) ERROR 08-05 07:59:50 [multiproc_executor.py:1018]              ^^^^^^^^^^^^^^^^^^^^^
ERROR 08-05 07:59:50 [multiproc_executor.py:1018]   File "/usr/local/lib/python3.12/dist-packages/vllm/v1/worker/worker_base.py", line 351, in execute_model
ERROR 08-05 07:59:50 [multiproc_executor.py:1018]   File "/usr/local/lib/python3.12/dist-packages/vllm/v1/worker/worker_base.py", line 351, in execute_model
(Worker_PP1_TP3 pid=10485) (Worker_PP1_TP5 pid=10487) ERROR 08-05 07:59:50 [multiproc_executor.py:1018]   File "/usr/local/lib/python3.12/dist-packages/vllm/v1/worker/worker_base.py", line 351, in execute_model
ERROR 08-05 07:59:50 [multiproc_executor.py:1018]     output = func(*args, **kwargs)
(Worker_PP1_TP4 pid=10486) (Worker_PP1_TP6 pid=10488) (Worker_PP1_TP7 pid=10489) ERROR 08-05 07:59:50 [multiproc_executor.py:1018]   File "/usr/local/lib/python3.12/dist-packages/vllm/v1/worker/gpu_worker.py", line 1065, in execute_model
ERROR 08-05 07:59:50 [multiproc_executor.py:1018]              ^^^^^^^^^^^^^^^^^^^^^
(Worker_PP1_TP2 pid=10484) (Worker_PP1_TP0 pid=10482) ERROR 08-05 07:59:50 [multiproc_executor.py:1018]   File "/usr/local/lib/python3.12/dist-packages/vllm/v1/worker/worker_base.py", line 351, in execute_model
ERROR 08-05 07:59:50 [multiproc_executor.py:1018]     return self.worker.execute_model(scheduler_output)
ERROR 08-05 07:59:50 [multiproc_executor.py:1018]     return self.worker.execute_model(scheduler_output)
(Worker_PP1_TP3 pid=10485) (Worker_PP1_TP5 pid=10487) ERROR 08-05 07:59:50 [multiproc_executor.py:1018]     return self.worker.execute_model(scheduler_output)
ERROR 08-05 07:59:50 [multiproc_executor.py:1018]              ^^^^^^^^^^^^^^^^^^^^^
(Worker_PP1_TP4 pid=10486) (Worker_PP1_TP6 pid=10488) (Worker_PP1_TP7 pid=10489) ERROR 08-05 07:59:50 [multiproc_executor.py:1018]     output = self.model_runner.execute_model(
ERROR 08-05 07:59:50 [multiproc_executor.py:1018]   File "/usr/local/lib/python3.12/dist-packages/vllm/v1/worker/worker_base.py", line 351, in execute_model
(Worker_PP1_TP2 pid=10484) (Worker_PP1_TP0 pid=10482) ERROR 08-05 07:59:50 [multiproc_executor.py:1018]     return self.worker.execute_model(scheduler_output)
ERROR 08-05 07:59:50 [multiproc_executor.py:1018]            ^^^^^^^^^^^^^^^^^^^^^^^^^^^^^^^^^^^^^^^^^^^
ERROR 08-05 07:59:50 [multiproc_executor.py:1018]            ^^^^^^^^^^^^^^^^^^^^^^^^^^^^^^^^^^^^^^^^^^^
(Worker_PP1_TP3 pid=10485) (Worker_PP1_TP5 pid=10487) ERROR 08-05 07:59:50 [multiproc_executor.py:1018]            ^^^^^^^^^^^^^^^^^^^^^^^^^^^^^^^^^^^^^^^^^^^
ERROR 08-05 07:59:50 [multiproc_executor.py:1018]   File "/usr/local/lib/python3.12/dist-packages/vllm/v1/worker/worker_base.py", line 351, in execute_model
(Worker_PP1_TP4 pid=10486) (Worker_PP1_TP6 pid=10488) (Worker_PP1_TP7 pid=10489) ERROR 08-05 07:59:50 [multiproc_executor.py:1018]              ^^^^^^^^^^^^^^^^^^^^^^^^^^^^^^^^
ERROR 08-05 07:59:50 [multiproc_executor.py:1018]     return self.worker.execute_model(scheduler_output)
(Worker_PP1_TP2 pid=10484) (Worker_PP1_TP0 pid=10482) ERROR 08-05 07:59:50 [multiproc_executor.py:1018]            ^^^^^^^^^^^^^^^^^^^^^^^^^^^^^^^^^^^^^^^^^^^
ERROR 08-05 07:59:50 [multiproc_executor.py:1018]   File "/usr/local/lib/python3.12/dist-packages/torch/utils/_contextlib.py", line 124, in decorate_context
ERROR 08-05 07:59:50 [multiproc_executor.py:1018]   File "/usr/local/lib/python3.12/dist-packages/torch/utils/_contextlib.py", line 124, in decorate_context
(Worker_PP1_TP3 pid=10485) (Worker_PP1_TP5 pid=10487) ERROR 08-05 07:59:50 [multiproc_executor.py:1018]   File "/usr/local/lib/python3.12/dist-packages/torch/utils/_contextlib.py", line 124, in decorate_context
ERROR 08-05 07:59:50 [multiproc_executor.py:1018]     return self.worker.execute_model(scheduler_output)
(Worker_PP1_TP4 pid=10486) (Worker_PP1_TP6 pid=10488) (Worker_PP1_TP7 pid=10489) ERROR 08-05 07:59:50 [multiproc_executor.py:1018]   File "/usr/local/lib/python3.12/dist-packages/torch/utils/_contextlib.py", line 124, in decorate_context
ERROR 08-05 07:59:50 [multiproc_executor.py:1018]            ^^^^^^^^^^^^^^^^^^^^^^^^^^^^^^^^^^^^^^^^^^^
(Worker_PP1_TP2 pid=10484) (Worker_PP1_TP0 pid=10482) ERROR 08-05 07:59:50 [multiproc_executor.py:1018]   File "/usr/local/lib/python3.12/dist-packages/torch/utils/_contextlib.py", line 124, in decorate_context
ERROR 08-05 07:59:50 [multiproc_executor.py:1018]     return func(*args, **kwargs)
ERROR 08-05 07:59:50 [multiproc_executor.py:1018]     return func(*args, **kwargs)
(Worker_PP1_TP3 pid=10485) (Worker_PP1_TP5 pid=10487) ERROR 08-05 07:59:50 [multiproc_executor.py:1018]     return func(*args, **kwargs)
ERROR 08-05 07:59:50 [multiproc_executor.py:1018]            ^^^^^^^^^^^^^^^^^^^^^^^^^^^^^^^^^^^^^^^^^^^
(Worker_PP1_TP4 pid=10486) (Worker_PP1_TP6 pid=10488) (Worker_PP1_TP7 pid=10489) ERROR 08-05 07:59:50 [multiproc_executor.py:1018]     return func(*args, **kwargs)
ERROR 08-05 07:59:50 [multiproc_executor.py:1018]   File "/usr/local/lib/python3.12/dist-packages/torch/utils/_contextlib.py", line 124, in decorate_context
(Worker_PP1_TP2 pid=10484) (Worker_PP1_TP0 pid=10482) ERROR 08-05 07:59:50 [multiproc_executor.py:1018]     return func(*args, **kwargs)
ERROR 08-05 07:59:50 [multiproc_executor.py:1018]            ^^^^^^^^^^^^^^^^^^^^^
ERROR 08-05 07:59:50 [multiproc_executor.py:1018]            ^^^^^^^^^^^^^^^^^^^^^
(Worker_PP1_TP3 pid=10485) (Worker_PP1_TP5 pid=10487) ERROR 08-05 07:59:50 [multiproc_executor.py:1018]            ^^^^^^^^^^^^^^^^^^^^^
ERROR 08-05 07:59:50 [multiproc_executor.py:1018]   File "/usr/local/lib/python3.12/dist-packages/torch/utils/_contextlib.py", line 124, in decorate_context
(Worker_PP1_TP4 pid=10486) (Worker_PP1_TP6 pid=10488) (Worker_PP1_TP7 pid=10489) ERROR 08-05 07:59:50 [multiproc_executor.py:1018]            ^^^^^^^^^^^^^^^^^^^^^
ERROR 08-05 07:59:50 [multiproc_executor.py:1018]     return func(*args, **kwargs)
(Worker_PP1_TP2 pid=10484) (Worker_PP1_TP0 pid=10482) ERROR 08-05 07:59:50 [multiproc_executor.py:1018]            ^^^^^^^^^^^^^^^^^^^^^
ERROR 08-05 07:59:50 [multiproc_executor.py:1018]   File "/usr/local/lib/python3.12/dist-packages/vllm/v1/worker/gpu_worker.py", line 1065, in execute_model
ERROR 08-05 07:59:50 [multiproc_executor.py:1018]   File "/usr/local/lib/python3.12/dist-packages/vllm/v1/worker/gpu_worker.py", line 1065, in execute_model
(Worker_PP1_TP3 pid=10485) (Worker_PP1_TP5 pid=10487) (Worker_PP1_TP1 pid=10483) ERROR 08-05 07:59:50 [multiproc_executor.py:1018]   File "/usr/local/lib/python3.12/dist-packages/vllm/v1/worker/gpu_worker.py", line 1065, in execute_model
ERROR 08-05 07:59:50 [multiproc_executor.py:1018]     return func(*args, **kwargs)
(Worker_PP1_TP4 pid=10486) (Worker_PP1_TP6 pid=10488) (Worker_PP1_TP7 pid=10489) ERROR 08-05 07:59:50 [multiproc_executor.py:1018]   File "/usr/local/lib/python3.12/dist-packages/vllm/v1/worker/gpu/model_runner.py", line 1373, in execute_model
ERROR 08-05 07:59:50 [multiproc_executor.py:1018]            ^^^^^^^^^^^^^^^^^^^^^
(Worker_PP1_TP2 pid=10484) (Worker_PP1_TP0 pid=10482) ERROR 08-05 07:59:50 [multiproc_executor.py:1018] WorkerProc hit an exception.
ERROR 08-05 07:59:50 [multiproc_executor.py:1018]   File "/usr/local/lib/python3.12/dist-packages/vllm/v1/worker/gpu_worker.py", line 1065, in execute_model
(Worker_PP1_TP1 pid=10483) ERROR 08-05 07:59:50 [multiproc_executor.py:1018]     output = self.model_runner.execute_model(
ERROR 08-05 07:59:50 [multiproc_executor.py:1018]     output = self.model_runner.execute_model(
(Worker_PP1_TP3 pid=10485) (Worker_PP1_TP5 pid=10487) ERROR 08-05 07:59:50 [multiproc_executor.py:1018]     output = self.model_runner.execute_model(
ERROR 08-05 07:59:50 [multiproc_executor.py:1018]            ^^^^^^^^^^^^^^^^^^^^^
(Worker_PP1_TP4 pid=10486) ERROR 08-05 07:59:50 [multiproc_executor.py:1018] Traceback (most recent call last):
(Worker_PP1_TP6 pid=10488) (Worker_PP1_TP7 pid=10489) ERROR 08-05 07:59:50 [multiproc_executor.py:1018]     self.kv_connector.pre_forward(scheduler_output)
ERROR 08-05 07:59:50 [multiproc_executor.py:1018]   File "/usr/local/lib/python3.12/dist-packages/vllm/v1/worker/gpu_worker.py", line 1065, in execute_model
(Worker_PP1_TP2 pid=10484) (Worker_PP1_TP0 pid=10482) ERROR 08-05 07:59:50 [multiproc_executor.py:1018]     output = self.model_runner.execute_model(
(Worker_PP1_TP1 pid=10483) ERROR 08-05 07:59:50 [multiproc_executor.py:1018]              ^^^^^^^^^^^^^^^^^^^^^^^^^^^^^^^^
ERROR 08-05 07:59:50 [multiproc_executor.py:1018]              ^^^^^^^^^^^^^^^^^^^^^^^^^^^^^^^^
(Worker_PP1_TP3 pid=10485) (Worker_PP1_TP5 pid=10487) ERROR 08-05 07:59:50 [multiproc_executor.py:1018]              ^^^^^^^^^^^^^^^^^^^^^^^^^^^^^^^^
ERROR 08-05 07:59:50 [multiproc_executor.py:1018]   File "/usr/local/lib/python3.12/dist-packages/vllm/v1/worker/gpu_worker.py", line 1065, in execute_model
(Worker_PP1_TP4 pid=10486) ERROR 08-05 07:59:50 [multiproc_executor.py:1018]   File "/usr/local/lib/python3.12/dist-packages/vllm/v1/executor/multiproc_executor.py", line 1010, in worker_busy_loop
(Worker_PP1_TP6 pid=10488) (Worker_PP1_TP7 pid=10489) ERROR 08-05 07:59:50 [multiproc_executor.py:1018]   File "/usr/local/lib/python3.12/dist-packages/vllm/v1/worker/gpu/kv_connector.py", line 67, in pre_forward
ERROR 08-05 07:59:50 [multiproc_executor.py:1018]     output = self.model_runner.execute_model(
(Worker_PP1_TP2 pid=10484) (Worker_PP1_TP0 pid=10482) ERROR 08-05 07:59:50 [multiproc_executor.py:1018]              ^^^^^^^^^^^^^^^^^^^^^^^^^^^^^^^^
(Worker_PP1_TP1 pid=10483) ERROR 08-05 07:59:50 [multiproc_executor.py:1018]   File "/usr/local/lib/python3.12/dist-packages/torch/utils/_contextlib.py", line 124, in decorate_context
ERROR 08-05 07:59:50 [multiproc_executor.py:1018]   File "/usr/local/lib/python3.12/dist-packages/torch/utils/_contextlib.py", line 124, in decorate_context
(Worker_PP1_TP3 pid=10485) (Worker_PP1_TP5 pid=10487) ERROR 08-05 07:59:50 [multiproc_executor.py:1018]   File "/usr/local/lib/python3.12/dist-packages/torch/utils/_contextlib.py", line 124, in decorate_context
ERROR 08-05 07:59:50 [multiproc_executor.py:1018]     output = self.model_runner.execute_model(
(Worker_PP1_TP4 pid=10486) ERROR 08-05 07:59:50 [multiproc_executor.py:1018]     output = func(*args, **kwargs)
(Worker_PP1_TP6 pid=10488) (Worker_PP1_TP7 pid=10489) ERROR 08-05 07:59:50 [multiproc_executor.py:1018]     self.kv_connector.handle_preemptions(kv_connector_metadata)
ERROR 08-05 07:59:50 [multiproc_executor.py:1018]              ^^^^^^^^^^^^^^^^^^^^^^^^^^^^^^^^
(Worker_PP1_TP2 pid=10484) (Worker_PP1_TP0 pid=10482) ERROR 08-05 07:59:50 [multiproc_executor.py:1018]   File "/usr/local/lib/python3.12/dist-packages/torch/utils/_contextlib.py", line 124, in decorate_context
(Worker_PP1_TP1 pid=10483) ERROR 08-05 07:59:50 [multiproc_executor.py:1018]     return func(*args, **kwargs)
ERROR 08-05 07:59:50 [multiproc_executor.py:1018]     return func(*args, **kwargs)
(Worker_PP1_TP3 pid=10485) (Worker_PP1_TP5 pid=10487) ERROR 08-05 07:59:50 [multiproc_executor.py:1018]     return func(*args, **kwargs)
ERROR 08-05 07:59:50 [multiproc_executor.py:1018]              ^^^^^^^^^^^^^^^^^^^^^^^^^^^^^^^^
(Worker_PP1_TP4 pid=10486) ERROR 08-05 07:59:50 [multiproc_executor.py:1018]              ^^^^^^^^^^^^^^^^^^^^^
(Worker_PP1_TP6 pid=10488) (Worker_PP1_TP7 pid=10489) ERROR 08-05 07:59:50 [multiproc_executor.py:1018]   File "/usr/local/lib/python3.12/dist-packages/vllm/distributed/kv_transfer/kv_connector/v1/offloading_connector.py", line 93, in handle_preemptions
ERROR 08-05 07:59:50 [multiproc_executor.py:1018]   File "/usr/local/lib/python3.12/dist-packages/torch/utils/_contextlib.py", line 124, in decorate_context
(Worker_PP1_TP2 pid=10484) (Worker_PP1_TP0 pid=10482) ERROR 08-05 07:59:50 [multiproc_executor.py:1018]     return func(*args, **kwargs)
(Worker_PP1_TP1 pid=10483) ERROR 08-05 07:59:50 [multiproc_executor.py:1018]            ^^^^^^^^^^^^^^^^^^^^^
ERROR 08-05 07:59:50 [multiproc_executor.py:1018]            ^^^^^^^^^^^^^^^^^^^^^
(Worker_PP1_TP3 pid=10485) (Worker_PP1_TP5 pid=10487) ERROR 08-05 07:59:50 [multiproc_executor.py:1018]            ^^^^^^^^^^^^^^^^^^^^^
ERROR 08-05 07:59:50 [multiproc_executor.py:1018]   File "/usr/local/lib/python3.12/dist-packages/torch/utils/_contextlib.py", line 124, in decorate_context
(Worker_PP1_TP4 pid=10486) ERROR 08-05 07:59:50 [multiproc_executor.py:1018]   File "/usr/local/lib/python3.12/dist-packages/vllm/v1/worker/worker_base.py", line 351, in execute_model
(Worker_PP1_TP6 pid=10488) (Worker_PP1_TP7 pid=10489) ERROR 08-05 07:59:50 [multiproc_executor.py:1018]     self.connector_worker.handle_preemptions(kv_connector_metadata)
ERROR 08-05 07:59:50 [multiproc_executor.py:1018]     return func(*args, **kwargs)
(Worker_PP1_TP2 pid=10484) (Worker_PP1_TP0 pid=10482) ERROR 08-05 07:59:50 [multiproc_executor.py:1018]            ^^^^^^^^^^^^^^^^^^^^^
(Worker_PP1_TP1 pid=10483) ERROR 08-05 07:59:50 [multiproc_executor.py:1018]   File "/usr/local/lib/python3.12/dist-packages/vllm/v1/worker/gpu/model_runner.py", line 1373, in execute_model
ERROR 08-05 07:59:50 [multiproc_executor.py:1018]   File "/usr/local/lib/python3.12/dist-packages/vllm/v1/worker/gpu/model_runner.py", line 1373, in execute_model
(Worker_PP1_TP3 pid=10485) (Worker_PP1_TP5 pid=10487) ERROR 08-05 07:59:50 [multiproc_executor.py:1018]   File "/usr/local/lib/python3.12/dist-packages/vllm/v1/worker/gpu/model_runner.py", line 1373, in execute_model
ERROR 08-05 07:59:50 [multiproc_executor.py:1018]     return func(*args, **kwargs)
(Worker_PP1_TP4 pid=10486) ERROR 08-05 07:59:50 [multiproc_executor.py:1018]     return self.worker.execute_model(scheduler_output)
(Worker_PP1_TP6 pid=10488) (Worker_PP1_TP7 pid=10489) ERROR 08-05 07:59:50 [multiproc_executor.py:1018]   File "/usr/local/lib/python3.12/dist-packages/vllm/distributed/kv_transfer/kv_connector/v1/offloading/worker.py", line 285, in handle_preemptions
ERROR 08-05 07:59:50 [multiproc_executor.py:1018]            ^^^^^^^^^^^^^^^^^^^^^
(Worker_PP1_TP2 pid=10484) (Worker_PP1_TP0 pid=10482) ERROR 08-05 07:59:50 [multiproc_executor.py:1018]   File "/usr/local/lib/python3.12/dist-packages/vllm/v1/worker/gpu/model_runner.py", line 1373, in execute_model
(Worker_PP1_TP1 pid=10483) ERROR 08-05 07:59:50 [multiproc_executor.py:1018]     self.kv_connector.pre_forward(scheduler_output)
ERROR 08-05 07:59:50 [multiproc_executor.py:1018]     self.kv_connector.pre_forward(scheduler_output)
(Worker_PP1_TP3 pid=10485) (Worker_PP1_TP5 pid=10487) ERROR 08-05 07:59:50 [multiproc_executor.py:1018]     self.kv_connector.pre_forward(scheduler_output)
ERROR 08-05 07:59:50 [multiproc_executor.py:1018]            ^^^^^^^^^^^^^^^^^^^^^
(Worker_PP1_TP4 pid=10486) ERROR 08-05 07:59:50 [multiproc_executor.py:1018]            ^^^^^^^^^^^^^^^^^^^^^^^^^^^^^^^^^^^^^^^^^^^
(Worker_PP1_TP6 pid=10488) (Worker_PP1_TP7 pid=10489) ERROR 08-05 07:59:50 [multiproc_executor.py:1018]     success = self.worker.submit_store(job_id, src_spec, dst_spec)
ERROR 08-05 07:59:50 [multiproc_executor.py:1018]   File "/usr/local/lib/python3.12/dist-packages/vllm/v1/worker/gpu/model_runner.py", line 1373, in execute_model
(Worker_PP1_TP2 pid=10484) (Worker_PP1_TP0 pid=10482) ERROR 08-05 07:59:50 [multiproc_executor.py:1018]     self.kv_connector.pre_forward(scheduler_output)
(Worker_PP1_TP1 pid=10483) ERROR 08-05 07:59:50 [multiproc_executor.py:1018]   File "/usr/local/lib/python3.12/dist-packages/vllm/v1/worker/gpu/kv_connector.py", line 67, in pre_forward
ERROR 08-05 07:59:50 [multiproc_executor.py:1018]   File "/usr/local/lib/python3.12/dist-packages/vllm/v1/worker/gpu/kv_connector.py", line 67, in pre_forward
(Worker_PP1_TP3 pid=10485) (Worker_PP1_TP5 pid=10487) ERROR 08-05 07:59:50 [multiproc_executor.py:1018]   File "/usr/local/lib/python3.12/dist-packages/vllm/v1/worker/gpu/kv_connector.py", line 67, in pre_forward
ERROR 08-05 07:59:50 [multiproc_executor.py:1018]   File "/usr/local/lib/python3.12/dist-packages/vllm/v1/worker/gpu/model_runner.py", line 1373, in execute_model
(Worker_PP1_TP4 pid=10486) ERROR 08-05 07:59:50 [multiproc_executor.py:1018]   File "/usr/local/lib/python3.12/dist-packages/torch/utils/_contextlib.py", line 124, in decorate_context
(Worker_PP1_TP6 pid=10488) (Worker_PP1_TP7 pid=10489) ERROR 08-05 07:59:50 [multiproc_executor.py:1018]               ^^^^^^^^^^^^^^^^^^^^^^^^^^^^^^^^^^^^^^^^^^^^^^^^^^^^
ERROR 08-05 07:59:50 [multiproc_executor.py:1018]     self.kv_connector.pre_forward(scheduler_output)
(Worker_PP1_TP2 pid=10484) (Worker_PP1_TP0 pid=10482) ERROR 08-05 07:59:50 [multiproc_executor.py:1018]   File "/usr/local/lib/python3.12/dist-packages/vllm/v1/worker/gpu/kv_connector.py", line 67, in pre_forward
(Worker_PP1_TP1 pid=10483) ERROR 08-05 07:59:50 [multiproc_executor.py:1018]     self.kv_connector.handle_preemptions(kv_connector_metadata)
ERROR 08-05 07:59:50 [multiproc_executor.py:1018]     self.kv_connector.handle_preemptions(kv_connector_metadata)
(Worker_PP1_TP3 pid=10485) (Worker_PP1_TP5 pid=10487) ERROR 08-05 07:59:50 [multiproc_executor.py:1018]     self.kv_connector.handle_preemptions(kv_connector_metadata)
ERROR 08-05 07:59:50 [multiproc_executor.py:1018]     self.kv_connector.pre_forward(scheduler_output)
(Worker_PP1_TP4 pid=10486) ERROR 08-05 07:59:50 [multiproc_executor.py:1018]     return func(*args, **kwargs)
(Worker_PP1_TP6 pid=10488) (Worker_PP1_TP7 pid=10489) ERROR 08-05 07:59:50 [multiproc_executor.py:1018]   File "/usr/local/lib/python3.12/dist-packages/vllm/v1/kv_offload/cpu/gpu_worker.py", line 535, in submit_store
ERROR 08-05 07:59:50 [multiproc_executor.py:1018]   File "/usr/local/lib/python3.12/dist-packages/vllm/v1/worker/gpu/kv_connector.py", line 67, in pre_forward
(Worker_PP1_TP2 pid=10484) (Worker_PP1_TP0 pid=10482) ERROR 08-05 07:59:50 [multiproc_executor.py:1018]     self.kv_connector.handle_preemptions(kv_connector_metadata)
(Worker_PP1_TP1 pid=10483) ERROR 08-05 07:59:50 [multiproc_executor.py:1018]   File "/usr/local/lib/python3.12/dist-packages/vllm/distributed/kv_transfer/kv_connector/v1/offloading_connector.py", line 93, in handle_preemptions
ERROR 08-05 07:59:50 [multiproc_executor.py:1018]   File "/usr/local/lib/python3.12/dist-packages/vllm/distributed/kv_transfer/kv_connector/v1/offloading_connector.py", line 93, in handle_preemptions
(Worker_PP1_TP3 pid=10485) (Worker_PP1_TP5 pid=10487) ERROR 08-05 07:59:50 [multiproc_executor.py:1018]   File "/usr/local/lib/python3.12/dist-packages/vllm/distributed/kv_transfer/kv_connector/v1/offloading_connector.py", line 93, in handle_preemptions
ERROR 08-05 07:59:50 [multiproc_executor.py:1018]   File "/usr/local/lib/python3.12/dist-packages/vllm/v1/worker/gpu/kv_connector.py", line 67, in pre_forward
(Worker_PP1_TP4 pid=10486) ERROR 08-05 07:59:50 [multiproc_executor.py:1018]            ^^^^^^^^^^^^^^^^^^^^^
(Worker_PP1_TP6 pid=10488) (Worker_PP1_TP7 pid=10489) ERROR 08-05 07:59:50 [multiproc_executor.py:1018]     return self._store_handler.transfer_async(job_id, src_spec, dst_spec)
ERROR 08-05 07:59:50 [multiproc_executor.py:1018]     self.kv_connector.handle_preemptions(kv_connector_metadata)
(Worker_PP1_TP2 pid=10484) (Worker_PP1_TP0 pid=10482) ERROR 08-05 07:59:50 [multiproc_executor.py:1018]   File "/usr/local/lib/python3.12/dist-packages/vllm/distributed/kv_transfer/kv_connector/v1/offloading_connector.py", line 93, in handle_preemptions
(Worker_PP1_TP1 pid=10483) ERROR 08-05 07:59:50 [multiproc_executor.py:1018]     self.connector_worker.handle_preemptions(kv_connector_metadata)
ERROR 08-05 07:59:50 [multiproc_executor.py:1018]     self.connector_worker.handle_preemptions(kv_connector_metadata)
(Worker_PP1_TP3 pid=10485) (Worker_PP1_TP5 pid=10487) ERROR 08-05 07:59:50 [multiproc_executor.py:1018]     self.connector_worker.handle_preemptions(kv_connector_metadata)
ERROR 08-05 07:59:50 [multiproc_executor.py:1018]     self.kv_connector.handle_preemptions(kv_connector_metadata)
(Worker_PP1_TP4 pid=10486) ERROR 08-05 07:59:50 [multiproc_executor.py:1018]   File "/usr/local/lib/python3.12/dist-packages/vllm/v1/worker/gpu_worker.py", line 1065, in execute_model
(Worker_PP1_TP6 pid=10488) (Worker_PP1_TP7 pid=10489) ERROR 08-05 07:59:50 [multiproc_executor.py:1018]            ^^^^^^^^^^^^^^^^^^^^^^^^^^^^^^^^^^^^^^^^^^^^^^^^^^^^^^^^^^^^^^
ERROR 08-05 07:59:50 [multiproc_executor.py:1018]   File "/usr/local/lib/python3.12/dist-packages/vllm/distributed/kv_transfer/kv_connector/v1/offloading_connector.py", line 93, in handle_preemptions
(Worker_PP1_TP2 pid=10484) (Worker_PP1_TP0 pid=10482) ERROR 08-05 07:59:50 [multiproc_executor.py:1018]     self.connector_worker.handle_preemptions(kv_connector_metadata)
(Worker_PP1_TP1 pid=10483) ERROR 08-05 07:59:50 [multiproc_executor.py:1018]   File "/usr/local/lib/python3.12/dist-packages/vllm/distributed/kv_transfer/kv_connector/v1/offloading/worker.py", line 285, in handle_preemptions
ERROR 08-05 07:59:50 [multiproc_executor.py:1018]   File "/usr/local/lib/python3.12/dist-packages/vllm/distributed/kv_transfer/kv_connector/v1/offloading/worker.py", line 285, in handle_preemptions
(Worker_PP1_TP3 pid=10485) (Worker_PP1_TP5 pid=10487) ERROR 08-05 07:59:50 [multiproc_executor.py:1018]   File "/usr/local/lib/python3.12/dist-packages/vllm/distributed/kv_transfer/kv_connector/v1/offloading/worker.py", line 285, in handle_preemptions
ERROR 08-05 07:59:50 [multiproc_executor.py:1018]   File "/usr/local/lib/python3.12/dist-packages/vllm/distributed/kv_transfer/kv_connector/v1/offloading_connector.py", line 93, in handle_preemptions
(Worker_PP1_TP4 pid=10486) ERROR 08-05 07:59:50 [multiproc_executor.py:1018]     output = self.model_runner.execute_model(
(Worker_PP1_TP6 pid=10488) (Worker_PP1_TP7 pid=10489) ERROR 08-05 07:59:50 [multiproc_executor.py:1018]   File "/usr/local/lib/python3.12/dist-packages/vllm/v1/kv_offload/cpu/gpu_worker.py", line 394, in transfer_async
ERROR 08-05 07:59:50 [multiproc_executor.py:1018]     self.connector_worker.handle_preemptions(kv_connector_metadata)
(Worker_PP1_TP2 pid=10484) (Worker_PP1_TP0 pid=10482) ERROR 08-05 07:59:50 [multiproc_executor.py:1018]   File "/usr/local/lib/python3.12/dist-packages/vllm/distributed/kv_transfer/kv_connector/v1/offloading/worker.py", line 285, in handle_preemptions
(Worker_PP1_TP1 pid=10483) ERROR 08-05 07:59:50 [multiproc_executor.py:1018]     success = self.worker.submit_store(job_id, src_spec, dst_spec)
ERROR 08-05 07:59:50 [multiproc_executor.py:1018]     success = self.worker.submit_store(job_id, src_spec, dst_spec)
(Worker_PP1_TP3 pid=10485) (Worker_PP1_TP5 pid=10487) ERROR 08-05 07:59:50 [multiproc_executor.py:1018]     success = self.worker.submit_store(job_id, src_spec, dst_spec)
ERROR 08-05 07:59:50 [multiproc_executor.py:1018]     self.connector_worker.handle_preemptions(kv_connector_metadata)
(Worker_PP1_TP4 pid=10486) ERROR 08-05 07:59:50 [multiproc_executor.py:1018]              ^^^^^^^^^^^^^^^^^^^^^^^^^^^^^^^^
(Worker_PP1_TP6 pid=10488) (Worker_PP1_TP7 pid=10489) ERROR 08-05 07:59:50 [multiproc_executor.py:1018]     self._swap_blocks_batch(
ERROR 08-05 07:59:50 [multiproc_executor.py:1018]   File "/usr/local/lib/python3.12/dist-packages/vllm/distributed/kv_transfer/kv_connector/v1/offloading/worker.py", line 285, in handle_preemptions
(Worker_PP1_TP2 pid=10484) (Worker_PP1_TP0 pid=10482) ERROR 08-05 07:59:50 [multiproc_executor.py:1018]     success = self.worker.submit_store(job_id, src_spec, dst_spec)
(Worker_PP1_TP1 pid=10483) ERROR 08-05 07:59:50 [multiproc_executor.py:1018]               ^^^^^^^^^^^^^^^^^^^^^^^^^^^^^^^^^^^^^^^^^^^^^^^^^^^^
ERROR 08-05 07:59:50 [multiproc_executor.py:1018]               ^^^^^^^^^^^^^^^^^^^^^^^^^^^^^^^^^^^^^^^^^^^^^^^^^^^^
(Worker_PP1_TP3 pid=10485) (Worker_PP1_TP5 pid=10487) ERROR 08-05 07:59:50 [multiproc_executor.py:1018]               ^^^^^^^^^^^^^^^^^^^^^^^^^^^^^^^^^^^^^^^^^^^^^^^^^^^^
ERROR 08-05 07:59:50 [multiproc_executor.py:1018]   File "/usr/local/lib/python3.12/dist-packages/vllm/distributed/kv_transfer/kv_connector/v1/offloading/worker.py", line 285, in handle_preemptions
(Worker_PP1_TP4 pid=10486) ERROR 08-05 07:59:50 [multiproc_executor.py:1018]   File "/usr/local/lib/python3.12/dist-packages/torch/utils/_contextlib.py", line 124, in decorate_context
(Worker_PP1_TP6 pid=10488) (Worker_PP1_TP7 pid=10489) ERROR 08-05 07:59:50 [multiproc_executor.py:1018]   File "/usr/local/lib/python3.12/dist-packages/vllm/_custom_ops.py", line 2922, in swap_blocks_batch
ERROR 08-05 07:59:50 [multiproc_executor.py:1018]     success = self.worker.submit_store(job_id, src_spec, dst_spec)
(Worker_PP1_TP2 pid=10484) (Worker_PP1_TP0 pid=10482) ERROR 08-05 07:59:50 [multiproc_executor.py:1018]               ^^^^^^^^^^^^^^^^^^^^^^^^^^^^^^^^^^^^^^^^^^^^^^^^^^^^
(Worker_PP1_TP1 pid=10483) ERROR 08-05 07:59:50 [multiproc_executor.py:1018]   File "/usr/local/lib/python3.12/dist-packages/vllm/v1/kv_offload/cpu/gpu_worker.py", line 535, in submit_store
ERROR 08-05 07:59:50 [multiproc_executor.py:1018]   File "/usr/local/lib/python3.12/dist-packages/vllm/v1/kv_offload/cpu/gpu_worker.py", line 535, in submit_store
(Worker_PP1_TP3 pid=10485) (Worker_PP1_TP5 pid=10487) ERROR 08-05 07:59:50 [multiproc_executor.py:1018]   File "/usr/local/lib/python3.12/dist-packages/vllm/v1/kv_offload/cpu/gpu_worker.py", line 535, in submit_store
ERROR 08-05 07:59:50 [multiproc_executor.py:1018]     success = self.worker.submit_store(job_id, src_spec, dst_spec)
(Worker_PP1_TP4 pid=10486) ERROR 08-05 07:59:50 [multiproc_executor.py:1018]     return func(*args, **kwargs)
(Worker_PP1_TP6 pid=10488) (Worker_PP1_TP7 pid=10489) ERROR 08-05 07:59:50 [multiproc_executor.py:1018]     torch.ops._C_cache_ops.swap_blocks_batch(
ERROR 08-05 07:59:50 [multiproc_executor.py:1018]               ^^^^^^^^^^^^^^^^^^^^^^^^^^^^^^^^^^^^^^^^^^^^^^^^^^^^
(Worker_PP1_TP2 pid=10484) (Worker_PP1_TP0 pid=10482) ERROR 08-05 07:59:50 [multiproc_executor.py:1018]   File "/usr/local/lib/python3.12/dist-packages/vllm/v1/kv_offload/cpu/gpu_worker.py", line 535, in submit_store
(Worker_PP1_TP1 pid=10483) ERROR 08-05 07:59:50 [multiproc_executor.py:1018]     return self._store_handler.transfer_async(job_id, src_spec, dst_spec)
ERROR 08-05 07:59:50 [multiproc_executor.py:1018]     return self._store_handler.transfer_async(job_id, src_spec, dst_spec)
(Worker_PP1_TP3 pid=10485) (Worker_PP1_TP5 pid=10487) ERROR 08-05 07:59:50 [multiproc_executor.py:1018]     return self._store_handler.transfer_async(job_id, src_spec, dst_spec)
ERROR 08-05 07:59:50 [multiproc_executor.py:1018]               ^^^^^^^^^^^^^^^^^^^^^^^^^^^^^^^^^^^^^^^^^^^^^^^^^^^^
(Worker_PP1_TP4 pid=10486) ERROR 08-05 07:59:50 [multiproc_executor.py:1018]            ^^^^^^^^^^^^^^^^^^^^^
(Worker_PP1_TP6 pid=10488) (Worker_PP1_TP7 pid=10489) ERROR 08-05 07:59:50 [multiproc_executor.py:1018]   File "/usr/local/lib/python3.12/dist-packages/torch/_ops.py", line 1279, in __call__
ERROR 08-05 07:59:50 [multiproc_executor.py:1018]   File "/usr/local/lib/python3.12/dist-packages/vllm/v1/kv_offload/cpu/gpu_worker.py", line 535, in submit_store
(Worker_PP1_TP2 pid=10484) (Worker_PP1_TP0 pid=10482) ERROR 08-05 07:59:50 [multiproc_executor.py:1018]     return self._store_handler.transfer_async(job_id, src_spec, dst_spec)
(Worker_PP1_TP1 pid=10483) ERROR 08-05 07:59:50 [multiproc_executor.py:1018]            ^^^^^^^^^^^^^^^^^^^^^^^^^^^^^^^^^^^^^^^^^^^^^^^^^^^^^^^^^^^^^^
ERROR 08-05 07:59:50 [multiproc_executor.py:1018]            ^^^^^^^^^^^^^^^^^^^^^^^^^^^^^^^^^^^^^^^^^^^^^^^^^^^^^^^^^^^^^^
(Worker_PP1_TP3 pid=10485) (Worker_PP1_TP5 pid=10487) ERROR 08-05 07:59:50 [multiproc_executor.py:1018]            ^^^^^^^^^^^^^^^^^^^^^^^^^^^^^^^^^^^^^^^^^^^^^^^^^^^^^^^^^^^^^^
ERROR 08-05 07:59:50 [multiproc_executor.py:1018]   File "/usr/local/lib/python3.12/dist-packages/vllm/v1/kv_offload/cpu/gpu_worker.py", line 535, in submit_store
(Worker_PP1_TP4 pid=10486) ERROR 08-05 07:59:50 [multiproc_executor.py:1018]   File "/usr/local/lib/python3.12/dist-packages/vllm/v1/worker/gpu/model_runner.py", line 1373, in execute_model
(Worker_PP1_TP6 pid=10488) (Worker_PP1_TP7 pid=10489) ERROR 08-05 07:59:50 [multiproc_executor.py:1018]     return self._op(*args, **kwargs)
ERROR 08-05 07:59:50 [multiproc_executor.py:1018]     return self._store_handler.transfer_async(job_id, src_spec, dst_spec)
(Worker_PP1_TP2 pid=10484) (Worker_PP1_TP0 pid=10482) ERROR 08-05 07:59:50 [multiproc_executor.py:1018]            ^^^^^^^^^^^^^^^^^^^^^^^^^^^^^^^^^^^^^^^^^^^^^^^^^^^^^^^^^^^^^^
(Worker_PP1_TP1 pid=10483) ERROR 08-05 07:59:50 [multiproc_executor.py:1018]   File "/usr/local/lib/python3.12/dist-packages/vllm/v1/kv_offload/cpu/gpu_worker.py", line 394, in transfer_async
ERROR 08-05 07:59:50 [multiproc_executor.py:1018]   File "/usr/local/lib/python3.12/dist-packages/vllm/v1/kv_offload/cpu/gpu_worker.py", line 394, in transfer_async
(Worker_PP1_TP3 pid=10485) (Worker_PP1_TP5 pid=10487) ERROR 08-05 07:59:50 [multiproc_executor.py:1018]   File "/usr/local/lib/python3.12/dist-packages/vllm/v1/kv_offload/cpu/gpu_worker.py", line 394, in transfer_async
ERROR 08-05 07:59:50 [multiproc_executor.py:1018]     return self._store_handler.transfer_async(job_id, src_spec, dst_spec)
(Worker_PP1_TP4 pid=10486) ERROR 08-05 07:59:50 [multiproc_executor.py:1018]     self.kv_connector.pre_forward(scheduler_output)
(Worker_PP1_TP6 pid=10488) (Worker_PP1_TP7 pid=10489) ERROR 08-05 07:59:50 [multiproc_executor.py:1018]            ^^^^^^^^^^^^^^^^^^^^^^^^^
ERROR 08-05 07:59:50 [multiproc_executor.py:1018]            ^^^^^^^^^^^^^^^^^^^^^^^^^^^^^^^^^^^^^^^^^^^^^^^^^^^^^^^^^^^^^^
(Worker_PP1_TP2 pid=10484) (Worker_PP1_TP0 pid=10482) ERROR 08-05 07:59:50 [multiproc_executor.py:1018]   File "/usr/local/lib/python3.12/dist-packages/vllm/v1/kv_offload/cpu/gpu_worker.py", line 394, in transfer_async
(Worker_PP1_TP1 pid=10483) ERROR 08-05 07:59:50 [multiproc_executor.py:1018]     self._swap_blocks_batch(
ERROR 08-05 07:59:50 [multiproc_executor.py:1018]     self._swap_blocks_batch(
(Worker_PP1_TP3 pid=10485) (Worker_PP1_TP5 pid=10487) ERROR 08-05 07:59:50 [multiproc_executor.py:1018]     self._swap_blocks_batch(
ERROR 08-05 07:59:50 [multiproc_executor.py:1018]            ^^^^^^^^^^^^^^^^^^^^^^^^^^^^^^^^^^^^^^^^^^^^^^^^^^^^^^^^^^^^^^
(Worker_PP1_TP4 pid=10486) ERROR 08-05 07:59:50 [multiproc_executor.py:1018]   File "/usr/local/lib/python3.12/dist-packages/vllm/v1/worker/gpu/kv_connector.py", line 67, in pre_forward
(Worker_PP1_TP6 pid=10488) (Worker_PP1_TP7 pid=10489) ERROR 08-05 07:59:50 [multiproc_executor.py:1018] RuntimeError: swap_blocks_batch, /workspace/csrc/libtorch_stable/cache_kernels.cu:150, cuMemcpyBatchAsync failed at index 11 with error 1
ERROR 08-05 07:59:50 [multiproc_executor.py:1018]   File "/usr/local/lib/python3.12/dist-packages/vllm/v1/kv_offload/cpu/gpu_worker.py", line 394, in transfer_async
(Worker_PP1_TP2 pid=10484) (Worker_PP1_TP0 pid=10482) ERROR 08-05 07:59:50 [multiproc_executor.py:1018]     self._swap_blocks_batch(
(Worker_PP1_TP1 pid=10483) ERROR 08-05 07:59:50 [multiproc_executor.py:1018]   File "/usr/local/lib/python3.12/dist-packages/vllm/_custom_ops.py", line 2922, in swap_blocks_batch
ERROR 08-05 07:59:50 [multiproc_executor.py:1018]   File "/usr/local/lib/python3.12/dist-packages/vllm/_custom_ops.py", line 2922, in swap_blocks_batch
(Worker_PP1_TP3 pid=10485) (Worker_PP1_TP5 pid=10487) ERROR 08-05 07:59:50 [multiproc_executor.py:1018]   File "/usr/local/lib/python3.12/dist-packages/vllm/_custom_ops.py", line 2922, in swap_blocks_batch
ERROR 08-05 07:59:50 [multiproc_executor.py:1018]   File "/usr/local/lib/python3.12/dist-packages/vllm/v1/kv_offload/cpu/gpu_worker.py", line 394, in transfer_async
(Worker_PP1_TP4 pid=10486) ERROR 08-05 07:59:50 [multiproc_executor.py:1018]     self.kv_connector.handle_preemptions(kv_connector_metadata)
(Worker_PP1_TP6 pid=10488) (Worker_PP1_TP7 pid=10489) ERROR 08-05 07:59:50 [multiproc_executor.py:1018] Traceback (most recent call last):
ERROR 08-05 07:59:50 [multiproc_executor.py:1018]     self._swap_blocks_batch(
(Worker_PP1_TP2 pid=10484) (Worker_PP1_TP0 pid=10482) ERROR 08-05 07:59:50 [multiproc_executor.py:1018]   File "/usr/local/lib/python3.12/dist-packages/vllm/_custom_ops.py", line 2922, in swap_blocks_batch
(Worker_PP1_TP1 pid=10483) ERROR 08-05 07:59:50 [multiproc_executor.py:1018]     torch.ops._C_cache_ops.swap_blocks_batch(
ERROR 08-05 07:59:50 [multiproc_executor.py:1018]     torch.ops._C_cache_ops.swap_blocks_batch(
(Worker_PP1_TP3 pid=10485) (Worker_PP1_TP5 pid=10487) ERROR 08-05 07:59:50 [multiproc_executor.py:1018]     torch.ops._C_cache_ops.swap_blocks_batch(
ERROR 08-05 07:59:50 [multiproc_executor.py:1018]     self._swap_blocks_batch(
(Worker_PP1_TP4 pid=10486) ERROR 08-05 07:59:50 [multiproc_executor.py:1018]   File "/usr/local/lib/python3.12/dist-packages/vllm/distributed/kv_transfer/kv_connector/v1/offloading_connector.py", line 93, in handle_preemptions
(Worker_PP1_TP6 pid=10488) (Worker_PP1_TP7 pid=10489) ERROR 08-05 07:59:50 [multiproc_executor.py:1018]   File "/usr/local/lib/python3.12/dist-packages/vllm/v1/executor/multiproc_executor.py", line 1010, in worker_busy_loop
ERROR 08-05 07:59:50 [multiproc_executor.py:1018]   File "/usr/local/lib/python3.12/dist-packages/vllm/_custom_ops.py", line 2922, in swap_blocks_batch
(Worker_PP1_TP2 pid=10484) (Worker_PP1_TP0 pid=10482) ERROR 08-05 07:59:50 [multiproc_executor.py:1018]     torch.ops._C_cache_ops.swap_blocks_batch(
(Worker_PP1_TP1 pid=10483) ERROR 08-05 07:59:50 [multiproc_executor.py:1018]   File "/usr/local/lib/python3.12/dist-packages/torch/_ops.py", line 1279, in __call__
ERROR 08-05 07:59:50 [multiproc_executor.py:1018]   File "/usr/local/lib/python3.12/dist-packages/torch/_ops.py", line 1279, in __call__
(Worker_PP1_TP3 pid=10485) (Worker_PP1_TP5 pid=10487) ERROR 08-05 07:59:50 [multiproc_executor.py:1018]   File "/usr/local/lib/python3.12/dist-packages/torch/_ops.py", line 1279, in __call__
ERROR 08-05 07:59:50 [multiproc_executor.py:1018]   File "/usr/local/lib/python3.12/dist-packages/vllm/_custom_ops.py", line 2922, in swap_blocks_batch
(Worker_PP1_TP4 pid=10486) ERROR 08-05 07:59:50 [multiproc_executor.py:1018]     self.connector_worker.handle_preemptions(kv_connector_metadata)
(Worker_PP1_TP6 pid=10488) (Worker_PP1_TP7 pid=10489) ERROR 08-05 07:59:50 [multiproc_executor.py:1018]     output = func(*args, **kwargs)
ERROR 08-05 07:59:50 [multiproc_executor.py:1018]     torch.ops._C_cache_ops.swap_blocks_batch(
(Worker_PP1_TP2 pid=10484) (Worker_PP1_TP0 pid=10482) ERROR 08-05 07:59:50 [multiproc_executor.py:1018]   File "/usr/local/lib/python3.12/dist-packages/torch/_ops.py", line 1279, in __call__
(Worker_PP1_TP1 pid=10483) ERROR 08-05 07:59:50 [multiproc_executor.py:1018]     return self._op(*args, **kwargs)
ERROR 08-05 07:59:50 [multiproc_executor.py:1018]     return self._op(*args, **kwargs)
(Worker_PP1_TP3 pid=10485) (Worker_PP1_TP5 pid=10487) ERROR 08-05 07:59:50 [multiproc_executor.py:1018]     return self._op(*args, **kwargs)
ERROR 08-05 07:59:50 [multiproc_executor.py:1018]     torch.ops._C_cache_ops.swap_blocks_batch(
(Worker_PP1_TP4 pid=10486) ERROR 08-05 07:59:50 [multiproc_executor.py:1018]   File "/usr/local/lib/python3.12/dist-packages/vllm/distributed/kv_transfer/kv_connector/v1/offloading/worker.py", line 285, in handle_preemptions
(Worker_PP1_TP6 pid=10488) (Worker_PP1_TP7 pid=10489) ERROR 08-05 07:59:50 [multiproc_executor.py:1018]              ^^^^^^^^^^^^^^^^^^^^^
ERROR 08-05 07:59:50 [multiproc_executor.py:1018]   File "/usr/local/lib/python3.12/dist-packages/torch/_ops.py", line 1279, in __call__
(Worker_PP1_TP2 pid=10484) (Worker_PP1_TP0 pid=10482) ERROR 08-05 07:59:50 [multiproc_executor.py:1018]     return self._op(*args, **kwargs)
(Worker_PP1_TP1 pid=10483) ERROR 08-05 07:59:50 [multiproc_executor.py:1018]            ^^^^^^^^^^^^^^^^^^^^^^^^^
ERROR 08-05 07:59:50 [multiproc_executor.py:1018]            ^^^^^^^^^^^^^^^^^^^^^^^^^
(Worker_PP1_TP3 pid=10485) (Worker_PP1_TP5 pid=10487) ERROR 08-05 07:59:50 [multiproc_executor.py:1018]            ^^^^^^^^^^^^^^^^^^^^^^^^^
ERROR 08-05 07:59:50 [multiproc_executor.py:1018]   File "/usr/local/lib/python3.12/dist-packages/torch/_ops.py", line 1279, in __call__
(Worker_PP1_TP4 pid=10486) ERROR 08-05 07:59:50 [multiproc_executor.py:1018]     success = self.worker.submit_store(job_id, src_spec, dst_spec)
(Worker_PP1_TP6 pid=10488) (Worker_PP1_TP7 pid=10489) ERROR 08-05 07:59:50 [multiproc_executor.py:1018]   File "/usr/local/lib/python3.12/dist-packages/vllm/v1/worker/worker_base.py", line 351, in execute_model
ERROR 08-05 07:59:50 [multiproc_executor.py:1018]     return self._op(*args, **kwargs)
(Worker_PP1_TP2 pid=10484) (Worker_PP1_TP0 pid=10482) ERROR 08-05 07:59:50 [multiproc_executor.py:1018]            ^^^^^^^^^^^^^^^^^^^^^^^^^
(Worker_PP1_TP1 pid=10483) ERROR 08-05 07:59:50 [multiproc_executor.py:1018] RuntimeError: swap_blocks_batch, /workspace/csrc/libtorch_stable/cache_kernels.cu:150, cuMemcpyBatchAsync failed at index 11 with error 1
ERROR 08-05 07:59:50 [multiproc_executor.py:1018] RuntimeError: swap_blocks_batch, /workspace/csrc/libtorch_stable/cache_kernels.cu:150, cuMemcpyBatchAsync failed at index 11 with error 1
(Worker_PP1_TP3 pid=10485) (Worker_PP1_TP5 pid=10487) ERROR 08-05 07:59:50 [multiproc_executor.py:1018] RuntimeError: swap_blocks_batch, /workspace/csrc/libtorch_stable/cache_kernels.cu:150, cuMemcpyBatchAsync failed at index 11 with error 1
ERROR 08-05 07:59:50 [multiproc_executor.py:1018]     return self._op(*args, **kwargs)
(Worker_PP1_TP4 pid=10486) ERROR 08-05 07:59:50 [multiproc_executor.py:1018]               ^^^^^^^^^^^^^^^^^^^^^^^^^^^^^^^^^^^^^^^^^^^^^^^^^^^^
(Worker_PP1_TP6 pid=10488) (Worker_PP1_TP7 pid=10489) ERROR 08-05 07:59:50 [multiproc_executor.py:1018]     return self.worker.execute_model(scheduler_output)
ERROR 08-05 07:59:50 [multiproc_executor.py:1018]            ^^^^^^^^^^^^^^^^^^^^^^^^^
(Worker_PP1_TP2 pid=10484) (Worker_PP1_TP0 pid=10482) ERROR 08-05 07:59:50 [multiproc_executor.py:1018] RuntimeError: swap_blocks_batch, /workspace/csrc/libtorch_stable/cache_kernels.cu:150, cuMemcpyBatchAsync failed at index 11 with error 1
(Worker_PP1_TP1 pid=10483) ERROR 08-05 07:59:50 [multiproc_executor.py:1018] Traceback (most recent call last):
ERROR 08-05 07:59:50 [multiproc_executor.py:1018] Traceback (most recent call last):
(Worker_PP1_TP3 pid=10485) (Worker_PP1_TP5 pid=10487) ERROR 08-05 07:59:50 [multiproc_executor.py:1018] Traceback (most recent call last):
ERROR 08-05 07:59:50 [multiproc_executor.py:1018]            ^^^^^^^^^^^^^^^^^^^^^^^^^
(Worker_PP1_TP4 pid=10486) ERROR 08-05 07:59:50 [multiproc_executor.py:1018]   File "/usr/local/lib/python3.12/dist-packages/vllm/v1/kv_offload/cpu/gpu_worker.py", line 535, in submit_store
(Worker_PP1_TP6 pid=10488) (Worker_PP1_TP7 pid=10489) ERROR 08-05 07:59:50 [multiproc_executor.py:1018]            ^^^^^^^^^^^^^^^^^^^^^^^^^^^^^^^^^^^^^^^^^^^
ERROR 08-05 07:59:50 [multiproc_executor.py:1018] RuntimeError: swap_blocks_batch, /workspace/csrc/libtorch_stable/cache_kernels.cu:150, cuMemcpyBatchAsync failed at index 11 with error 1
(Worker_PP1_TP2 pid=10484) (Worker_PP1_TP0 pid=10482) ERROR 08-05 07:59:50 [multiproc_executor.py:1018] Traceback (most recent call last):
(Worker_PP1_TP1 pid=10483) ERROR 08-05 07:59:50 [multiproc_executor.py:1018]   File "/usr/local/lib/python3.12/dist-packages/vllm/v1/executor/multiproc_executor.py", line 1010, in worker_busy_loop
ERROR 08-05 07:59:50 [multiproc_executor.py:1018]   File "/usr/local/lib/python3.12/dist-packages/vllm/v1/executor/multiproc_executor.py", line 1010, in worker_busy_loop
(Worker_PP1_TP3 pid=10485) (Worker_PP1_TP5 pid=10487) ERROR 08-05 07:59:50 [multiproc_executor.py:1018]   File "/usr/local/lib/python3.12/dist-packages/vllm/v1/executor/multiproc_executor.py", line 1010, in worker_busy_loop
ERROR 08-05 07:59:50 [multiproc_executor.py:1018] RuntimeError: swap_blocks_batch, /workspace/csrc/libtorch_stable/cache_kernels.cu:150, cuMemcpyBatchAsync failed at index 11 with error 1
(Worker_PP1_TP4 pid=10486) ERROR 08-05 07:59:50 [multiproc_executor.py:1018]     return self._store_handler.transfer_async(job_id, src_spec, dst_spec)
(Worker_PP1_TP6 pid=10488) (Worker_PP1_TP7 pid=10489) ERROR 08-05 07:59:50 [multiproc_executor.py:1018]   File "/usr/local/lib/python3.12/dist-packages/torch/utils/_contextlib.py", line 124, in decorate_context
ERROR 08-05 07:59:50 [multiproc_executor.py:1018] Traceback (most recent call last):
(Worker_PP1_TP2 pid=10484) (Worker_PP1_TP0 pid=10482) ERROR 08-05 07:59:50 [multiproc_executor.py:1018]   File "/usr/local/lib/python3.12/dist-packages/vllm/v1/executor/multiproc_executor.py", line 1010, in worker_busy_loop
(Worker_PP1_TP1 pid=10483) ERROR 08-05 07:59:50 [multiproc_executor.py:1018]     output = func(*args, **kwargs)
ERROR 08-05 07:59:50 [multiproc_executor.py:1018]     output = func(*args, **kwargs)
(Worker_PP1_TP3 pid=10485) (Worker_PP1_TP5 pid=10487) ERROR 08-05 07:59:50 [multiproc_executor.py:1018]     output = func(*args, **kwargs)
ERROR 08-05 07:59:50 [multiproc_executor.py:1018] Traceback (most recent call last):
(Worker_PP1_TP4 pid=10486) ERROR 08-05 07:59:50 [multiproc_executor.py:1018]            ^^^^^^^^^^^^^^^^^^^^^^^^^^^^^^^^^^^^^^^^^^^^^^^^^^^^^^^^^^^^^^
(Worker_PP1_TP6 pid=10488) (Worker_PP1_TP7 pid=10489) ERROR 08-05 07:59:50 [multiproc_executor.py:1018]     return func(*args, **kwargs)
ERROR 08-05 07:59:50 [multiproc_executor.py:1018]   File "/usr/local/lib/python3.12/dist-packages/vllm/v1/executor/multiproc_executor.py", line 1010, in worker_busy_loop
(Worker_PP1_TP2 pid=10484) (Worker_PP1_TP0 pid=10482) ERROR 08-05 07:59:50 [multiproc_executor.py:1018]     output = func(*args, **kwargs)
(Worker_PP1_TP1 pid=10483) ERROR 08-05 07:59:50 [multiproc_executor.py:1018]              ^^^^^^^^^^^^^^^^^^^^^
ERROR 08-05 07:59:50 [multiproc_executor.py:1018]              ^^^^^^^^^^^^^^^^^^^^^
(Worker_PP1_TP3 pid=10485) (Worker_PP1_TP5 pid=10487) ERROR 08-05 07:59:50 [multiproc_executor.py:1018]              ^^^^^^^^^^^^^^^^^^^^^
ERROR 08-05 07:59:50 [multiproc_executor.py:1018]   File "/usr/local/lib/python3.12/dist-packages/vllm/v1/executor/multiproc_executor.py", line 1010, in worker_busy_loop
(Worker_PP1_TP4 pid=10486) ERROR 08-05 07:59:50 [multiproc_executor.py:1018]   File "/usr/local/lib/python3.12/dist-packages/vllm/v1/kv_offload/cpu/gpu_worker.py", line 394, in transfer_async
(Worker_PP1_TP6 pid=10488) (Worker_PP1_TP7 pid=10489) ERROR 08-05 07:59:50 [multiproc_executor.py:1018]            ^^^^^^^^^^^^^^^^^^^^^
ERROR 08-05 07:59:50 [multiproc_executor.py:1018]     output = func(*args, **kwargs)
(Worker_PP1_TP2 pid=10484) (Worker_PP1_TP0 pid=10482) ERROR 08-05 07:59:50 [multiproc_executor.py:1018]              ^^^^^^^^^^^^^^^^^^^^^
(Worker_PP1_TP1 pid=10483) ERROR 08-05 07:59:50 [multiproc_executor.py:1018]   File "/usr/local/lib/python3.12/dist-packages/vllm/v1/worker/worker_base.py", line 351, in execute_model
ERROR 08-05 07:59:50 [multiproc_executor.py:1018]   File "/usr/local/lib/python3.12/dist-packages/vllm/v1/worker/worker_base.py", line 351, in execute_model
(Worker_PP1_TP3 pid=10485) (Worker_PP1_TP5 pid=10487) ERROR 08-05 07:59:50 [multiproc_executor.py:1018]   File "/usr/local/lib/python3.12/dist-packages/vllm/v1/worker/worker_base.py", line 351, in execute_model
ERROR 08-05 07:59:50 [multiproc_executor.py:1018]     output = func(*args, **kwargs)
(Worker_PP1_TP4 pid=10486) ERROR 08-05 07:59:50 [multiproc_executor.py:1018]     self._swap_blocks_batch(
(Worker_PP1_TP6 pid=10488) (Worker_PP1_TP7 pid=10489) ERROR 08-05 07:59:50 [multiproc_executor.py:1018]   File "/usr/local/lib/python3.12/dist-packages/vllm/v1/worker/gpu_worker.py", line 1065, in execute_model
ERROR 08-05 07:59:50 [multiproc_executor.py:1018]              ^^^^^^^^^^^^^^^^^^^^^
(Worker_PP1_TP2 pid=10484) (Worker_PP1_TP0 pid=10482) ERROR 08-05 07:59:50 [multiproc_executor.py:1018]   File "/usr/local/lib/python3.12/dist-packages/vllm/v1/worker/worker_base.py", line 351, in execute_model
(Worker_PP1_TP1 pid=10483) ERROR 08-05 07:59:50 [multiproc_executor.py:1018]     return self.worker.execute_model(scheduler_output)
ERROR 08-05 07:59:50 [multiproc_executor.py:1018]     return self.worker.execute_model(scheduler_output)
(Worker_PP1_TP3 pid=10485) (Worker_PP1_TP5 pid=10487) ERROR 08-05 07:59:50 [multiproc_executor.py:1018]     return self.worker.execute_model(scheduler_output)
ERROR 08-05 07:59:50 [multiproc_executor.py:1018]              ^^^^^^^^^^^^^^^^^^^^^
(Worker_PP1_TP4 pid=10486) ERROR 08-05 07:59:50 [multiproc_executor.py:1018]   File "/usr/local/lib/python3.12/dist-packages/vllm/_custom_ops.py", line 2922, in swap_blocks_batch
(Worker_PP1_TP6 pid=10488) (Worker_PP1_TP7 pid=10489) ERROR 08-05 07:59:50 [multiproc_executor.py:1018]     output = self.model_runner.execute_model(
ERROR 08-05 07:59:50 [multiproc_executor.py:1018]   File "/usr/local/lib/python3.12/dist-packages/vllm/v1/worker/worker_base.py", line 351, in execute_model
(Worker_PP1_TP2 pid=10484) (Worker_PP1_TP0 pid=10482) ERROR 08-05 07:59:50 [multiproc_executor.py:1018]     return self.worker.execute_model(scheduler_output)
(Worker_PP1_TP1 pid=10483) ERROR 08-05 07:59:50 [multiproc_executor.py:1018]            ^^^^^^^^^^^^^^^^^^^^^^^^^^^^^^^^^^^^^^^^^^^
ERROR 08-05 07:59:50 [multiproc_executor.py:1018]            ^^^^^^^^^^^^^^^^^^^^^^^^^^^^^^^^^^^^^^^^^^^
(Worker_PP1_TP3 pid=10485) (Worker_PP1_TP5 pid=10487) ERROR 08-05 07:59:50 [multiproc_executor.py:1018]            ^^^^^^^^^^^^^^^^^^^^^^^^^^^^^^^^^^^^^^^^^^^
ERROR 08-05 07:59:50 [multiproc_executor.py:1018]   File "/usr/local/lib/python3.12/dist-packages/vllm/v1/worker/worker_base.py", line 351, in execute_model
(Worker_PP1_TP4 pid=10486) ERROR 08-05 07:59:50 [multiproc_executor.py:1018]     torch.ops._C_cache_ops.swap_blocks_batch(
(Worker_PP1_TP6 pid=10488) (Worker_PP1_TP7 pid=10489) ERROR 08-05 07:59:50 [multiproc_executor.py:1018]              ^^^^^^^^^^^^^^^^^^^^^^^^^^^^^^^^
ERROR 08-05 07:59:50 [multiproc_executor.py:1018]     return self.worker.execute_model(scheduler_output)
(Worker_PP1_TP2 pid=10484) (Worker_PP1_TP0 pid=10482) ERROR 08-05 07:59:50 [multiproc_executor.py:1018]            ^^^^^^^^^^^^^^^^^^^^^^^^^^^^^^^^^^^^^^^^^^^
(Worker_PP1_TP1 pid=10483) ERROR 08-05 07:59:50 [multiproc_executor.py:1018]   File "/usr/local/lib/python3.12/dist-packages/torch/utils/_contextlib.py", line 124, in decorate_context
ERROR 08-05 07:59:50 [multiproc_executor.py:1018]   File "/usr/local/lib/python3.12/dist-packages/torch/utils/_contextlib.py", line 124, in decorate_context
(Worker_PP1_TP3 pid=10485) (Worker_PP1_TP5 pid=10487) ERROR 08-05 07:59:50 [multiproc_executor.py:1018]   File "/usr/local/lib/python3.12/dist-packages/torch/utils/_contextlib.py", line 124, in decorate_context
ERROR 08-05 07:59:50 [multiproc_executor.py:1018]     return self.worker.execute_model(scheduler_output)
(Worker_PP1_TP4 pid=10486) ERROR 08-05 07:59:50 [multiproc_executor.py:1018]   File "/usr/local/lib/python3.12/dist-packages/torch/_ops.py", line 1279, in __call__
(Worker_PP1_TP6 pid=10488) (Worker_PP1_TP7 pid=10489) ERROR 08-05 07:59:50 [multiproc_executor.py:1018]   File "/usr/local/lib/python3.12/dist-packages/torch/utils/_contextlib.py", line 124, in decorate_context
ERROR 08-05 07:59:50 [multiproc_executor.py:1018]            ^^^^^^^^^^^^^^^^^^^^^^^^^^^^^^^^^^^^^^^^^^^
(Worker_PP1_TP2 pid=10484) (Worker_PP1_TP0 pid=10482) ERROR 08-05 07:59:50 [multiproc_executor.py:1018]   File "/usr/local/lib/python3.12/dist-packages/torch/utils/_contextlib.py", line 124, in decorate_context
(Worker_PP1_TP1 pid=10483) ERROR 08-05 07:59:50 [multiproc_executor.py:1018]     return func(*args, **kwargs)
ERROR 08-05 07:59:50 [multiproc_executor.py:1018]     return func(*args, **kwargs)
(Worker_PP1_TP3 pid=10485) (Worker_PP1_TP5 pid=10487) ERROR 08-05 07:59:50 [multiproc_executor.py:1018]     return func(*args, **kwargs)
ERROR 08-05 07:59:50 [multiproc_executor.py:1018]            ^^^^^^^^^^^^^^^^^^^^^^^^^^^^^^^^^^^^^^^^^^^
(Worker_PP1_TP4 pid=10486) ERROR 08-05 07:59:50 [multiproc_executor.py:1018]     return self._op(*args, **kwargs)
(Worker_PP1_TP6 pid=10488) (Worker_PP1_TP7 pid=10489) ERROR 08-05 07:59:50 [multiproc_executor.py:1018]     return func(*args, **kwargs)
ERROR 08-05 07:59:50 [multiproc_executor.py:1018]   File "/usr/local/lib/python3.12/dist-packages/torch/utils/_contextlib.py", line 124, in decorate_context
(Worker_PP1_TP2 pid=10484) (Worker_PP1_TP0 pid=10482) ERROR 08-05 07:59:50 [multiproc_executor.py:1018]     return func(*args, **kwargs)
(Worker_PP1_TP1 pid=10483) ERROR 08-05 07:59:50 [multiproc_executor.py:1018]            ^^^^^^^^^^^^^^^^^^^^^
ERROR 08-05 07:59:50 [multiproc_executor.py:1018]            ^^^^^^^^^^^^^^^^^^^^^
(Worker_PP1_TP3 pid=10485) (Worker_PP1_TP5 pid=10487) ERROR 08-05 07:59:50 [multiproc_executor.py:1018]            ^^^^^^^^^^^^^^^^^^^^^
ERROR 08-05 07:59:50 [multiproc_executor.py:1018]   File "/usr/local/lib/python3.12/dist-packages/torch/utils/_contextlib.py", line 124, in decorate_context
(Worker_PP1_TP4 pid=10486) ERROR 08-05 07:59:50 [multiproc_executor.py:1018]            ^^^^^^^^^^^^^^^^^^^^^^^^^
(Worker_PP1_TP6 pid=10488) (Worker_PP1_TP7 pid=10489) ERROR 08-05 07:59:50 [multiproc_executor.py:1018]            ^^^^^^^^^^^^^^^^^^^^^
ERROR 08-05 07:59:50 [multiproc_executor.py:1018]     return func(*args, **kwargs)
(Worker_PP1_TP2 pid=10484) (Worker_PP1_TP0 pid=10482) ERROR 08-05 07:59:50 [multiproc_executor.py:1018]            ^^^^^^^^^^^^^^^^^^^^^
(Worker_PP1_TP1 pid=10483) ERROR 08-05 07:59:50 [multiproc_executor.py:1018]   File "/usr/local/lib/python3.12/dist-packages/vllm/v1/worker/gpu_worker.py", line 1065, in execute_model
ERROR 08-05 07:59:50 [multiproc_executor.py:1018]   File "/usr/local/lib/python3.12/dist-packages/vllm/v1/worker/gpu_worker.py", line 1065, in execute_model
(Worker_PP1_TP3 pid=10485) (Worker_PP1_TP5 pid=10487) ERROR 08-05 07:59:50 [multiproc_executor.py:1018]   File "/usr/local/lib/python3.12/dist-packages/vllm/v1/worker/gpu_worker.py", line 1065, in execute_model
ERROR 08-05 07:59:50 [multiproc_executor.py:1018]     return func(*args, **kwargs)
(Worker_PP1_TP4 pid=10486) ERROR 08-05 07:59:50 [multiproc_executor.py:1018] RuntimeError: swap_blocks_batch, /workspace/csrc/libtorch_stable/cache_kernels.cu:150, cuMemcpyBatchAsync failed at index 11 with error 1
(Worker_PP1_TP6 pid=10488) (Worker_PP1_TP7 pid=10489) ERROR 08-05 07:59:50 [multiproc_executor.py:1018]   File "/usr/local/lib/python3.12/dist-packages/vllm/v1/worker/gpu/model_runner.py", line 1373, in execute_model
ERROR 08-05 07:59:50 [multiproc_executor.py:1018]            ^^^^^^^^^^^^^^^^^^^^^
(Worker_PP1_TP2 pid=10484) (Worker_PP1_TP0 pid=10482) ERROR 08-05 07:59:50 [multiproc_executor.py:1018]   File "/usr/local/lib/python3.12/dist-packages/vllm/v1/worker/gpu_worker.py", line 1065, in execute_model
(Worker_PP1_TP1 pid=10483) ERROR 08-05 07:59:50 [multiproc_executor.py:1018]     output = self.model_runner.execute_model(
ERROR 08-05 07:59:50 [multiproc_executor.py:1018]     output = self.model_runner.execute_model(
(Worker_PP1_TP3 pid=10485) (Worker_PP1_TP5 pid=10487) ERROR 08-05 07:59:50 [multiproc_executor.py:1018]     output = self.model_runner.execute_model(
ERROR 08-05 07:59:50 [multiproc_executor.py:1018]            ^^^^^^^^^^^^^^^^^^^^^
(Worker_PP1_TP4 pid=10486) ERROR 08-05 07:59:50 [multiproc_executor.py:1018] Traceback (most recent call last):
(Worker_PP1_TP6 pid=10488) (Worker_PP1_TP7 pid=10489) ERROR 08-05 07:59:50 [multiproc_executor.py:1018]     self.kv_connector.pre_forward(scheduler_output)
ERROR 08-05 07:59:50 [multiproc_executor.py:1018]   File "/usr/local/lib/python3.12/dist-packages/vllm/v1/worker/gpu_worker.py", line 1065, in execute_model
(Worker_PP1_TP2 pid=10484) (Worker_PP1_TP0 pid=10482) ERROR 08-05 07:59:50 [multiproc_executor.py:1018]     output = self.model_runner.execute_model(
(Worker_PP1_TP1 pid=10483) ERROR 08-05 07:59:50 [multiproc_executor.py:1018]              ^^^^^^^^^^^^^^^^^^^^^^^^^^^^^^^^
ERROR 08-05 07:59:50 [multiproc_executor.py:1018]              ^^^^^^^^^^^^^^^^^^^^^^^^^^^^^^^^
(Worker_PP1_TP3 pid=10485) (Worker_PP1_TP5 pid=10487) ERROR 08-05 07:59:50 [multiproc_executor.py:1018]              ^^^^^^^^^^^^^^^^^^^^^^^^^^^^^^^^
ERROR 08-05 07:59:50 [multiproc_executor.py:1018]   File "/usr/local/lib/python3.12/dist-packages/vllm/v1/worker/gpu_worker.py", line 1065, in execute_model
(Worker_PP1_TP4 pid=10486) ERROR 08-05 07:59:50 [multiproc_executor.py:1018]   File "/usr/local/lib/python3.12/dist-packages/vllm/v1/executor/multiproc_executor.py", line 1010, in worker_busy_loop
(Worker_PP1_TP6 pid=10488) (Worker_PP1_TP7 pid=10489) ERROR 08-05 07:59:50 [multiproc_executor.py:1018]   File "/usr/local/lib/python3.12/dist-packages/vllm/v1/worker/gpu/kv_connector.py", line 67, in pre_forward
ERROR 08-05 07:59:50 [multiproc_executor.py:1018]     output = self.model_runner.execute_model(
(Worker_PP1_TP2 pid=10484) (Worker_PP1_TP0 pid=10482) ERROR 08-05 07:59:50 [multiproc_executor.py:1018]              ^^^^^^^^^^^^^^^^^^^^^^^^^^^^^^^^
(Worker_PP1_TP1 pid=10483) ERROR 08-05 07:59:50 [multiproc_executor.py:1018]   File "/usr/local/lib/python3.12/dist-packages/torch/utils/_contextlib.py", line 124, in decorate_context
ERROR 08-05 07:59:50 [multiproc_executor.py:1018]   File "/usr/local/lib/python3.12/dist-packages/torch/utils/_contextlib.py", line 124, in decorate_context
(Worker_PP1_TP3 pid=10485) (Worker_PP1_TP5 pid=10487) ERROR 08-05 07:59:50 [multiproc_executor.py:1018]   File "/usr/local/lib/python3.12/dist-packages/torch/utils/_contextlib.py", line 124, in decorate_context
ERROR 08-05 07:59:50 [multiproc_executor.py:1018]     output = self.model_runner.execute_model(
(Worker_PP1_TP4 pid=10486) ERROR 08-05 07:59:50 [multiproc_executor.py:1018]     output = func(*args, **kwargs)
(Worker_PP1_TP6 pid=10488) (Worker_PP1_TP7 pid=10489) ERROR 08-05 07:59:50 [multiproc_executor.py:1018]     self.kv_connector.handle_preemptions(kv_connector_metadata)
ERROR 08-05 07:59:50 [multiproc_executor.py:1018]              ^^^^^^^^^^^^^^^^^^^^^^^^^^^^^^^^
(Worker_PP1_TP2 pid=10484) (Worker_PP1_TP0 pid=10482) ERROR 08-05 07:59:50 [multiproc_executor.py:1018]   File "/usr/local/lib/python3.12/dist-packages/torch/utils/_contextlib.py", line 124, in decorate_context
(Worker_PP1_TP1 pid=10483) ERROR 08-05 07:59:50 [multiproc_executor.py:1018]     return func(*args, **kwargs)
ERROR 08-05 07:59:50 [multiproc_executor.py:1018]     return func(*args, **kwargs)
(Worker_PP1_TP3 pid=10485) (Worker_PP1_TP5 pid=10487) ERROR 08-05 07:59:50 [multiproc_executor.py:1018]     return func(*args, **kwargs)
ERROR 08-05 07:59:50 [multiproc_executor.py:1018]              ^^^^^^^^^^^^^^^^^^^^^^^^^^^^^^^^
(Worker_PP1_TP4 pid=10486) ERROR 08-05 07:59:50 [multiproc_executor.py:1018]              ^^^^^^^^^^^^^^^^^^^^^
(Worker_PP1_TP6 pid=10488) (Worker_PP1_TP7 pid=10489) ERROR 08-05 07:59:50 [multiproc_executor.py:1018]   File "/usr/local/lib/python3.12/dist-packages/vllm/distributed/kv_transfer/kv_connector/v1/offloading_connector.py", line 93, in handle_preemptions
ERROR 08-05 07:59:50 [multiproc_executor.py:1018]   File "/usr/local/lib/python3.12/dist-packages/torch/utils/_contextlib.py", line 124, in decorate_context
(Worker_PP1_TP2 pid=10484) (Worker_PP1_TP0 pid=10482) ERROR 08-05 07:59:50 [multiproc_executor.py:1018]     return func(*args, **kwargs)
(Worker_PP1_TP1 pid=10483) ERROR 08-05 07:59:50 [multiproc_executor.py:1018]            ^^^^^^^^^^^^^^^^^^^^^
ERROR 08-05 07:59:50 [multiproc_executor.py:1018]            ^^^^^^^^^^^^^^^^^^^^^
(Worker_PP1_TP3 pid=10485) (Worker_PP1_TP5 pid=10487) ERROR 08-05 07:59:50 [multiproc_executor.py:1018]            ^^^^^^^^^^^^^^^^^^^^^
ERROR 08-05 07:59:50 [multiproc_executor.py:1018]   File "/usr/local/lib/python3.12/dist-packages/torch/utils/_contextlib.py", line 124, in decorate_context
(Worker_PP1_TP4 pid=10486) ERROR 08-05 07:59:50 [multiproc_executor.py:1018]   File "/usr/local/lib/python3.12/dist-packages/vllm/v1/worker/worker_base.py", line 351, in execute_model
(Worker_PP1_TP6 pid=10488) (Worker_PP1_TP7 pid=10489) ERROR 08-05 07:59:50 [multiproc_executor.py:1018]     self.connector_worker.handle_preemptions(kv_connector_metadata)
ERROR 08-05 07:59:50 [multiproc_executor.py:1018]     return func(*args, **kwargs)
(Worker_PP1_TP2 pid=10484) (Worker_PP1_TP0 pid=10482) ERROR 08-05 07:59:50 [multiproc_executor.py:1018]            ^^^^^^^^^^^^^^^^^^^^^
(Worker_PP1_TP1 pid=10483) ERROR 08-05 07:59:50 [multiproc_executor.py:1018]   File "/usr/local/lib/python3.12/dist-packages/vllm/v1/worker/gpu/model_runner.py", line 1373, in execute_model
ERROR 08-05 07:59:50 [multiproc_executor.py:1018]   File "/usr/local/lib/python3.12/dist-packages/vllm/v1/worker/gpu/model_runner.py", line 1373, in execute_model
(Worker_PP1_TP3 pid=10485) (Worker_PP1_TP5 pid=10487) ERROR 08-05 07:59:50 [multiproc_executor.py:1018]            ^^^^^^^^^^^^^^^^^^^^^
(Worker_PP1_TP5 pid=10487) ERROR 08-05 07:59:50 [multiproc_executor.py:1018]   File "/usr/local/lib/python3.12/dist-packages/vllm/v1/worker/gpu/model_runner.py", line 1373, in execute_model
ERROR 08-05 07:59:50 [multiproc_executor.py:1018]     return func(*args, **kwargs)
(Worker_PP1_TP4 pid=10486) ERROR 08-05 07:59:50 [multiproc_executor.py:1018]     return self.worker.execute_model(scheduler_output)
(Worker_PP1_TP6 pid=10488) (Worker_PP1_TP7 pid=10489) ERROR 08-05 07:59:50 [multiproc_executor.py:1018]   File "/usr/local/lib/python3.12/dist-packages/vllm/distributed/kv_transfer/kv_connector/v1/offloading/worker.py", line 285, in handle_preemptions
ERROR 08-05 07:59:50 [multiproc_executor.py:1018]   File "/usr/local/lib/python3.12/dist-packages/vllm/v1/worker/gpu/model_runner.py", line 1373, in execute_model
(Worker_PP1_TP2 pid=10484) (Worker_PP1_TP0 pid=10482) ERROR 08-05 07:59:50 [multiproc_executor.py:1018]   File "/usr/local/lib/python3.12/dist-packages/vllm/v1/worker/gpu/model_runner.py", line 1373, in execute_model
(Worker_PP1_TP1 pid=10483) ERROR 08-05 07:59:50 [multiproc_executor.py:1018]     self.kv_connector.pre_forward(scheduler_output)
ERROR 08-05 07:59:50 [multiproc_executor.py:1018]     self.kv_connector.pre_forward(scheduler_output)
(Worker_PP1_TP3 pid=10485) (Worker_PP1_TP5 pid=10487) ERROR 08-05 07:59:50 [multiproc_executor.py:1018]     self.kv_connector.pre_forward(scheduler_output)
ERROR 08-05 07:59:50 [multiproc_executor.py:1018]            ^^^^^^^^^^^^^^^^^^^^^
(Worker_PP1_TP4 pid=10486) ERROR 08-05 07:59:50 [multiproc_executor.py:1018]            ^^^^^^^^^^^^^^^^^^^^^^^^^^^^^^^^^^^^^^^^^^^
(Worker_PP1_TP6 pid=10488) (Worker_PP1_TP7 pid=10489) ERROR 08-05 07:59:50 [multiproc_executor.py:1018]     success = self.worker.submit_store(job_id, src_spec, dst_spec)
ERROR 08-05 07:59:50 [multiproc_executor.py:1018]     self.kv_connector.pre_forward(scheduler_output)
(Worker_PP1_TP2 pid=10484) (Worker_PP1_TP0 pid=10482) ERROR 08-05 07:59:50 [multiproc_executor.py:1018]     self.kv_connector.pre_forward(scheduler_output)
(Worker_PP1_TP1 pid=10483) ERROR 08-05 07:59:50 [multiproc_executor.py:1018]   File "/usr/local/lib/python3.12/dist-packages/vllm/v1/worker/gpu/kv_connector.py", line 67, in pre_forward
ERROR 08-05 07:59:50 [multiproc_executor.py:1018]   File "/usr/local/lib/python3.12/dist-packages/vllm/v1/worker/gpu/kv_connector.py", line 67, in pre_forward
(Worker_PP1_TP3 pid=10485) (Worker_PP1_TP5 pid=10487) ERROR 08-05 07:59:50 [multiproc_executor.py:1018]   File "/usr/local/lib/python3.12/dist-packages/vllm/v1/worker/gpu/kv_connector.py", line 67, in pre_forward
ERROR 08-05 07:59:50 [multiproc_executor.py:1018]   File "/usr/local/lib/python3.12/dist-packages/vllm/v1/worker/gpu/model_runner.py", line 1373, in execute_model
(Worker_PP1_TP4 pid=10486) ERROR 08-05 07:59:50 [multiproc_executor.py:1018]   File "/usr/local/lib/python3.12/dist-packages/torch/utils/_contextlib.py", line 124, in decorate_context
(Worker_PP1_TP6 pid=10488) (Worker_PP1_TP7 pid=10489) ERROR 08-05 07:59:50 [multiproc_executor.py:1018]               ^^^^^^^^^^^^^^^^^^^^^^^^^^^^^^^^^^^^^^^^^^^^^^^^^^^^
ERROR 08-05 07:59:50 [multiproc_executor.py:1018]   File "/usr/local/lib/python3.12/dist-packages/vllm/v1/worker/gpu/kv_connector.py", line 67, in pre_forward
(Worker_PP1_TP2 pid=10484) (Worker_PP1_TP0 pid=10482) ERROR 08-05 07:59:50 [multiproc_executor.py:1018]   File "/usr/local/lib/python3.12/dist-packages/vllm/v1/worker/gpu/kv_connector.py", line 67, in pre_forward
(Worker_PP1_TP1 pid=10483) ERROR 08-05 07:59:50 [multiproc_executor.py:1018]     self.kv_connector.handle_preemptions(kv_connector_metadata)
ERROR 08-05 07:59:50 [multiproc_executor.py:1018]     self.kv_connector.handle_preemptions(kv_connector_metadata)
(Worker_PP1_TP3 pid=10485) (Worker_PP1_TP5 pid=10487) ERROR 08-05 07:59:50 [multiproc_executor.py:1018]     self.kv_connector.handle_preemptions(kv_connector_metadata)
ERROR 08-05 07:59:50 [multiproc_executor.py:1018]     self.kv_connector.pre_forward(scheduler_output)
(Worker_PP1_TP4 pid=10486) ERROR 08-05 07:59:50 [multiproc_executor.py:1018]     return func(*args, **kwargs)
(Worker_PP1_TP6 pid=10488) (Worker_PP1_TP7 pid=10489) ERROR 08-05 07:59:50 [multiproc_executor.py:1018]   File "/usr/local/lib/python3.12/dist-packages/vllm/v1/kv_offload/cpu/gpu_worker.py", line 535, in submit_store
ERROR 08-05 07:59:50 [multiproc_executor.py:1018]     self.kv_connector.handle_preemptions(kv_connector_metadata)
(Worker_PP1_TP2 pid=10484) (Worker_PP1_TP0 pid=10482) ERROR 08-05 07:59:50 [multiproc_executor.py:1018]     self.kv_connector.handle_preemptions(kv_connector_metadata)
(Worker_PP1_TP1 pid=10483) ERROR 08-05 07:59:50 [multiproc_executor.py:1018]   File "/usr/local/lib/python3.12/dist-packages/vllm/distributed/kv_transfer/kv_connector/v1/offloading_connector.py", line 93, in handle_preemptions
ERROR 08-05 07:59:50 [multiproc_executor.py:1018]   File "/usr/local/lib/python3.12/dist-packages/vllm/distributed/kv_transfer/kv_connector/v1/offloading_connector.py", line 93, in handle_preemptions
(Worker_PP1_TP3 pid=10485) (Worker_PP1_TP5 pid=10487) ERROR 08-05 07:59:50 [multiproc_executor.py:1018]   File "/usr/local/lib/python3.12/dist-packages/vllm/distributed/kv_transfer/kv_connector/v1/offloading_connector.py", line 93, in handle_preemptions
ERROR 08-05 07:59:50 [multiproc_executor.py:1018]   File "/usr/local/lib/python3.12/dist-packages/vllm/v1/worker/gpu/kv_connector.py", line 67, in pre_forward
(Worker_PP1_TP4 pid=10486) ERROR 08-05 07:59:50 [multiproc_executor.py:1018]            ^^^^^^^^^^^^^^^^^^^^^
(Worker_PP1_TP6 pid=10488) (Worker_PP1_TP7 pid=10489) ERROR 08-05 07:59:50 [multiproc_executor.py:1018]     return self._store_handler.transfer_async(job_id, src_spec, dst_spec)
ERROR 08-05 07:59:50 [multiproc_executor.py:1018]   File "/usr/local/lib/python3.12/dist-packages/vllm/distributed/kv_transfer/kv_connector/v1/offloading_connector.py", line 93, in handle_preemptions
(Worker_PP1_TP2 pid=10484) (Worker_PP1_TP0 pid=10482) ERROR 08-05 07:59:50 [multiproc_executor.py:1018]   File "/usr/local/lib/python3.12/dist-packages/vllm/distributed/kv_transfer/kv_connector/v1/offloading_connector.py", line 93, in handle_preemptions
(Worker_PP1_TP1 pid=10483) ERROR 08-05 07:59:50 [multiproc_executor.py:1018]     self.connector_worker.handle_preemptions(kv_connector_metadata)
ERROR 08-05 07:59:50 [multiproc_executor.py:1018]     self.connector_worker.handle_preemptions(kv_connector_metadata)
(Worker_PP1_TP3 pid=10485) (Worker_PP1_TP5 pid=10487) ERROR 08-05 07:59:50 [multiproc_executor.py:1018]     self.connector_worker.handle_preemptions(kv_connector_metadata)
ERROR 08-05 07:59:50 [multiproc_executor.py:1018]     self.kv_connector.handle_preemptions(kv_connector_metadata)
(Worker_PP1_TP4 pid=10486) ERROR 08-05 07:59:50 [multiproc_executor.py:1018]   File "/usr/local/lib/python3.12/dist-packages/vllm/v1/worker/gpu_worker.py", line 1065, in execute_model
(Worker_PP1_TP6 pid=10488) (Worker_PP1_TP7 pid=10489) ERROR 08-05 07:59:50 [multiproc_executor.py:1018]            ^^^^^^^^^^^^^^^^^^^^^^^^^^^^^^^^^^^^^^^^^^^^^^^^^^^^^^^^^^^^^^
ERROR 08-05 07:59:50 [multiproc_executor.py:1018]     self.connector_worker.handle_preemptions(kv_connector_metadata)
(Worker_PP1_TP2 pid=10484) (Worker_PP1_TP0 pid=10482) ERROR 08-05 07:59:50 [multiproc_executor.py:1018]     self.connector_worker.handle_preemptions(kv_connector_metadata)
(Worker_PP1_TP1 pid=10483) ERROR 08-05 07:59:50 [multiproc_executor.py:1018]   File "/usr/local/lib/python3.12/dist-packages/vllm/distributed/kv_transfer/kv_connector/v1/offloading/worker.py", line 285, in handle_preemptions
ERROR 08-05 07:59:50 [multiproc_executor.py:1018]   File "/usr/local/lib/python3.12/dist-packages/vllm/distributed/kv_transfer/kv_connector/v1/offloading/worker.py", line 285, in handle_preemptions
(Worker_PP1_TP3 pid=10485) (Worker_PP1_TP5 pid=10487) ERROR 08-05 07:59:50 [multiproc_executor.py:1018]   File "/usr/local/lib/python3.12/dist-packages/vllm/distributed/kv_transfer/kv_connector/v1/offloading/worker.py", line 285, in handle_preemptions
ERROR 08-05 07:59:50 [multiproc_executor.py:1018]   File "/usr/local/lib/python3.12/dist-packages/vllm/distributed/kv_transfer/kv_connector/v1/offloading_connector.py", line 93, in handle_preemptions
(Worker_PP1_TP4 pid=10486) ERROR 08-05 07:59:50 [multiproc_executor.py:1018]     output = self.model_runner.execute_model(
(Worker_PP1_TP6 pid=10488) (Worker_PP1_TP7 pid=10489) ERROR 08-05 07:59:50 [multiproc_executor.py:1018]   File "/usr/local/lib/python3.12/dist-packages/vllm/v1/kv_offload/cpu/gpu_worker.py", line 394, in transfer_async
ERROR 08-05 07:59:50 [multiproc_executor.py:1018]   File "/usr/local/lib/python3.12/dist-packages/vllm/distributed/kv_transfer/kv_connector/v1/offloading/worker.py", line 285, in handle_preemptions
(Worker_PP1_TP2 pid=10484) (Worker_PP1_TP0 pid=10482) ERROR 08-05 07:59:50 [multiproc_executor.py:1018]   File "/usr/local/lib/python3.12/dist-packages/vllm/distributed/kv_transfer/kv_connector/v1/offloading/worker.py", line 285, in handle_preemptions
(Worker_PP1_TP1 pid=10483) ERROR 08-05 07:59:50 [multiproc_executor.py:1018]     success = self.worker.submit_store(job_id, src_spec, dst_spec)
ERROR 08-05 07:59:50 [multiproc_executor.py:1018]     success = self.worker.submit_store(job_id, src_spec, dst_spec)
(Worker_PP1_TP3 pid=10485) (Worker_PP1_TP5 pid=10487) ERROR 08-05 07:59:50 [multiproc_executor.py:1018]     success = self.worker.submit_store(job_id, src_spec, dst_spec)
ERROR 08-05 07:59:50 [multiproc_executor.py:1018]     self.connector_worker.handle_preemptions(kv_connector_metadata)
(Worker_PP1_TP4 pid=10486) ERROR 08-05 07:59:50 [multiproc_executor.py:1018]              ^^^^^^^^^^^^^^^^^^^^^^^^^^^^^^^^
(Worker_PP1_TP6 pid=10488) (Worker_PP1_TP7 pid=10489) ERROR 08-05 07:59:50 [multiproc_executor.py:1018]     self._swap_blocks_batch(
ERROR 08-05 07:59:50 [multiproc_executor.py:1018]     success = self.worker.submit_store(job_id, src_spec, dst_spec)
(Worker_PP1_TP2 pid=10484) (Worker_PP1_TP0 pid=10482) ERROR 08-05 07:59:50 [multiproc_executor.py:1018]     success = self.worker.submit_store(job_id, src_spec, dst_spec)
(Worker_PP1_TP1 pid=10483) ERROR 08-05 07:59:50 [multiproc_executor.py:1018]               ^^^^^^^^^^^^^^^^^^^^^^^^^^^^^^^^^^^^^^^^^^^^^^^^^^^^
ERROR 08-05 07:59:50 [multiproc_executor.py:1018]               ^^^^^^^^^^^^^^^^^^^^^^^^^^^^^^^^^^^^^^^^^^^^^^^^^^^^
(Worker_PP1_TP3 pid=10485) (Worker_PP1_TP5 pid=10487) ERROR 08-05 07:59:50 [multiproc_executor.py:1018]               ^^^^^^^^^^^^^^^^^^^^^^^^^^^^^^^^^^^^^^^^^^^^^^^^^^^^
ERROR 08-05 07:59:50 [multiproc_executor.py:1018]   File "/usr/local/lib/python3.12/dist-packages/vllm/distributed/kv_transfer/kv_connector/v1/offloading/worker.py", line 285, in handle_preemptions
(Worker_PP1_TP4 pid=10486) ERROR 08-05 07:59:50 [multiproc_executor.py:1018]   File "/usr/local/lib/python3.12/dist-packages/torch/utils/_contextlib.py", line 124, in decorate_context
(Worker_PP1_TP6 pid=10488) (Worker_PP1_TP7 pid=10489) ERROR 08-05 07:59:50 [multiproc_executor.py:1018]   File "/usr/local/lib/python3.12/dist-packages/vllm/_custom_ops.py", line 2922, in swap_blocks_batch
ERROR 08-05 07:59:50 [multiproc_executor.py:1018]               ^^^^^^^^^^^^^^^^^^^^^^^^^^^^^^^^^^^^^^^^^^^^^^^^^^^^
(Worker_PP1_TP2 pid=10484) (Worker_PP1_TP0 pid=10482) ERROR 08-05 07:59:50 [multiproc_executor.py:1018]               ^^^^^^^^^^^^^^^^^^^^^^^^^^^^^^^^^^^^^^^^^^^^^^^^^^^^
(Worker_PP1_TP1 pid=10483) ERROR 08-05 07:59:50 [multiproc_executor.py:1018]   File "/usr/local/lib/python3.12/dist-packages/vllm/v1/kv_offload/cpu/gpu_worker.py", line 535, in submit_store
ERROR 08-05 07:59:50 [multiproc_executor.py:1018]   File "/usr/local/lib/python3.12/dist-packages/vllm/v1/kv_offload/cpu/gpu_worker.py", line 535, in submit_store
(Worker_PP1_TP3 pid=10485) (Worker_PP1_TP5 pid=10487) ERROR 08-05 07:59:50 [multiproc_executor.py:1018]   File "/usr/local/lib/python3.12/dist-packages/vllm/v1/kv_offload/cpu/gpu_worker.py", line 535, in submit_store
ERROR 08-05 07:59:50 [multiproc_executor.py:1018]     success = self.worker.submit_store(job_id, src_spec, dst_spec)
(Worker_PP1_TP4 pid=10486) ERROR 08-05 07:59:50 [multiproc_executor.py:1018]     return func(*args, **kwargs)
(Worker_PP1_TP6 pid=10488) (Worker_PP1_TP7 pid=10489) ERROR 08-05 07:59:50 [multiproc_executor.py:1018]     torch.ops._C_cache_ops.swap_blocks_batch(
ERROR 08-05 07:59:50 [multiproc_executor.py:1018]   File "/usr/local/lib/python3.12/dist-packages/vllm/v1/kv_offload/cpu/gpu_worker.py", line 535, in submit_store
(Worker_PP1_TP2 pid=10484) (Worker_PP1_TP0 pid=10482) ERROR 08-05 07:59:50 [multiproc_executor.py:1018]   File "/usr/local/lib/python3.12/dist-packages/vllm/v1/kv_offload/cpu/gpu_worker.py", line 535, in submit_store
(Worker_PP1_TP1 pid=10483) ERROR 08-05 07:59:50 [multiproc_executor.py:1018]     return self._store_handler.transfer_async(job_id, src_spec, dst_spec)
ERROR 08-05 07:59:50 [multiproc_executor.py:1018]     return self._store_handler.transfer_async(job_id, src_spec, dst_spec)
(Worker_PP1_TP3 pid=10485) (Worker_PP1_TP5 pid=10487) ERROR 08-05 07:59:50 [multiproc_executor.py:1018]     return self._store_handler.transfer_async(job_id, src_spec, dst_spec)
ERROR 08-05 07:59:50 [multiproc_executor.py:1018]               ^^^^^^^^^^^^^^^^^^^^^^^^^^^^^^^^^^^^^^^^^^^^^^^^^^^^
(Worker_PP1_TP4 pid=10486) ERROR 08-05 07:59:50 [multiproc_executor.py:1018]            ^^^^^^^^^^^^^^^^^^^^^
(Worker_PP1_TP6 pid=10488) (Worker_PP1_TP7 pid=10489) ERROR 08-05 07:59:50 [multiproc_executor.py:1018]   File "/usr/local/lib/python3.12/dist-packages/torch/_ops.py", line 1279, in __call__
ERROR 08-05 07:59:50 [multiproc_executor.py:1018]     return self._store_handler.transfer_async(job_id, src_spec, dst_spec)
(Worker_PP1_TP2 pid=10484) (Worker_PP1_TP0 pid=10482) ERROR 08-05 07:59:50 [multiproc_executor.py:1018]     return self._store_handler.transfer_async(job_id, src_spec, dst_spec)
(Worker_PP1_TP1 pid=10483) ERROR 08-05 07:59:50 [multiproc_executor.py:1018]            ^^^^^^^^^^^^^^^^^^^^^^^^^^^^^^^^^^^^^^^^^^^^^^^^^^^^^^^^^^^^^^
ERROR 08-05 07:59:50 [multiproc_executor.py:1018]            ^^^^^^^^^^^^^^^^^^^^^^^^^^^^^^^^^^^^^^^^^^^^^^^^^^^^^^^^^^^^^^
(Worker_PP1_TP3 pid=10485) (Worker_PP1_TP5 pid=10487) ERROR 08-05 07:59:50 [multiproc_executor.py:1018]            ^^^^^^^^^^^^^^^^^^^^^^^^^^^^^^^^^^^^^^^^^^^^^^^^^^^^^^^^^^^^^^
ERROR 08-05 07:59:50 [multiproc_executor.py:1018]   File "/usr/local/lib/python3.12/dist-packages/vllm/v1/kv_offload/cpu/gpu_worker.py", line 535, in submit_store
(Worker_PP1_TP4 pid=10486) ERROR 08-05 07:59:50 [multiproc_executor.py:1018]   File "/usr/local/lib/python3.12/dist-packages/vllm/v1/worker/gpu/model_runner.py", line 1373, in execute_model
(Worker_PP1_TP6 pid=10488) (Worker_PP1_TP7 pid=10489) ERROR 08-05 07:59:50 [multiproc_executor.py:1018]     return self._op(*args, **kwargs)
ERROR 08-05 07:59:50 [multiproc_executor.py:1018]            ^^^^^^^^^^^^^^^^^^^^^^^^^^^^^^^^^^^^^^^^^^^^^^^^^^^^^^^^^^^^^^
(Worker_PP1_TP2 pid=10484) (Worker_PP1_TP0 pid=10482) ERROR 08-05 07:59:50 [multiproc_executor.py:1018]            ^^^^^^^^^^^^^^^^^^^^^^^^^^^^^^^^^^^^^^^^^^^^^^^^^^^^^^^^^^^^^^
(Worker_PP1_TP1 pid=10483) ERROR 08-05 07:59:50 [multiproc_executor.py:1018]   File "/usr/local/lib/python3.12/dist-packages/vllm/v1/kv_offload/cpu/gpu_worker.py", line 394, in transfer_async
ERROR 08-05 07:59:50 [multiproc_executor.py:1018]   File "/usr/local/lib/python3.12/dist-packages/vllm/v1/kv_offload/cpu/gpu_worker.py", line 394, in transfer_async
(Worker_PP1_TP3 pid=10485) (Worker_PP1_TP5 pid=10487) ERROR 08-05 07:59:50 [multiproc_executor.py:1018]   File "/usr/local/lib/python3.12/dist-packages/vllm/v1/kv_offload/cpu/gpu_worker.py", line 394, in transfer_async
ERROR 08-05 07:59:50 [multiproc_executor.py:1018]     return self._store_handler.transfer_async(job_id, src_spec, dst_spec)
(Worker_PP1_TP4 pid=10486) ERROR 08-05 07:59:50 [multiproc_executor.py:1018]     self.kv_connector.pre_forward(scheduler_output)
(Worker_PP1_TP6 pid=10488) (Worker_PP1_TP7 pid=10489) ERROR 08-05 07:59:50 [multiproc_executor.py:1018]            ^^^^^^^^^^^^^^^^^^^^^^^^^
ERROR 08-05 07:59:50 [multiproc_executor.py:1018]   File "/usr/local/lib/python3.12/dist-packages/vllm/v1/kv_offload/cpu/gpu_worker.py", line 394, in transfer_async
(Worker_PP1_TP2 pid=10484) (Worker_PP1_TP0 pid=10482) ERROR 08-05 07:59:50 [multiproc_executor.py:1018]   File "/usr/local/lib/python3.12/dist-packages/vllm/v1/kv_offload/cpu/gpu_worker.py", line 394, in transfer_async
(Worker_PP1_TP1 pid=10483) ERROR 08-05 07:59:50 [multiproc_executor.py:1018]     self._swap_blocks_batch(
ERROR 08-05 07:59:50 [multiproc_executor.py:1018]     self._swap_blocks_batch(
(Worker_PP1_TP3 pid=10485) (Worker_PP1_TP5 pid=10487) ERROR 08-05 07:59:50 [multiproc_executor.py:1018]     self._swap_blocks_batch(
ERROR 08-05 07:59:50 [multiproc_executor.py:1018]            ^^^^^^^^^^^^^^^^^^^^^^^^^^^^^^^^^^^^^^^^^^^^^^^^^^^^^^^^^^^^^^
(Worker_PP1_TP4 pid=10486) ERROR 08-05 07:59:50 [multiproc_executor.py:1018]   File "/usr/local/lib/python3.12/dist-packages/vllm/v1/worker/gpu/kv_connector.py", line 67, in pre_forward
(Worker_PP1_TP6 pid=10488) (Worker_PP1_TP7 pid=10489) ERROR 08-05 07:59:50 [multiproc_executor.py:1018] RuntimeError: swap_blocks_batch, /workspace/csrc/libtorch_stable/cache_kernels.cu:150, cuMemcpyBatchAsync failed at index 11 with error 1
ERROR 08-05 07:59:50 [multiproc_executor.py:1018]     self._swap_blocks_batch(
(Worker_PP1_TP2 pid=10484) (Worker_PP1_TP0 pid=10482) ERROR 08-05 07:59:50 [multiproc_executor.py:1018]     self._swap_blocks_batch(
(Worker_PP1_TP1 pid=10483) ERROR 08-05 07:59:50 [multiproc_executor.py:1018]   File "/usr/local/lib/python3.12/dist-packages/vllm/_custom_ops.py", line 2922, in swap_blocks_batch
ERROR 08-05 07:59:50 [multiproc_executor.py:1018]   File "/usr/local/lib/python3.12/dist-packages/vllm/_custom_ops.py", line 2922, in swap_blocks_batch
(Worker_PP1_TP3 pid=10485) (Worker_PP1_TP5 pid=10487) ERROR 08-05 07:59:50 [multiproc_executor.py:1018]   File "/usr/local/lib/python3.12/dist-packages/vllm/_custom_ops.py", line 2922, in swap_blocks_batch
ERROR 08-05 07:59:50 [multiproc_executor.py:1018]   File "/usr/local/lib/python3.12/dist-packages/vllm/v1/kv_offload/cpu/gpu_worker.py", line 394, in transfer_async
(Worker_PP1_TP4 pid=10486) ERROR 08-05 07:59:50 [multiproc_executor.py:1018]     self.kv_connector.handle_preemptions(kv_connector_metadata)
(Worker_PP1_TP6 pid=10488) (Worker_PP1_TP7 pid=10489) ERROR 08-05 07:59:50 [multiproc_executor.py:1018] 
ERROR 08-05 07:59:50 [multiproc_executor.py:1018]   File "/usr/local/lib/python3.12/dist-packages/vllm/_custom_ops.py", line 2922, in swap_blocks_batch
(Worker_PP1_TP2 pid=10484) (Worker_PP1_TP0 pid=10482) ERROR 08-05 07:59:50 [multiproc_executor.py:1018]   File "/usr/local/lib/python3.12/dist-packages/vllm/_custom_ops.py", line 2922, in swap_blocks_batch
(Worker_PP1_TP1 pid=10483) ERROR 08-05 07:59:50 [multiproc_executor.py:1018]     torch.ops._C_cache_ops.swap_blocks_batch(
ERROR 08-05 07:59:50 [multiproc_executor.py:1018]     torch.ops._C_cache_ops.swap_blocks_batch(
(Worker_PP1_TP5 pid=10487) ERROR 08-05 07:59:50 [multiproc_executor.py:1018]     torch.ops._C_cache_ops.swap_blocks_batch(
ERROR 08-05 07:59:50 [multiproc_executor.py:1018]     self._swap_blocks_batch(
(Worker_PP1_TP4 pid=10486) ERROR 08-05 07:59:50 [multiproc_executor.py:1018]   File "/usr/local/lib/python3.12/dist-packages/vllm/distributed/kv_transfer/kv_connector/v1/offloading_connector.py", line 93, in handle_preemptions
(Worker_PP1_TP6 pid=10488) (Worker_PP1_TP7 pid=10489) ERROR 08-05 07:59:50 [multiproc_executor.py:1018]     torch.ops._C_cache_ops.swap_blocks_batch(
ERROR 08-05 07:59:50 [multiproc_executor.py:1018]   File "/usr/local/lib/python3.12/dist-packages/torch/_ops.py", line 1279, in __call__
(Worker_PP1_TP2 pid=10484) (Worker_PP1_TP0 pid=10482) ERROR 08-05 07:59:50 [multiproc_executor.py:1018]     torch.ops._C_cache_ops.swap_blocks_batch(
(Worker_PP1_TP1 pid=10483) ERROR 08-05 07:59:50 [multiproc_executor.py:1018]   File "/usr/local/lib/python3.12/dist-packages/torch/_ops.py", line 1279, in __call__
(Worker_PP1_TP5 pid=10487) (Worker_PP1_TP7 pid=10489) ERROR 08-05 07:59:50 [multiproc_executor.py:1018]   File "/usr/local/lib/python3.12/dist-packages/torch/_ops.py", line 1279, in __call__
ERROR 08-05 07:59:50 [multiproc_executor.py:1018]     return self._op(*args, **kwargs)
ERROR 08-05 07:59:50 [multiproc_executor.py:1018]   File "/usr/local/lib/python3.12/dist-packages/vllm/_custom_ops.py", line 2922, in swap_blocks_batch
(Worker_PP1_TP4 pid=10486) ERROR 08-05 07:59:50 [multiproc_executor.py:1018]     self.connector_worker.handle_preemptions(kv_connector_metadata)
(Worker_PP1_TP6 pid=10488) ERROR 08-05 07:59:50 [multiproc_executor.py:1018]   File "/usr/local/lib/python3.12/dist-packages/torch/_ops.py", line 1279, in __call__
(Worker_PP1_TP2 pid=10484) (Worker_PP1_TP7 pid=10489) (Worker_PP1_TP0 pid=10482) ERROR 08-05 07:59:50 [multiproc_executor.py:1018]   File "/usr/local/lib/python3.12/dist-packages/torch/_ops.py", line 1279, in __call__
(Worker_PP1_TP1 pid=10483) ERROR 08-05 07:59:50 [multiproc_executor.py:1018]     return self._op(*args, **kwargs)
(Worker_PP1_TP5 pid=10487) ERROR 08-05 07:59:50 [multiproc_executor.py:1018]     return self._op(*args, **kwargs)
ERROR 08-05 07:59:50 [multiproc_executor.py:1018]            ^^^^^^^^^^^^^^^^^^^^^^^^^
ERROR 08-05 07:59:50 [multiproc_executor.py:1018]     torch.ops._C_cache_ops.swap_blocks_batch(
(Worker_PP1_TP4 pid=10486) ERROR 08-05 07:59:50 [multiproc_executor.py:1018]   File "/usr/local/lib/python3.12/dist-packages/vllm/distributed/kv_transfer/kv_connector/v1/offloading/worker.py", line 285, in handle_preemptions
(Worker_PP1_TP6 pid=10488) ERROR 08-05 07:59:50 [multiproc_executor.py:1018]     return self._op(*args, **kwargs)
(Worker_PP1_TP2 pid=10484) (Worker_PP1_TP7 pid=10489) (Worker_PP1_TP0 pid=10482) ERROR 08-05 07:59:50 [multiproc_executor.py:1018]     return self._op(*args, **kwargs)
(Worker_PP1_TP1 pid=10483) ERROR 08-05 07:59:50 [multiproc_executor.py:1018]            ^^^^^^^^^^^^^^^^^^^^^^^^^
(Worker_PP1_TP5 pid=10487) ERROR 08-05 07:59:50 [multiproc_executor.py:1018]            ^^^^^^^^^^^^^^^^^^^^^^^^^
ERROR 08-05 07:59:50 [multiproc_executor.py:1018] RuntimeError: swap_blocks_batch, /workspace/csrc/libtorch_stable/cache_kernels.cu:150, cuMemcpyBatchAsync failed at index 11 with error 1
ERROR 08-05 07:59:50 [multiproc_executor.py:1018]   File "/usr/local/lib/python3.12/dist-packages/torch/_ops.py", line 1279, in __call__
(Worker_PP1_TP4 pid=10486) ERROR 08-05 07:59:50 [multiproc_executor.py:1018]     success = self.worker.submit_store(job_id, src_spec, dst_spec)
(Worker_PP1_TP6 pid=10488) ERROR 08-05 07:59:50 [multiproc_executor.py:1018]            ^^^^^^^^^^^^^^^^^^^^^^^^^
(Worker_PP1_TP2 pid=10484) (Worker_PP1_TP7 pid=10489) (Worker_PP1_TP0 pid=10482) ERROR 08-05 07:59:50 [multiproc_executor.py:1018]            ^^^^^^^^^^^^^^^^^^^^^^^^^
(Worker_PP1_TP1 pid=10483) ERROR 08-05 07:59:50 [multiproc_executor.py:1018] RuntimeError: swap_blocks_batch, /workspace/csrc/libtorch_stable/cache_kernels.cu:150, cuMemcpyBatchAsync failed at index 11 with error 1
(Worker_PP1_TP5 pid=10487) ERROR 08-05 07:59:50 [multiproc_executor.py:1018] RuntimeError: swap_blocks_batch, /workspace/csrc/libtorch_stable/cache_kernels.cu:150, cuMemcpyBatchAsync failed at index 11 with error 1
ERROR 08-05 07:59:50 [multiproc_executor.py:1018] 
ERROR 08-05 07:59:50 [multiproc_executor.py:1018]     return self._op(*args, **kwargs)
(Worker_PP1_TP4 pid=10486) ERROR 08-05 07:59:50 [multiproc_executor.py:1018]               ^^^^^^^^^^^^^^^^^^^^^^^^^^^^^^^^^^^^^^^^^^^^^^^^^^^^
(Worker_PP1_TP6 pid=10488) ERROR 08-05 07:59:50 [multiproc_executor.py:1018] RuntimeError: swap_blocks_batch, /workspace/csrc/libtorch_stable/cache_kernels.cu:150, cuMemcpyBatchAsync failed at index 11 with error 1
(Worker_PP1_TP2 pid=10484) (Worker_PP1_TP0 pid=10482) ERROR 08-05 07:59:50 [multiproc_executor.py:1018] RuntimeError: swap_blocks_batch, /workspace/csrc/libtorch_stable/cache_kernels.cu:150, cuMemcpyBatchAsync failed at index 11 with error 1
(Worker_PP1_TP1 pid=10483) ERROR 08-05 07:59:50 [multiproc_executor.py:1018] 
(Worker_PP1_TP5 pid=10487) ERROR 08-05 07:59:50 [multiproc_executor.py:1018] 
ERROR 08-05 07:59:50 [multiproc_executor.py:1018]            ^^^^^^^^^^^^^^^^^^^^^^^^^
(Worker_PP1_TP4 pid=10486) ERROR 08-05 07:59:50 [multiproc_executor.py:1018]   File "/usr/local/lib/python3.12/dist-packages/vllm/v1/kv_offload/cpu/gpu_worker.py", line 535, in submit_store
ERROR 08-05 07:59:50 [multiproc_executor.py:1018] 
(Worker_PP1_TP0 pid=10482) ERROR 08-05 07:59:50 [multiproc_executor.py:1018] 
(Worker_PP1_TP1 pid=10483) ERROR 08-05 07:59:50 [multiproc_executor.py:1018] RuntimeError: swap_blocks_batch, /workspace/csrc/libtorch_stable/cache_kernels.cu:150, cuMemcpyBatchAsync failed at index 11 with error 1
ERROR 08-05 07:59:50 [multiproc_executor.py:1018]     return self._store_handler.transfer_async(job_id, src_spec, dst_spec)
(Worker_PP1_TP0 pid=10482) (Worker_PP1_TP1 pid=10483) ERROR 08-05 07:59:50 [multiproc_executor.py:1018] 
ERROR 08-05 07:59:50 [multiproc_executor.py:1018]            ^^^^^^^^^^^^^^^^^^^^^^^^^^^^^^^^^^^^^^^^^^^^^^^^^^^^^^^^^^^^^^
(Worker_PP1_TP1 pid=10483) ERROR 08-05 07:59:50 [multiproc_executor.py:1018]   File "/usr/local/lib/python3.12/dist-packages/vllm/v1/kv_offload/cpu/gpu_worker.py", line 394, in transfer_async
(Worker_PP1_TP1 pid=10483) ERROR 08-05 07:59:50 [multiproc_executor.py:1018]     self._swap_blocks_batch(
(Worker_PP1_TP1 pid=10483) ERROR 08-05 07:59:50 [multiproc_executor.py:1018]   File "/usr/local/lib/python3.12/dist-packages/vllm/_custom_ops.py", line 2922, in swap_blocks_batch
(Worker_PP1_TP1 pid=10483) ERROR 08-05 07:59:50 [multiproc_executor.py:1018]     torch.ops._C_cache_ops.swap_blocks_batch(
(Worker_PP1_TP1 pid=10483) ERROR 08-05 07:59:50 [multiproc_executor.py:1018]   File "/usr/local/lib/python3.12/dist-packages/torch/_ops.py", line 1279, in __call__
(Worker_PP1_TP1 pid=10483) ERROR 08-05 07:59:50 [multiproc_executor.py:1018]     return self._op(*args, **kwargs)
(Worker_PP1_TP1 pid=10483) ERROR 08-05 07:59:50 [multiproc_executor.py:1018]            ^^^^^^^^^^^^^^^^^^^^^^^^^
(Worker_PP1_TP1 pid=10483) ERROR 08-05 07:59:50 [multiproc_executor.py:1018] RuntimeError: swap_blocks_batch, /workspace/csrc/libtorch_stable/cache_kernels.cu:150, cuMemcpyBatchAsync failed at index 11 with error 1
(Worker_PP1_TP1 pid=10483) ERROR 08-05 07:59:50 [multiproc_executor.py:1018] 
(Worker_PP1_TP3 pid=10485) ERROR 08-05 07:59:50 [multiproc_executor.py:1018] WorkerProc hit an exception.
(Worker_PP1_TP3 pid=10485) ERROR 08-05 07:59:50 [multiproc_executor.py:1018] Traceback (most recent call last):
(Worker_PP1_TP3 pid=10485) ERROR 08-05 07:59:50 [multiproc_executor.py:1018]   File "/usr/local/lib/python3.12/dist-packages/vllm/v1/executor/multiproc_executor.py", line 1010, in worker_busy_loop
(Worker_PP1_TP3 pid=10485) ERROR 08-05 07:59:50 [multiproc_executor.py:1018]     output = func(*args, **kwargs)
(Worker_PP1_TP3 pid=10485) ERROR 08-05 07:59:50 [multiproc_executor.py:1018]              ^^^^^^^^^^^^^^^^^^^^^
(Worker_PP1_TP3 pid=10485) ERROR 08-05 07:59:50 [multiproc_executor.py:1018]   File "/usr/local/lib/python3.12/dist-packages/vllm/v1/worker/worker_base.py", line 351, in execute_model
(Worker_PP1_TP3 pid=10485) ERROR 08-05 07:59:50 [multiproc_executor.py:1018]     return self.worker.execute_model(scheduler_output)
(Worker_PP1_TP3 pid=10485) ERROR 08-05 07:59:50 [multiproc_executor.py:1018]            ^^^^^^^^^^^^^^^^^^^^^^^^^^^^^^^^^^^^^^^^^^^
(Worker_PP1_TP3 pid=10485) ERROR 08-05 07:59:50 [multiproc_executor.py:1018]   File "/usr/local/lib/python3.12/dist-packages/torch/utils/_contextlib.py", line 124, in decorate_context
(Worker_PP1_TP3 pid=10485) ERROR 08-05 07:59:50 [multiproc_executor.py:1018]     return func(*args, **kwargs)
(Worker_PP1_TP3 pid=10485) ERROR 08-05 07:59:50 [multiproc_executor.py:1018]            ^^^^^^^^^^^^^^^^^^^^^
(Worker_PP1_TP3 pid=10485) ERROR 08-05 07:59:50 [multiproc_executor.py:1018]   File "/usr/local/lib/python3.12/dist-packages/vllm/v1/worker/gpu_worker.py", line 1065, in execute_model
(Worker_PP1_TP3 pid=10485) ERROR 08-05 07:59:50 [multiproc_executor.py:1018]     output = self.model_runner.execute_model(
(Worker_PP1_TP3 pid=10485) ERROR 08-05 07:59:50 [multiproc_executor.py:1018]              ^^^^^^^^^^^^^^^^^^^^^^^^^^^^^^^^
(Worker_PP1_TP3 pid=10485) ERROR 08-05 07:59:50 [multiproc_executor.py:1018]   File "/usr/local/lib/python3.12/dist-packages/torch/utils/_contextlib.py", line 124, in decorate_context
(Worker_PP1_TP3 pid=10485) ERROR 08-05 07:59:50 [multiproc_executor.py:1018]     return func(*args, **kwargs)
(Worker_PP1_TP3 pid=10485) ERROR 08-05 07:59:50 [multiproc_executor.py:1018]            ^^^^^^^^^^^^^^^^^^^^^
(Worker_PP1_TP3 pid=10485) ERROR 08-05 07:59:50 [multiproc_executor.py:1018]   File "/usr/local/lib/python3.12/dist-packages/vllm/v1/worker/gpu/model_runner.py", line 1188, in execute_model
(Worker_PP1_TP3 pid=10485) ERROR 08-05 07:59:50 [multiproc_executor.py:1018]     empty_output = self.kv_connector.no_forward(scheduler_output)
(Worker_PP1_TP3 pid=10485) ERROR 08-05 07:59:50 [multiproc_executor.py:1018]                    ^^^^^^^^^^^^^^^^^^^^^^^^^^^^^^^^^^^^^^^^^^^^^^
(Worker_PP1_TP3 pid=10485) ERROR 08-05 07:59:50 [multiproc_executor.py:1018]   File "/usr/local/lib/python3.12/dist-packages/vllm/v1/worker/gpu/kv_connector.py", line 102, in no_forward
(Worker_PP1_TP3 pid=10485) ERROR 08-05 07:59:50 [multiproc_executor.py:1018]     self.pre_forward(scheduler_output)
(Worker_PP1_TP3 pid=10485) ERROR 08-05 07:59:50 [multiproc_executor.py:1018]   File "/usr/local/lib/python3.12/dist-packages/vllm/v1/worker/gpu/kv_connector.py", line 67, in pre_forward
(Worker_PP1_TP3 pid=10485) ERROR 08-05 07:59:50 [multiproc_executor.py:1018]     self.kv_connector.handle_preemptions(kv_connector_metadata)
(Worker_PP1_TP3 pid=10485) ERROR 08-05 07:59:50 [multiproc_executor.py:1018]   File "/usr/local/lib/python3.12/dist-packages/vllm/distributed/kv_transfer/kv_connector/v1/offloading_connector.py", line 93, in handle_preemptions
(Worker_PP1_TP3 pid=10485) ERROR 08-05 07:59:50 [multiproc_executor.py:1018]     self.connector_worker.handle_preemptions(kv_connector_metadata)
(Worker_PP1_TP3 pid=10485) ERROR 08-05 07:59:50 [multiproc_executor.py:1018]   File "/usr/local/lib/python3.12/dist-packages/vllm/distributed/kv_transfer/kv_connector/v1/offloading/worker.py", line 285, in handle_preemptions
(Worker_PP1_TP3 pid=10485) ERROR 08-05 07:59:50 [multiproc_executor.py:1018]     success = self.worker.submit_store(job_id, src_spec, dst_spec)
(Worker_PP1_TP3 pid=10485) ERROR 08-05 07:59:50 [multiproc_executor.py:1018]               ^^^^^^^^^^^^^^^^^^^^^^^^^^^^^^^^^^^^^^^^^^^^^^^^^^^^
(Worker_PP1_TP3 pid=10485) ERROR 08-05 07:59:50 [multiproc_executor.py:1018]   File "/usr/local/lib/python3.12/dist-packages/vllm/v1/kv_offload/cpu/gpu_worker.py", line 535, in submit_store
(Worker_PP1_TP3 pid=10485) ERROR 08-05 07:59:50 [multiproc_executor.py:1018]     return self._store_handler.transfer_async(job_id, src_spec, dst_spec)
(Worker_PP1_TP3 pid=10485) ERROR 08-05 07:59:50 [multiproc_executor.py:1018]            ^^^^^^^^^^^^^^^^^^^^^^^^^^^^^^^^^^^^^^^^^^^^^^^^^^^^^^^^^^^^^^
(Worker_PP1_TP3 pid=10485) ERROR 08-05 07:59:50 [multiproc_executor.py:1018]   File "/usr/local/lib/python3.12/dist-packages/vllm/v1/kv_offload/cpu/gpu_worker.py", line 394, in transfer_async
(Worker_PP1_TP3 pid=10485) ERROR 08-05 07:59:50 [multiproc_executor.py:1018]     self._swap_blocks_batch(
(Worker_PP1_TP3 pid=10485) ERROR 08-05 07:59:50 [multiproc_executor.py:1018]   File "/usr/local/lib/python3.12/dist-packages/vllm/_custom_ops.py", line 2922, in swap_blocks_batch
(Worker_PP1_TP3 pid=10485) ERROR 08-05 07:59:50 [multiproc_executor.py:1018]     torch.ops._C_cache_ops.swap_blocks_batch(
(Worker_PP1_TP3 pid=10485) ERROR 08-05 07:59:50 [multiproc_executor.py:1018]   File "/usr/local/lib/python3.12/dist-packages/torch/_ops.py", line 1279, in __call__
(Worker_PP1_TP3 pid=10485) ERROR 08-05 07:59:50 [multiproc_executor.py:1018]     return self._op(*args, **kwargs)
(Worker_PP1_TP3 pid=10485) ERROR 08-05 07:59:50 [multiproc_executor.py:1018]            ^^^^^^^^^^^^^^^^^^^^^^^^^
(Worker_PP1_TP3 pid=10485) ERROR 08-05 07:59:50 [multiproc_executor.py:1018] RuntimeError: swap_blocks_batch, /workspace/csrc/libtorch_stable/cache_kernels.cu:150, cuMemcpyBatchAsync failed at index 11 with error 1
(Worker_PP1_TP3 pid=10485) ERROR 08-05 07:59:50 [multiproc_executor.py:1018] Traceback (most recent call last):
(Worker_PP1_TP3 pid=10485) ERROR 08-05 07:59:50 [multiproc_executor.py:1018]   File "/usr/local/lib/python3.12/dist-packages/vllm/v1/executor/multiproc_executor.py", line 1010, in worker_busy_loop
(Worker_PP1_TP3 pid=10485) ERROR 08-05 07:59:50 [multiproc_executor.py:1018]     output = func(*args, **kwargs)
(Worker_PP1_TP3 pid=10485) ERROR 08-05 07:59:50 [multiproc_executor.py:1018]              ^^^^^^^^^^^^^^^^^^^^^
(Worker_PP1_TP3 pid=10485) ERROR 08-05 07:59:50 [multiproc_executor.py:1018]   File "/usr/local/lib/python3.12/dist-packages/vllm/v1/worker/worker_base.py", line 351, in execute_model
(Worker_PP1_TP3 pid=10485) ERROR 08-05 07:59:50 [multiproc_executor.py:1018]     return self.worker.execute_model(scheduler_output)
(Worker_PP1_TP3 pid=10485) ERROR 08-05 07:59:50 [multiproc_executor.py:1018]            ^^^^^^^^^^^^^^^^^^^^^^^^^^^^^^^^^^^^^^^^^^^
(Worker_PP1_TP3 pid=10485) ERROR 08-05 07:59:50 [multiproc_executor.py:1018]   File "/usr/local/lib/python3.12/dist-packages/torch/utils/_contextlib.py", line 124, in decorate_context
(Worker_PP1_TP3 pid=10485) ERROR 08-05 07:59:50 [multiproc_executor.py:1018]     return func(*args, **kwargs)
(Worker_PP1_TP3 pid=10485) ERROR 08-05 07:59:50 [multiproc_executor.py:1018]            ^^^^^^^^^^^^^^^^^^^^^
(Worker_PP1_TP3 pid=10485) ERROR 08-05 07:59:50 [multiproc_executor.py:1018]   File "/usr/local/lib/python3.12/dist-packages/vllm/v1/worker/gpu_worker.py", line 1065, in execute_model
(Worker_PP1_TP3 pid=10485) ERROR 08-05 07:59:50 [multiproc_executor.py:1018]     output = self.model_runner.execute_model(
(Worker_PP1_TP3 pid=10485) ERROR 08-05 07:59:50 [multiproc_executor.py:1018]              ^^^^^^^^^^^^^^^^^^^^^^^^^^^^^^^^
(Worker_PP1_TP3 pid=10485) ERROR 08-05 07:59:50 [multiproc_executor.py:1018]   File "/usr/local/lib/python3.12/dist-packages/torch/utils/_contextlib.py", line 124, in decorate_context
(Worker_PP1_TP3 pid=10485) ERROR 08-05 07:59:50 [multiproc_executor.py:1018]     return func(*args, **kwargs)
(Worker_PP1_TP7 pid=10489) (Worker_PP1_TP3 pid=10485) ERROR 08-05 07:59:50 [multiproc_executor.py:1018]            ^^^^^^^^^^^^^^^^^^^^^
(Worker_PP1_TP6 pid=10488) ERROR 08-05 07:59:50 [multiproc_executor.py:1018] WorkerProc hit an exception.
(Worker_PP1_TP3 pid=10485) (Worker_PP1_TP2 pid=10484) ERROR 08-05 07:59:50 [multiproc_executor.py:1018] WorkerProc hit an exception.
(Worker_PP1_TP7 pid=10489) ERROR 08-05 07:59:50 [multiproc_executor.py:1018]   File "/usr/local/lib/python3.12/dist-packages/vllm/v1/worker/gpu/model_runner.py", line 1188, in execute_model
ERROR 08-05 07:59:50 [multiproc_executor.py:1018] WorkerProc hit an exception.
(Worker_PP1_TP5 pid=10487) (Worker_PP1_TP6 pid=10488) ERROR 08-05 07:59:50 [multiproc_executor.py:1018] Traceback (most recent call last):
(Worker_PP1_TP3 pid=10485) (Worker_PP1_TP2 pid=10484) ERROR 08-05 07:59:50 [multiproc_executor.py:1018] WorkerProc hit an exception.
ERROR 08-05 07:59:50 [multiproc_executor.py:1018] Traceback (most recent call last):
(Worker_PP1_TP7 pid=10489) ERROR 08-05 07:59:50 [multiproc_executor.py:1018]     empty_output = self.kv_connector.no_forward(scheduler_output)
ERROR 08-05 07:59:50 [multiproc_executor.py:1018] Traceback (most recent call last):
(Worker_PP1_TP5 pid=10487) (Worker_PP1_TP6 pid=10488) ERROR 08-05 07:59:50 [multiproc_executor.py:1018]   File "/usr/local/lib/python3.12/dist-packages/vllm/v1/executor/multiproc_executor.py", line 1010, in worker_busy_loop
(Worker_PP1_TP0 pid=10482) (Worker_PP1_TP3 pid=10485) (Worker_PP1_TP4 pid=10486) (Worker_PP1_TP2 pid=10484) ERROR 08-05 07:59:50 [multiproc_executor.py:1018] Traceback (most recent call last):
ERROR 08-05 07:59:50 [multiproc_executor.py:1018]   File "/usr/local/lib/python3.12/dist-packages/vllm/v1/executor/multiproc_executor.py", line 1010, in worker_busy_loop
(Worker_PP1_TP7 pid=10489) ERROR 08-05 07:59:50 [multiproc_executor.py:1018] WorkerProc hit an exception.
ERROR 08-05 07:59:50 [multiproc_executor.py:1018]                    ^^^^^^^^^^^^^^^^^^^^^^^^^^^^^^^^^^^^^^^^^^^^^^
ERROR 08-05 07:59:50 [multiproc_executor.py:1018] WorkerProc hit an exception.
ERROR 08-05 07:59:50 [multiproc_executor.py:1018]   File "/usr/local/lib/python3.12/dist-packages/vllm/v1/executor/multiproc_executor.py", line 1010, in worker_busy_loop
(Worker_PP1_TP5 pid=10487) (Worker_PP1_TP6 pid=10488) ERROR 08-05 07:59:50 [multiproc_executor.py:1018]     output = func(*args, **kwargs)
(Worker_PP1_TP0 pid=10482) (Worker_PP1_TP3 pid=10485) (Worker_PP1_TP4 pid=10486) (Worker_PP1_TP1 pid=10483) (Worker_PP1_TP2 pid=10484) ERROR 08-05 07:59:50 [multiproc_executor.py:1018]   File "/usr/local/lib/python3.12/dist-packages/vllm/v1/executor/multiproc_executor.py", line 1010, in worker_busy_loop
ERROR 08-05 07:59:50 [multiproc_executor.py:1018]     output = func(*args, **kwargs)
(Worker_PP1_TP7 pid=10489) ERROR 08-05 07:59:50 [multiproc_executor.py:1018] Traceback (most recent call last):
ERROR 08-05 07:59:50 [multiproc_executor.py:1018]   File "/usr/local/lib/python3.12/dist-packages/vllm/v1/worker/gpu/kv_connector.py", line 102, in no_forward
ERROR 08-05 07:59:50 [multiproc_executor.py:1018] Traceback (most recent call last):
ERROR 08-05 07:59:50 [multiproc_executor.py:1018] WorkerProc hit an exception.
ERROR 08-05 07:59:50 [multiproc_executor.py:1018]     output = func(*args, **kwargs)
(Worker_PP1_TP5 pid=10487) (Worker_PP1_TP6 pid=10488) ERROR 08-05 07:59:50 [multiproc_executor.py:1018]              ^^^^^^^^^^^^^^^^^^^^^
(Worker_PP1_TP0 pid=10482) (Worker_PP1_TP3 pid=10485) (Worker_PP1_TP4 pid=10486) (Worker_PP1_TP1 pid=10483) (Worker_PP1_TP2 pid=10484) ERROR 08-05 07:59:50 [multiproc_executor.py:1018]     output = func(*args, **kwargs)
ERROR 08-05 07:59:50 [multiproc_executor.py:1018]              ^^^^^^^^^^^^^^^^^^^^^
(Worker_PP1_TP7 pid=10489) ERROR 08-05 07:59:50 [multiproc_executor.py:1018]   File "/usr/local/lib/python3.12/dist-packages/vllm/v1/executor/multiproc_executor.py", line 1010, in worker_busy_loop
ERROR 08-05 07:59:50 [multiproc_executor.py:1018]     self.pre_forward(scheduler_output)
ERROR 08-05 07:59:50 [multiproc_executor.py:1018]   File "/usr/local/lib/python3.12/dist-packages/vllm/v1/executor/multiproc_executor.py", line 1010, in worker_busy_loop
ERROR 08-05 07:59:50 [multiproc_executor.py:1018] Traceback (most recent call last):
ERROR 08-05 07:59:50 [multiproc_executor.py:1018]              ^^^^^^^^^^^^^^^^^^^^^
(Worker_PP1_TP5 pid=10487) (Worker_PP1_TP6 pid=10488) ERROR 08-05 07:59:50 [multiproc_executor.py:1018]   File "/usr/local/lib/python3.12/dist-packages/vllm/v1/worker/worker_base.py", line 351, in execute_model
(Worker_PP1_TP0 pid=10482) (Worker_PP1_TP3 pid=10485) (Worker_PP1_TP4 pid=10486) (Worker_PP1_TP1 pid=10483) (Worker_PP1_TP2 pid=10484) ERROR 08-05 07:59:50 [multiproc_executor.py:1018]              ^^^^^^^^^^^^^^^^^^^^^
ERROR 08-05 07:59:50 [multiproc_executor.py:1018]   File "/usr/local/lib/python3.12/dist-packages/vllm/v1/worker/worker_base.py", line 351, in execute_model
(Worker_PP1_TP7 pid=10489) ERROR 08-05 07:59:50 [multiproc_executor.py:1018]     output = func(*args, **kwargs)
ERROR 08-05 07:59:50 [multiproc_executor.py:1018]   File "/usr/local/lib/python3.12/dist-packages/vllm/v1/worker/gpu/kv_connector.py", line 67, in pre_forward
ERROR 08-05 07:59:50 [multiproc_executor.py:1018]     output = func(*args, **kwargs)
ERROR 08-05 07:59:50 [multiproc_executor.py:1018]   File "/usr/local/lib/python3.12/dist-packages/vllm/v1/executor/multiproc_executor.py", line 1010, in worker_busy_loop
ERROR 08-05 07:59:50 [multiproc_executor.py:1018]   File "/usr/local/lib/python3.12/dist-packages/vllm/v1/worker/worker_base.py", line 351, in execute_model
(Worker_PP1_TP5 pid=10487) (Worker_PP1_TP6 pid=10488) ERROR 08-05 07:59:50 [multiproc_executor.py:1018]     return self.worker.execute_model(scheduler_output)
(Worker_PP1_TP0 pid=10482) (Worker_PP1_TP3 pid=10485) (Worker_PP1_TP4 pid=10486) (Worker_PP1_TP1 pid=10483) (Worker_PP1_TP2 pid=10484) ERROR 08-05 07:59:50 [multiproc_executor.py:1018]   File "/usr/local/lib/python3.12/dist-packages/vllm/v1/worker/worker_base.py", line 351, in execute_model
ERROR 08-05 07:59:50 [multiproc_executor.py:1018]     return self.worker.execute_model(scheduler_output)
(Worker_PP1_TP7 pid=10489) ERROR 08-05 07:59:50 [multiproc_executor.py:1018]              ^^^^^^^^^^^^^^^^^^^^^
ERROR 08-05 07:59:50 [multiproc_executor.py:1018]     self.kv_connector.handle_preemptions(kv_connector_metadata)
ERROR 08-05 07:59:50 [multiproc_executor.py:1018]              ^^^^^^^^^^^^^^^^^^^^^
ERROR 08-05 07:59:50 [multiproc_executor.py:1018]     output = func(*args, **kwargs)
ERROR 08-05 07:59:50 [multiproc_executor.py:1018]     return self.worker.execute_model(scheduler_output)
(Worker_PP1_TP5 pid=10487) (Worker_PP1_TP6 pid=10488) ERROR 08-05 07:59:50 [multiproc_executor.py:1018]            ^^^^^^^^^^^^^^^^^^^^^^^^^^^^^^^^^^^^^^^^^^^
(Worker_PP1_TP0 pid=10482) (Worker_PP1_TP3 pid=10485) (Worker_PP1_TP4 pid=10486) (Worker_PP1_TP1 pid=10483) (Worker_PP1_TP2 pid=10484) ERROR 08-05 07:59:50 [multiproc_executor.py:1018]     return self.worker.execute_model(scheduler_output)
ERROR 08-05 07:59:50 [multiproc_executor.py:1018]            ^^^^^^^^^^^^^^^^^^^^^^^^^^^^^^^^^^^^^^^^^^^
(Worker_PP1_TP7 pid=10489) ERROR 08-05 07:59:50 [multiproc_executor.py:1018]   File "/usr/local/lib/python3.12/dist-packages/vllm/v1/worker/worker_base.py", line 351, in execute_model
ERROR 08-05 07:59:50 [multiproc_executor.py:1018]   File "/usr/local/lib/python3.12/dist-packages/vllm/distributed/kv_transfer/kv_connector/v1/offloading_connector.py", line 93, in handle_preemptions
ERROR 08-05 07:59:50 [multiproc_executor.py:1018]   File "/usr/local/lib/python3.12/dist-packages/vllm/v1/worker/worker_base.py", line 351, in execute_model
ERROR 08-05 07:59:50 [multiproc_executor.py:1018]              ^^^^^^^^^^^^^^^^^^^^^
ERROR 08-05 07:59:50 [multiproc_executor.py:1018]            ^^^^^^^^^^^^^^^^^^^^^^^^^^^^^^^^^^^^^^^^^^^
(Worker_PP1_TP5 pid=10487) (Worker_PP1_TP6 pid=10488) ERROR 08-05 07:59:50 [multiproc_executor.py:1018]   File "/usr/local/lib/python3.12/dist-packages/torch/utils/_contextlib.py", line 124, in decorate_context
(Worker_PP1_TP0 pid=10482) (Worker_PP1_TP3 pid=10485) (Worker_PP1_TP4 pid=10486) (Worker_PP1_TP1 pid=10483) (Worker_PP1_TP2 pid=10484) ERROR 08-05 07:59:50 [multiproc_executor.py:1018]            ^^^^^^^^^^^^^^^^^^^^^^^^^^^^^^^^^^^^^^^^^^^
ERROR 08-05 07:59:50 [multiproc_executor.py:1018]   File "/usr/local/lib/python3.12/dist-packages/torch/utils/_contextlib.py", line 124, in decorate_context
(Worker_PP1_TP7 pid=10489) ERROR 08-05 07:59:50 [multiproc_executor.py:1018]     return self.worker.execute_model(scheduler_output)
ERROR 08-05 07:59:50 [multiproc_executor.py:1018]     self.connector_worker.handle_preemptions(kv_connector_metadata)
ERROR 08-05 07:59:50 [multiproc_executor.py:1018]     return self.worker.execute_model(scheduler_output)
ERROR 08-05 07:59:50 [multiproc_executor.py:1018]   File "/usr/local/lib/python3.12/dist-packages/vllm/v1/worker/worker_base.py", line 351, in execute_model
ERROR 08-05 07:59:50 [multiproc_executor.py:1018]   File "/usr/local/lib/python3.12/dist-packages/torch/utils/_contextlib.py", line 124, in decorate_context
(Worker_PP1_TP5 pid=10487) (Worker_PP1_TP6 pid=10488) ERROR 08-05 07:59:50 [multiproc_executor.py:1018]     return func(*args, **kwargs)
(Worker_PP1_TP0 pid=10482) (Worker_PP1_TP3 pid=10485) (Worker_PP1_TP4 pid=10486) (Worker_PP1_TP1 pid=10483) (Worker_PP1_TP2 pid=10484) ERROR 08-05 07:59:50 [multiproc_executor.py:1018]   File "/usr/local/lib/python3.12/dist-packages/torch/utils/_contextlib.py", line 124, in decorate_context
ERROR 08-05 07:59:50 [multiproc_executor.py:1018]     return func(*args, **kwargs)
(Worker_PP1_TP7 pid=10489) ERROR 08-05 07:59:50 [multiproc_executor.py:1018]            ^^^^^^^^^^^^^^^^^^^^^^^^^^^^^^^^^^^^^^^^^^^
ERROR 08-05 07:59:50 [multiproc_executor.py:1018]   File "/usr/local/lib/python3.12/dist-packages/vllm/distributed/kv_transfer/kv_connector/v1/offloading/worker.py", line 285, in handle_preemptions
ERROR 08-05 07:59:50 [multiproc_executor.py:1018]            ^^^^^^^^^^^^^^^^^^^^^^^^^^^^^^^^^^^^^^^^^^^
ERROR 08-05 07:59:50 [multiproc_executor.py:1018]     return self.worker.execute_model(scheduler_output)
ERROR 08-05 07:59:50 [multiproc_executor.py:1018]     return func(*args, **kwargs)
(Worker_PP1_TP5 pid=10487) (Worker_PP1_TP6 pid=10488) ERROR 08-05 07:59:50 [multiproc_executor.py:1018]            ^^^^^^^^^^^^^^^^^^^^^
(Worker_PP1_TP0 pid=10482) (Worker_PP1_TP3 pid=10485) (Worker_PP1_TP4 pid=10486) (Worker_PP1_TP1 pid=10483) (Worker_PP1_TP2 pid=10484) ERROR 08-05 07:59:50 [multiproc_executor.py:1018]     return func(*args, **kwargs)
ERROR 08-05 07:59:50 [multiproc_executor.py:1018]            ^^^^^^^^^^^^^^^^^^^^^
(Worker_PP1_TP7 pid=10489) ERROR 08-05 07:59:50 [multiproc_executor.py:1018]   File "/usr/local/lib/python3.12/dist-packages/torch/utils/_contextlib.py", line 124, in decorate_context
ERROR 08-05 07:59:50 [multiproc_executor.py:1018]     success = self.worker.submit_store(job_id, src_spec, dst_spec)
ERROR 08-05 07:59:50 [multiproc_executor.py:1018]   File "/usr/local/lib/python3.12/dist-packages/torch/utils/_contextlib.py", line 124, in decorate_context
ERROR 08-05 07:59:50 [multiproc_executor.py:1018]            ^^^^^^^^^^^^^^^^^^^^^^^^^^^^^^^^^^^^^^^^^^^
ERROR 08-05 07:59:50 [multiproc_executor.py:1018]            ^^^^^^^^^^^^^^^^^^^^^
(Worker_PP1_TP5 pid=10487) (Worker_PP1_TP6 pid=10488) ERROR 08-05 07:59:50 [multiproc_executor.py:1018]   File "/usr/local/lib/python3.12/dist-packages/vllm/v1/worker/gpu_worker.py", line 1065, in execute_model
(Worker_PP1_TP0 pid=10482) (Worker_PP1_TP3 pid=10485) (Worker_PP1_TP4 pid=10486) (Worker_PP1_TP1 pid=10483) (Worker_PP1_TP2 pid=10484) ERROR 08-05 07:59:50 [multiproc_executor.py:1018]            ^^^^^^^^^^^^^^^^^^^^^
ERROR 08-05 07:59:50 [multiproc_executor.py:1018]   File "/usr/local/lib/python3.12/dist-packages/vllm/v1/worker/gpu_worker.py", line 1065, in execute_model
(Worker_PP1_TP7 pid=10489) ERROR 08-05 07:59:50 [multiproc_executor.py:1018]     return func(*args, **kwargs)
ERROR 08-05 07:59:50 [multiproc_executor.py:1018]     output = self.model_runner.execute_model(
ERROR 08-05 07:59:50 [multiproc_executor.py:1018]               ^^^^^^^^^^^^^^^^^^^^^^^^^^^^^^^^^^^^^^^^^^^^^^^^^^^^
ERROR 08-05 07:59:50 [multiproc_executor.py:1018]     return func(*args, **kwargs)
ERROR 08-05 07:59:50 [multiproc_executor.py:1018]   File "/usr/local/lib/python3.12/dist-packages/torch/utils/_contextlib.py", line 124, in decorate_context
ERROR 08-05 07:59:50 [multiproc_executor.py:1018]   File "/usr/local/lib/python3.12/dist-packages/vllm/v1/worker/gpu_worker.py", line 1065, in execute_model
(Worker_PP1_TP5 pid=10487) (Worker_PP1_TP6 pid=10488) (Worker_PP1_TP0 pid=10482) (Worker_PP1_TP7 pid=10489) (Worker_PP1_TP3 pid=10485) (Worker_PP1_TP4 pid=10486) (Worker_PP1_TP1 pid=10483) (Worker_PP1_TP2 pid=10484) ERROR 08-05 07:59:50 [multiproc_executor.py:1018]   File "/usr/local/lib/python3.12/dist-packages/vllm/v1/worker/gpu_worker.py", line 1065, in execute_model
ERROR 08-05 07:59:50 [multiproc_executor.py:1018]     output = self.model_runner.execute_model(
ERROR 08-05 07:59:50 [multiproc_executor.py:1018]            ^^^^^^^^^^^^^^^^^^^^^
ERROR 08-05 07:59:50 [multiproc_executor.py:1018]              ^^^^^^^^^^^^^^^^^^^^^^^^^^^^^^^^
ERROR 08-05 07:59:50 [multiproc_executor.py:1018]   File "/usr/local/lib/python3.12/dist-packages/vllm/v1/kv_offload/cpu/gpu_worker.py", line 535, in submit_store
ERROR 08-05 07:59:50 [multiproc_executor.py:1018]            ^^^^^^^^^^^^^^^^^^^^^
ERROR 08-05 07:59:50 [multiproc_executor.py:1018]     return func(*args, **kwargs)
ERROR 08-05 07:59:50 [multiproc_executor.py:1018]     output = self.model_runner.execute_model(
(Worker_PP1_TP5 pid=10487) (Worker_PP1_TP6 pid=10488) (Worker_PP1_TP0 pid=10482) (Worker_PP1_TP7 pid=10489) (Worker_PP1_TP3 pid=10485) (Worker_PP1_TP4 pid=10486) (Worker_PP1_TP1 pid=10483) (Worker_PP1_TP2 pid=10484) ERROR 08-05 07:59:50 [multiproc_executor.py:1018]     output = self.model_runner.execute_model(
ERROR 08-05 07:59:50 [multiproc_executor.py:1018]              ^^^^^^^^^^^^^^^^^^^^^^^^^^^^^^^^
ERROR 08-05 07:59:50 [multiproc_executor.py:1018]   File "/usr/local/lib/python3.12/dist-packages/vllm/v1/worker/gpu_worker.py", line 1065, in execute_model
ERROR 08-05 07:59:50 [multiproc_executor.py:1018]   File "/usr/local/lib/python3.12/dist-packages/torch/utils/_contextlib.py", line 124, in decorate_context
ERROR 08-05 07:59:50 [multiproc_executor.py:1018]     return self._store_handler.transfer_async(job_id, src_spec, dst_spec)
ERROR 08-05 07:59:50 [multiproc_executor.py:1018]   File "/usr/local/lib/python3.12/dist-packages/vllm/v1/worker/gpu_worker.py", line 1065, in execute_model
ERROR 08-05 07:59:50 [multiproc_executor.py:1018]            ^^^^^^^^^^^^^^^^^^^^^
ERROR 08-05 07:59:50 [multiproc_executor.py:1018]              ^^^^^^^^^^^^^^^^^^^^^^^^^^^^^^^^
(Worker_PP1_TP5 pid=10487) (Worker_PP1_TP6 pid=10488) (Worker_PP1_TP0 pid=10482) (Worker_PP1_TP7 pid=10489) (Worker_PP1_TP3 pid=10485) (Worker_PP1_TP4 pid=10486) (Worker_PP1_TP1 pid=10483) (Worker_PP1_TP2 pid=10484) ERROR 08-05 07:59:50 [multiproc_executor.py:1018]              ^^^^^^^^^^^^^^^^^^^^^^^^^^^^^^^^
ERROR 08-05 07:59:50 [multiproc_executor.py:1018]   File "/usr/local/lib/python3.12/dist-packages/torch/utils/_contextlib.py", line 124, in decorate_context
ERROR 08-05 07:59:50 [multiproc_executor.py:1018]     output = self.model_runner.execute_model(
ERROR 08-05 07:59:50 [multiproc_executor.py:1018]     return func(*args, **kwargs)
ERROR 08-05 07:59:50 [multiproc_executor.py:1018]            ^^^^^^^^^^^^^^^^^^^^^^^^^^^^^^^^^^^^^^^^^^^^^^^^^^^^^^^^^^^^^^
ERROR 08-05 07:59:50 [multiproc_executor.py:1018]     output = self.model_runner.execute_model(
ERROR 08-05 07:59:50 [multiproc_executor.py:1018]   File "/usr/local/lib/python3.12/dist-packages/vllm/v1/worker/gpu_worker.py", line 1065, in execute_model
ERROR 08-05 07:59:50 [multiproc_executor.py:1018]   File "/usr/local/lib/python3.12/dist-packages/torch/utils/_contextlib.py", line 124, in decorate_context
(Worker_PP1_TP5 pid=10487) (Worker_PP1_TP6 pid=10488) (Worker_PP1_TP0 pid=10482) (Worker_PP1_TP7 pid=10489) (Worker_PP1_TP3 pid=10485) (Worker_PP1_TP4 pid=10486) (Worker_PP1_TP1 pid=10483) (Worker_PP1_TP2 pid=10484) ERROR 08-05 07:59:50 [multiproc_executor.py:1018]   File "/usr/local/lib/python3.12/dist-packages/torch/utils/_contextlib.py", line 124, in decorate_context
ERROR 08-05 07:59:50 [multiproc_executor.py:1018]     return func(*args, **kwargs)
ERROR 08-05 07:59:50 [multiproc_executor.py:1018]              ^^^^^^^^^^^^^^^^^^^^^^^^^^^^^^^^
ERROR 08-05 07:59:50 [multiproc_executor.py:1018]            ^^^^^^^^^^^^^^^^^^^^^
ERROR 08-05 07:59:50 [multiproc_executor.py:1018]   File "/usr/local/lib/python3.12/dist-packages/vllm/v1/kv_offload/cpu/gpu_worker.py", line 394, in transfer_async
ERROR 08-05 07:59:50 [multiproc_executor.py:1018]              ^^^^^^^^^^^^^^^^^^^^^^^^^^^^^^^^
ERROR 08-05 07:59:50 [multiproc_executor.py:1018]     output = self.model_runner.execute_model(
ERROR 08-05 07:59:50 [multiproc_executor.py:1018]     return func(*args, **kwargs)
(Worker_PP1_TP5 pid=10487) (Worker_PP1_TP6 pid=10488) (Worker_PP1_TP0 pid=10482) (Worker_PP1_TP7 pid=10489) (Worker_PP1_TP3 pid=10485) (Worker_PP1_TP4 pid=10486) (Worker_PP1_TP1 pid=10483) (Worker_PP1_TP2 pid=10484) ERROR 08-05 07:59:50 [multiproc_executor.py:1018]     return func(*args, **kwargs)
ERROR 08-05 07:59:50 [multiproc_executor.py:1018]            ^^^^^^^^^^^^^^^^^^^^^
ERROR 08-05 07:59:50 [multiproc_executor.py:1018]   File "/usr/local/lib/python3.12/dist-packages/torch/utils/_contextlib.py", line 124, in decorate_context
ERROR 08-05 07:59:50 [multiproc_executor.py:1018]   File "/usr/local/lib/python3.12/dist-packages/vllm/v1/worker/gpu/model_runner.py", line 1188, in execute_model
ERROR 08-05 07:59:50 [multiproc_executor.py:1018]     self._swap_blocks_batch(
ERROR 08-05 07:59:50 [multiproc_executor.py:1018]   File "/usr/local/lib/python3.12/dist-packages/torch/utils/_contextlib.py", line 124, in decorate_context
ERROR 08-05 07:59:50 [multiproc_executor.py:1018]              ^^^^^^^^^^^^^^^^^^^^^^^^^^^^^^^^
ERROR 08-05 07:59:50 [multiproc_executor.py:1018]            ^^^^^^^^^^^^^^^^^^^^^
(Worker_PP1_TP5 pid=10487) (Worker_PP1_TP6 pid=10488) (Worker_PP1_TP0 pid=10482) (Worker_PP1_TP7 pid=10489) (Worker_PP1_TP3 pid=10485) (Worker_PP1_TP4 pid=10486) (Worker_PP1_TP1 pid=10483) (Worker_PP1_TP2 pid=10484) ERROR 08-05 07:59:50 [multiproc_executor.py:1018]            ^^^^^^^^^^^^^^^^^^^^^
ERROR 08-05 07:59:50 [multiproc_executor.py:1018]   File "/usr/local/lib/python3.12/dist-packages/vllm/v1/worker/gpu/model_runner.py", line 1188, in execute_model
ERROR 08-05 07:59:50 [multiproc_executor.py:1018]     return func(*args, **kwargs)
ERROR 08-05 07:59:50 [multiproc_executor.py:1018]     empty_output = self.kv_connector.no_forward(scheduler_output)
ERROR 08-05 07:59:50 [multiproc_executor.py:1018]   File "/usr/local/lib/python3.12/dist-packages/vllm/_custom_ops.py", line 2922, in swap_blocks_batch
ERROR 08-05 07:59:50 [multiproc_executor.py:1018]     return func(*args, **kwargs)
ERROR 08-05 07:59:50 [multiproc_executor.py:1018]   File "/usr/local/lib/python3.12/dist-packages/torch/utils/_contextlib.py", line 124, in decorate_context
ERROR 08-05 07:59:50 [multiproc_executor.py:1018]   File "/usr/local/lib/python3.12/dist-packages/vllm/v1/worker/gpu/model_runner.py", line 1188, in execute_model
(Worker_PP1_TP5 pid=10487) (Worker_PP1_TP6 pid=10488) (Worker_PP1_TP0 pid=10482) (Worker_PP1_TP7 pid=10489) (Worker_PP1_TP3 pid=10485) (Worker_PP1_TP4 pid=10486) (Worker_PP1_TP1 pid=10483) (Worker_PP1_TP2 pid=10484) ERROR 08-05 07:59:50 [multiproc_executor.py:1018]   File "/usr/local/lib/python3.12/dist-packages/vllm/v1/worker/gpu/model_runner.py", line 1188, in execute_model
ERROR 08-05 07:59:50 [multiproc_executor.py:1018]     empty_output = self.kv_connector.no_forward(scheduler_output)
ERROR 08-05 07:59:50 [multiproc_executor.py:1018]            ^^^^^^^^^^^^^^^^^^^^^
ERROR 08-05 07:59:50 [multiproc_executor.py:1018]                    ^^^^^^^^^^^^^^^^^^^^^^^^^^^^^^^^^^^^^^^^^^^^^^
ERROR 08-05 07:59:50 [multiproc_executor.py:1018]     torch.ops._C_cache_ops.swap_blocks_batch(
ERROR 08-05 07:59:50 [multiproc_executor.py:1018]            ^^^^^^^^^^^^^^^^^^^^^
ERROR 08-05 07:59:50 [multiproc_executor.py:1018]     return func(*args, **kwargs)
ERROR 08-05 07:59:50 [multiproc_executor.py:1018]     empty_output = self.kv_connector.no_forward(scheduler_output)
(Worker_PP1_TP5 pid=10487) (Worker_PP1_TP6 pid=10488) (Worker_PP1_TP0 pid=10482) (Worker_PP1_TP7 pid=10489) (Worker_PP1_TP3 pid=10485) (Worker_PP1_TP4 pid=10486) (Worker_PP1_TP1 pid=10483) (Worker_PP1_TP2 pid=10484) ERROR 08-05 07:59:50 [multiproc_executor.py:1018]     empty_output = self.kv_connector.no_forward(scheduler_output)
ERROR 08-05 07:59:50 [multiproc_executor.py:1018]                    ^^^^^^^^^^^^^^^^^^^^^^^^^^^^^^^^^^^^^^^^^^^^^^
ERROR 08-05 07:59:50 [multiproc_executor.py:1018]   File "/usr/local/lib/python3.12/dist-packages/vllm/v1/worker/gpu/model_runner.py", line 1188, in execute_model
ERROR 08-05 07:59:50 [multiproc_executor.py:1018]   File "/usr/local/lib/python3.12/dist-packages/vllm/v1/worker/gpu/kv_connector.py", line 102, in no_forward
ERROR 08-05 07:59:50 [multiproc_executor.py:1018]   File "/usr/local/lib/python3.12/dist-packages/torch/_ops.py", line 1279, in __call__
ERROR 08-05 07:59:50 [multiproc_executor.py:1018]   File "/usr/local/lib/python3.12/dist-packages/vllm/v1/worker/gpu/model_runner.py", line 1188, in execute_model
ERROR 08-05 07:59:50 [multiproc_executor.py:1018]            ^^^^^^^^^^^^^^^^^^^^^
ERROR 08-05 07:59:50 [multiproc_executor.py:1018]                    ^^^^^^^^^^^^^^^^^^^^^^^^^^^^^^^^^^^^^^^^^^^^^^
(Worker_PP1_TP5 pid=10487) (Worker_PP1_TP6 pid=10488) (Worker_PP1_TP0 pid=10482) (Worker_PP1_TP7 pid=10489) (Worker_PP1_TP3 pid=10485) (Worker_PP1_TP4 pid=10486) (Worker_PP1_TP1 pid=10483) (Worker_PP1_TP2 pid=10484) ERROR 08-05 07:59:50 [multiproc_executor.py:1018]                    ^^^^^^^^^^^^^^^^^^^^^^^^^^^^^^^^^^^^^^^^^^^^^^
ERROR 08-05 07:59:50 [multiproc_executor.py:1018]   File "/usr/local/lib/python3.12/dist-packages/vllm/v1/worker/gpu/kv_connector.py", line 102, in no_forward
ERROR 08-05 07:59:50 [multiproc_executor.py:1018]     empty_output = self.kv_connector.no_forward(scheduler_output)
ERROR 08-05 07:59:50 [multiproc_executor.py:1018]     self.pre_forward(scheduler_output)
ERROR 08-05 07:59:50 [multiproc_executor.py:1018]     return self._op(*args, **kwargs)
ERROR 08-05 07:59:50 [multiproc_executor.py:1018]     empty_output = self.kv_connector.no_forward(scheduler_output)
ERROR 08-05 07:59:50 [multiproc_executor.py:1018]   File "/usr/local/lib/python3.12/dist-packages/vllm/v1/worker/gpu/model_runner.py", line 1188, in execute_model
ERROR 08-05 07:59:50 [multiproc_executor.py:1018]   File "/usr/local/lib/python3.12/dist-packages/vllm/v1/worker/gpu/kv_connector.py", line 102, in no_forward
(Worker_PP1_TP5 pid=10487) (Worker_PP1_TP6 pid=10488) (Worker_PP1_TP0 pid=10482) (Worker_PP1_TP7 pid=10489) (Worker_PP1_TP3 pid=10485) (Worker_PP1_TP4 pid=10486) (Worker_PP1_TP1 pid=10483) (Worker_PP1_TP2 pid=10484) ERROR 08-05 07:59:50 [multiproc_executor.py:1018]   File "/usr/local/lib/python3.12/dist-packages/vllm/v1/worker/gpu/kv_connector.py", line 102, in no_forward
ERROR 08-05 07:59:50 [multiproc_executor.py:1018]     self.pre_forward(scheduler_output)
ERROR 08-05 07:59:50 [multiproc_executor.py:1018]                    ^^^^^^^^^^^^^^^^^^^^^^^^^^^^^^^^^^^^^^^^^^^^^^
ERROR 08-05 07:59:50 [multiproc_executor.py:1018]   File "/usr/local/lib/python3.12/dist-packages/vllm/v1/worker/gpu/kv_connector.py", line 67, in pre_forward
ERROR 08-05 07:59:50 [multiproc_executor.py:1018]            ^^^^^^^^^^^^^^^^^^^^^^^^^
ERROR 08-05 07:59:50 [multiproc_executor.py:1018]                    ^^^^^^^^^^^^^^^^^^^^^^^^^^^^^^^^^^^^^^^^^^^^^^
ERROR 08-05 07:59:50 [multiproc_executor.py:1018]     empty_output = self.kv_connector.no_forward(scheduler_output)
ERROR 08-05 07:59:50 [multiproc_executor.py:1018]     self.pre_forward(scheduler_output)
(Worker_PP1_TP5 pid=10487) (Worker_PP1_TP6 pid=10488) (Worker_PP1_TP0 pid=10482) (Worker_PP1_TP7 pid=10489) (Worker_PP1_TP3 pid=10485) (Worker_PP1_TP4 pid=10486) (Worker_PP1_TP1 pid=10483) (Worker_PP1_TP2 pid=10484) ERROR 08-05 07:59:50 [multiproc_executor.py:1018]     self.pre_forward(scheduler_output)
ERROR 08-05 07:59:50 [multiproc_executor.py:1018]   File "/usr/local/lib/python3.12/dist-packages/vllm/v1/worker/gpu/kv_connector.py", line 67, in pre_forward
ERROR 08-05 07:59:50 [multiproc_executor.py:1018]   File "/usr/local/lib/python3.12/dist-packages/vllm/v1/worker/gpu/kv_connector.py", line 102, in no_forward
ERROR 08-05 07:59:50 [multiproc_executor.py:1018]     self.kv_connector.handle_preemptions(kv_connector_metadata)
ERROR 08-05 07:59:50 [multiproc_executor.py:1018] RuntimeError: swap_blocks_batch, /workspace/csrc/libtorch_stable/cache_kernels.cu:150, cuMemcpyBatchAsync failed at index 11 with error 1
ERROR 08-05 07:59:50 [multiproc_executor.py:1018]   File "/usr/local/lib/python3.12/dist-packages/vllm/v1/worker/gpu/kv_connector.py", line 102, in no_forward
ERROR 08-05 07:59:50 [multiproc_executor.py:1018]                    ^^^^^^^^^^^^^^^^^^^^^^^^^^^^^^^^^^^^^^^^^^^^^^
ERROR 08-05 07:59:50 [multiproc_executor.py:1018]   File "/usr/local/lib/python3.12/dist-packages/vllm/v1/worker/gpu/kv_connector.py", line 67, in pre_forward
(Worker_PP1_TP5 pid=10487) (Worker_PP1_TP6 pid=10488) (Worker_PP1_TP0 pid=10482) (Worker_PP1_TP7 pid=10489) (Worker_PP1_TP3 pid=10485) (Worker_PP1_TP4 pid=10486) (Worker_PP1_TP1 pid=10483) (Worker_PP1_TP2 pid=10484) ERROR 08-05 07:59:50 [multiproc_executor.py:1018]   File "/usr/local/lib/python3.12/dist-packages/vllm/v1/worker/gpu/kv_connector.py", line 67, in pre_forward
ERROR 08-05 07:59:50 [multiproc_executor.py:1018]     self.kv_connector.handle_preemptions(kv_connector_metadata)
ERROR 08-05 07:59:50 [multiproc_executor.py:1018]     self.pre_forward(scheduler_output)
ERROR 08-05 07:59:50 [multiproc_executor.py:1018]   File "/usr/local/lib/python3.12/dist-packages/vllm/distributed/kv_transfer/kv_connector/v1/offloading_connector.py", line 93, in handle_preemptions
ERROR 08-05 07:59:50 [multiproc_executor.py:1018] 
ERROR 08-05 07:59:50 [multiproc_executor.py:1018]     self.pre_forward(scheduler_output)
ERROR 08-05 07:59:50 [multiproc_executor.py:1018]   File "/usr/local/lib/python3.12/dist-packages/vllm/v1/worker/gpu/kv_connector.py", line 102, in no_forward
ERROR 08-05 07:59:50 [multiproc_executor.py:1018]     self.kv_connector.handle_preemptions(kv_connector_metadata)
(Worker_PP1_TP5 pid=10487) (Worker_PP1_TP6 pid=10488) (Worker_PP1_TP0 pid=10482) (Worker_PP1_TP7 pid=10489) (Worker_PP1_TP4 pid=10486) (Worker_PP1_TP1 pid=10483) (Worker_PP1_TP2 pid=10484) ERROR 08-05 07:59:50 [multiproc_executor.py:1018]     self.kv_connector.handle_preemptions(kv_connector_metadata)
ERROR 08-05 07:59:50 [multiproc_executor.py:1018]   File "/usr/local/lib/python3.12/dist-packages/vllm/distributed/kv_transfer/kv_connector/v1/offloading_connector.py", line 93, in handle_preemptions
ERROR 08-05 07:59:50 [multiproc_executor.py:1018]   File "/usr/local/lib/python3.12/dist-packages/vllm/v1/worker/gpu/kv_connector.py", line 67, in pre_forward
ERROR 08-05 07:59:50 [multiproc_executor.py:1018]     self.connector_worker.handle_preemptions(kv_connector_metadata)
ERROR 08-05 07:59:50 [multiproc_executor.py:1018]   File "/usr/local/lib/python3.12/dist-packages/vllm/v1/worker/gpu/kv_connector.py", line 67, in pre_forward
ERROR 08-05 07:59:50 [multiproc_executor.py:1018]     self.pre_forward(scheduler_output)
ERROR 08-05 07:59:50 [multiproc_executor.py:1018]   File "/usr/local/lib/python3.12/dist-packages/vllm/distributed/kv_transfer/kv_connector/v1/offloading_connector.py", line 93, in handle_preemptions
(Worker_PP1_TP5 pid=10487) (Worker_PP1_TP6 pid=10488) (Worker_PP1_TP0 pid=10482) (Worker_PP1_TP7 pid=10489) (Worker_PP1_TP4 pid=10486) (Worker_PP1_TP1 pid=10483) (Worker_PP1_TP2 pid=10484) ERROR 08-05 07:59:50 [multiproc_executor.py:1018]   File "/usr/local/lib/python3.12/dist-packages/vllm/distributed/kv_transfer/kv_connector/v1/offloading_connector.py", line 93, in handle_preemptions
ERROR 08-05 07:59:50 [multiproc_executor.py:1018]     self.connector_worker.handle_preemptions(kv_connector_metadata)
ERROR 08-05 07:59:50 [multiproc_executor.py:1018]     self.kv_connector.handle_preemptions(kv_connector_metadata)
ERROR 08-05 07:59:50 [multiproc_executor.py:1018]   File "/usr/local/lib/python3.12/dist-packages/vllm/distributed/kv_transfer/kv_connector/v1/offloading/worker.py", line 285, in handle_preemptions
ERROR 08-05 07:59:50 [multiproc_executor.py:1018]     self.kv_connector.handle_preemptions(kv_connector_metadata)
ERROR 08-05 07:59:50 [multiproc_executor.py:1018]   File "/usr/local/lib/python3.12/dist-packages/vllm/v1/worker/gpu/kv_connector.py", line 67, in pre_forward
ERROR 08-05 07:59:50 [multiproc_executor.py:1018]     self.connector_worker.handle_preemptions(kv_connector_metadata)
(Worker_PP1_TP5 pid=10487) (Worker_PP1_TP6 pid=10488) (Worker_PP1_TP0 pid=10482) (Worker_PP1_TP7 pid=10489) (Worker_PP1_TP4 pid=10486) (Worker_PP1_TP1 pid=10483) (Worker_PP1_TP2 pid=10484) ERROR 08-05 07:59:50 [multiproc_executor.py:1018]     self.connector_worker.handle_preemptions(kv_connector_metadata)
ERROR 08-05 07:59:50 [multiproc_executor.py:1018]   File "/usr/local/lib/python3.12/dist-packages/vllm/distributed/kv_transfer/kv_connector/v1/offloading/worker.py", line 285, in handle_preemptions
ERROR 08-05 07:59:50 [multiproc_executor.py:1018]   File "/usr/local/lib/python3.12/dist-packages/vllm/distributed/kv_transfer/kv_connector/v1/offloading_connector.py", line 93, in handle_preemptions
ERROR 08-05 07:59:50 [multiproc_executor.py:1018]     success = self.worker.submit_store(job_id, src_spec, dst_spec)
ERROR 08-05 07:59:50 [multiproc_executor.py:1018]   File "/usr/local/lib/python3.12/dist-packages/vllm/distributed/kv_transfer/kv_connector/v1/offloading_connector.py", line 93, in handle_preemptions
ERROR 08-05 07:59:50 [multiproc_executor.py:1018]     self.kv_connector.handle_preemptions(kv_connector_metadata)
ERROR 08-05 07:59:50 [multiproc_executor.py:1018]   File "/usr/local/lib/python3.12/dist-packages/vllm/distributed/kv_transfer/kv_connector/v1/offloading/worker.py", line 285, in handle_preemptions
(Worker_PP1_TP5 pid=10487) (Worker_PP1_TP6 pid=10488) (Worker_PP1_TP0 pid=10482) (Worker_PP1_TP7 pid=10489) (Worker_PP1_TP4 pid=10486) (Worker_PP1_TP1 pid=10483) (Worker_PP1_TP2 pid=10484) ERROR 08-05 07:59:50 [multiproc_executor.py:1018]   File "/usr/local/lib/python3.12/dist-packages/vllm/distributed/kv_transfer/kv_connector/v1/offloading/worker.py", line 285, in handle_preemptions
ERROR 08-05 07:59:50 [multiproc_executor.py:1018]     success = self.worker.submit_store(job_id, src_spec, dst_spec)
ERROR 08-05 07:59:50 [multiproc_executor.py:1018]     self.connector_worker.handle_preemptions(kv_connector_metadata)
ERROR 08-05 07:59:50 [multiproc_executor.py:1018]               ^^^^^^^^^^^^^^^^^^^^^^^^^^^^^^^^^^^^^^^^^^^^^^^^^^^^
ERROR 08-05 07:59:50 [multiproc_executor.py:1018]     self.connector_worker.handle_preemptions(kv_connector_metadata)
ERROR 08-05 07:59:50 [multiproc_executor.py:1018]   File "/usr/local/lib/python3.12/dist-packages/vllm/distributed/kv_transfer/kv_connector/v1/offloading_connector.py", line 93, in handle_preemptions
ERROR 08-05 07:59:50 [multiproc_executor.py:1018]     success = self.worker.submit_store(job_id, src_spec, dst_spec)
(Worker_PP1_TP5 pid=10487) (Worker_PP1_TP6 pid=10488) (Worker_PP1_TP0 pid=10482) (Worker_PP1_TP7 pid=10489) (Worker_PP1_TP4 pid=10486) (Worker_PP1_TP1 pid=10483) (Worker_PP1_TP2 pid=10484) ERROR 08-05 07:59:50 [multiproc_executor.py:1018]     success = self.worker.submit_store(job_id, src_spec, dst_spec)
ERROR 08-05 07:59:50 [multiproc_executor.py:1018]               ^^^^^^^^^^^^^^^^^^^^^^^^^^^^^^^^^^^^^^^^^^^^^^^^^^^^
ERROR 08-05 07:59:50 [multiproc_executor.py:1018]   File "/usr/local/lib/python3.12/dist-packages/vllm/distributed/kv_transfer/kv_connector/v1/offloading/worker.py", line 285, in handle_preemptions
ERROR 08-05 07:59:50 [multiproc_executor.py:1018]   File "/usr/local/lib/python3.12/dist-packages/vllm/v1/kv_offload/cpu/gpu_worker.py", line 535, in submit_store
ERROR 08-05 07:59:50 [multiproc_executor.py:1018]   File "/usr/local/lib/python3.12/dist-packages/vllm/distributed/kv_transfer/kv_connector/v1/offloading/worker.py", line 285, in handle_preemptions
ERROR 08-05 07:59:50 [multiproc_executor.py:1018]     self.connector_worker.handle_preemptions(kv_connector_metadata)
ERROR 08-05 07:59:50 [multiproc_executor.py:1018]               ^^^^^^^^^^^^^^^^^^^^^^^^^^^^^^^^^^^^^^^^^^^^^^^^^^^^
(Worker_PP1_TP5 pid=10487) (Worker_PP1_TP6 pid=10488) (Worker_PP1_TP0 pid=10482) (Worker_PP1_TP7 pid=10489) (Worker_PP1_TP4 pid=10486) (Worker_PP1_TP1 pid=10483) (Worker_PP1_TP2 pid=10484) ERROR 08-05 07:59:50 [multiproc_executor.py:1018]               ^^^^^^^^^^^^^^^^^^^^^^^^^^^^^^^^^^^^^^^^^^^^^^^^^^^^
ERROR 08-05 07:59:50 [multiproc_executor.py:1018]   File "/usr/local/lib/python3.12/dist-packages/vllm/v1/kv_offload/cpu/gpu_worker.py", line 535, in submit_store
ERROR 08-05 07:59:50 [multiproc_executor.py:1018]     success = self.worker.submit_store(job_id, src_spec, dst_spec)
ERROR 08-05 07:59:50 [multiproc_executor.py:1018]     return self._store_handler.transfer_async(job_id, src_spec, dst_spec)
ERROR 08-05 07:59:50 [multiproc_executor.py:1018]     success = self.worker.submit_store(job_id, src_spec, dst_spec)
ERROR 08-05 07:59:50 [multiproc_executor.py:1018]   File "/usr/local/lib/python3.12/dist-packages/vllm/distributed/kv_transfer/kv_connector/v1/offloading/worker.py", line 285, in handle_preemptions
ERROR 08-05 07:59:50 [multiproc_executor.py:1018]   File "/usr/local/lib/python3.12/dist-packages/vllm/v1/kv_offload/cpu/gpu_worker.py", line 535, in submit_store
(Worker_PP1_TP5 pid=10487) (Worker_PP1_TP6 pid=10488) (Worker_PP1_TP0 pid=10482) (Worker_PP1_TP7 pid=10489) (Worker_PP1_TP4 pid=10486) (Worker_PP1_TP1 pid=10483) (Worker_PP1_TP2 pid=10484) ERROR 08-05 07:59:50 [multiproc_executor.py:1018]   File "/usr/local/lib/python3.12/dist-packages/vllm/v1/kv_offload/cpu/gpu_worker.py", line 535, in submit_store
ERROR 08-05 07:59:50 [multiproc_executor.py:1018]     return self._store_handler.transfer_async(job_id, src_spec, dst_spec)
ERROR 08-05 07:59:50 [multiproc_executor.py:1018]               ^^^^^^^^^^^^^^^^^^^^^^^^^^^^^^^^^^^^^^^^^^^^^^^^^^^^
ERROR 08-05 07:59:50 [multiproc_executor.py:1018]            ^^^^^^^^^^^^^^^^^^^^^^^^^^^^^^^^^^^^^^^^^^^^^^^^^^^^^^^^^^^^^^
ERROR 08-05 07:59:50 [multiproc_executor.py:1018]               ^^^^^^^^^^^^^^^^^^^^^^^^^^^^^^^^^^^^^^^^^^^^^^^^^^^^
ERROR 08-05 07:59:50 [multiproc_executor.py:1018]     success = self.worker.submit_store(job_id, src_spec, dst_spec)
ERROR 08-05 07:59:50 [multiproc_executor.py:1018]     return self._store_handler.transfer_async(job_id, src_spec, dst_spec)
(Worker_PP1_TP5 pid=10487) (Worker_PP1_TP6 pid=10488) (Worker_PP1_TP0 pid=10482) (Worker_PP1_TP7 pid=10489) (Worker_PP1_TP4 pid=10486) (Worker_PP1_TP1 pid=10483) (Worker_PP1_TP2 pid=10484) ERROR 08-05 07:59:50 [multiproc_executor.py:1018]     return self._store_handler.transfer_async(job_id, src_spec, dst_spec)
ERROR 08-05 07:59:50 [multiproc_executor.py:1018]            ^^^^^^^^^^^^^^^^^^^^^^^^^^^^^^^^^^^^^^^^^^^^^^^^^^^^^^^^^^^^^^
ERROR 08-05 07:59:50 [multiproc_executor.py:1018]   File "/usr/local/lib/python3.12/dist-packages/vllm/v1/kv_offload/cpu/gpu_worker.py", line 535, in submit_store
ERROR 08-05 07:59:50 [multiproc_executor.py:1018]   File "/usr/local/lib/python3.12/dist-packages/vllm/v1/kv_offload/cpu/gpu_worker.py", line 394, in transfer_async
ERROR 08-05 07:59:50 [multiproc_executor.py:1018]   File "/usr/local/lib/python3.12/dist-packages/vllm/v1/kv_offload/cpu/gpu_worker.py", line 535, in submit_store
ERROR 08-05 07:59:50 [multiproc_executor.py:1018]               ^^^^^^^^^^^^^^^^^^^^^^^^^^^^^^^^^^^^^^^^^^^^^^^^^^^^
ERROR 08-05 07:59:50 [multiproc_executor.py:1018]            ^^^^^^^^^^^^^^^^^^^^^^^^^^^^^^^^^^^^^^^^^^^^^^^^^^^^^^^^^^^^^^
(Worker_PP1_TP5 pid=10487) (Worker_PP1_TP6 pid=10488) (Worker_PP1_TP0 pid=10482) (Worker_PP1_TP7 pid=10489) (Worker_PP1_TP4 pid=10486) (Worker_PP1_TP1 pid=10483) (Worker_PP1_TP2 pid=10484) ERROR 08-05 07:59:50 [multiproc_executor.py:1018]            ^^^^^^^^^^^^^^^^^^^^^^^^^^^^^^^^^^^^^^^^^^^^^^^^^^^^^^^^^^^^^^
ERROR 08-05 07:59:50 [multiproc_executor.py:1018]   File "/usr/local/lib/python3.12/dist-packages/vllm/v1/kv_offload/cpu/gpu_worker.py", line 394, in transfer_async
ERROR 08-05 07:59:50 [multiproc_executor.py:1018]     return self._store_handler.transfer_async(job_id, src_spec, dst_spec)
ERROR 08-05 07:59:50 [multiproc_executor.py:1018]     self._swap_blocks_batch(
ERROR 08-05 07:59:50 [multiproc_executor.py:1018]     return self._store_handler.transfer_async(job_id, src_spec, dst_spec)
ERROR 08-05 07:59:50 [multiproc_executor.py:1018]   File "/usr/local/lib/python3.12/dist-packages/vllm/v1/kv_offload/cpu/gpu_worker.py", line 535, in submit_store
ERROR 08-05 07:59:50 [multiproc_executor.py:1018]   File "/usr/local/lib/python3.12/dist-packages/vllm/v1/kv_offload/cpu/gpu_worker.py", line 394, in transfer_async
(Worker_PP1_TP5 pid=10487) (Worker_PP1_TP6 pid=10488) (Worker_PP1_TP0 pid=10482) (Worker_PP1_TP7 pid=10489) (Worker_PP1_TP4 pid=10486) (Worker_PP1_TP1 pid=10483) (Worker_PP1_TP2 pid=10484) ERROR 08-05 07:59:50 [multiproc_executor.py:1018]   File "/usr/local/lib/python3.12/dist-packages/vllm/v1/kv_offload/cpu/gpu_worker.py", line 394, in transfer_async
ERROR 08-05 07:59:50 [multiproc_executor.py:1018]     self._swap_blocks_batch(
ERROR 08-05 07:59:50 [multiproc_executor.py:1018]            ^^^^^^^^^^^^^^^^^^^^^^^^^^^^^^^^^^^^^^^^^^^^^^^^^^^^^^^^^^^^^^
ERROR 08-05 07:59:50 [multiproc_executor.py:1018]   File "/usr/local/lib/python3.12/dist-packages/vllm/_custom_ops.py", line 2922, in swap_blocks_batch
ERROR 08-05 07:59:50 [multiproc_executor.py:1018]            ^^^^^^^^^^^^^^^^^^^^^^^^^^^^^^^^^^^^^^^^^^^^^^^^^^^^^^^^^^^^^^
ERROR 08-05 07:59:50 [multiproc_executor.py:1018]     return self._store_handler.transfer_async(job_id, src_spec, dst_spec)
ERROR 08-05 07:59:50 [multiproc_executor.py:1018]     self._swap_blocks_batch(
(Worker_PP1_TP5 pid=10487) (Worker_PP1_TP6 pid=10488) (Worker_PP1_TP0 pid=10482) (Worker_PP1_TP7 pid=10489) (Worker_PP1_TP4 pid=10486) (Worker_PP1_TP1 pid=10483) (Worker_PP1_TP2 pid=10484) ERROR 08-05 07:59:50 [multiproc_executor.py:1018]     self._swap_blocks_batch(
ERROR 08-05 07:59:50 [multiproc_executor.py:1018]   File "/usr/local/lib/python3.12/dist-packages/vllm/_custom_ops.py", line 2922, in swap_blocks_batch
ERROR 08-05 07:59:50 [multiproc_executor.py:1018]   File "/usr/local/lib/python3.12/dist-packages/vllm/v1/kv_offload/cpu/gpu_worker.py", line 394, in transfer_async
ERROR 08-05 07:59:50 [multiproc_executor.py:1018]     torch.ops._C_cache_ops.swap_blocks_batch(
ERROR 08-05 07:59:50 [multiproc_executor.py:1018]   File "/usr/local/lib/python3.12/dist-packages/vllm/v1/kv_offload/cpu/gpu_worker.py", line 394, in transfer_async
ERROR 08-05 07:59:50 [multiproc_executor.py:1018]            ^^^^^^^^^^^^^^^^^^^^^^^^^^^^^^^^^^^^^^^^^^^^^^^^^^^^^^^^^^^^^^
ERROR 08-05 07:59:50 [multiproc_executor.py:1018]   File "/usr/local/lib/python3.12/dist-packages/vllm/_custom_ops.py", line 2922, in swap_blocks_batch
(Worker_PP1_TP5 pid=10487) (Worker_PP1_TP6 pid=10488) (Worker_PP1_TP0 pid=10482) (Worker_PP1_TP7 pid=10489) (Worker_PP1_TP4 pid=10486) (Worker_PP1_TP1 pid=10483) (Worker_PP1_TP2 pid=10484) ERROR 08-05 07:59:50 [multiproc_executor.py:1018]   File "/usr/local/lib/python3.12/dist-packages/vllm/_custom_ops.py", line 2922, in swap_blocks_batch
ERROR 08-05 07:59:50 [multiproc_executor.py:1018]     torch.ops._C_cache_ops.swap_blocks_batch(
ERROR 08-05 07:59:50 [multiproc_executor.py:1018]     self._swap_blocks_batch(
ERROR 08-05 07:59:50 [multiproc_executor.py:1018]   File "/usr/local/lib/python3.12/dist-packages/torch/_ops.py", line 1279, in __call__
ERROR 08-05 07:59:50 [multiproc_executor.py:1018]     self._swap_blocks_batch(
ERROR 08-05 07:59:50 [multiproc_executor.py:1018]   File "/usr/local/lib/python3.12/dist-packages/vllm/v1/kv_offload/cpu/gpu_worker.py", line 394, in transfer_async
ERROR 08-05 07:59:50 [multiproc_executor.py:1018]     torch.ops._C_cache_ops.swap_blocks_batch(
(Worker_PP1_TP5 pid=10487) (Worker_PP1_TP6 pid=10488) (Worker_PP1_TP0 pid=10482) (Worker_PP1_TP7 pid=10489) (Worker_PP1_TP4 pid=10486) (Worker_PP1_TP1 pid=10483) (Worker_PP1_TP2 pid=10484) ERROR 08-05 07:59:50 [multiproc_executor.py:1018]     torch.ops._C_cache_ops.swap_blocks_batch(
ERROR 08-05 07:59:50 [multiproc_executor.py:1018]   File "/usr/local/lib/python3.12/dist-packages/torch/_ops.py", line 1279, in __call__
ERROR 08-05 07:59:50 [multiproc_executor.py:1018]   File "/usr/local/lib/python3.12/dist-packages/vllm/_custom_ops.py", line 2922, in swap_blocks_batch
ERROR 08-05 07:59:50 [multiproc_executor.py:1018]     return self._op(*args, **kwargs)
ERROR 08-05 07:59:50 [multiproc_executor.py:1018]   File "/usr/local/lib/python3.12/dist-packages/vllm/_custom_ops.py", line 2922, in swap_blocks_batch
ERROR 08-05 07:59:50 [multiproc_executor.py:1018]     self._swap_blocks_batch(
ERROR 08-05 07:59:50 [multiproc_executor.py:1018]   File "/usr/local/lib/python3.12/dist-packages/torch/_ops.py", line 1279, in __call__
(Worker_PP1_TP5 pid=10487) (Worker_PP1_TP6 pid=10488) (Worker_PP1_TP0 pid=10482) (Worker_PP1_TP7 pid=10489) (Worker_PP1_TP4 pid=10486) (Worker_PP1_TP1 pid=10483) (Worker_PP1_TP2 pid=10484) ERROR 08-05 07:59:50 [multiproc_executor.py:1018]   File "/usr/local/lib/python3.12/dist-packages/torch/_ops.py", line 1279, in __call__
ERROR 08-05 07:59:50 [multiproc_executor.py:1018]     return self._op(*args, **kwargs)
ERROR 08-05 07:59:50 [multiproc_executor.py:1018]     torch.ops._C_cache_ops.swap_blocks_batch(
ERROR 08-05 07:59:50 [multiproc_executor.py:1018]            ^^^^^^^^^^^^^^^^^^^^^^^^^
ERROR 08-05 07:59:50 [multiproc_executor.py:1018]     torch.ops._C_cache_ops.swap_blocks_batch(
ERROR 08-05 07:59:50 [multiproc_executor.py:1018]   File "/usr/local/lib/python3.12/dist-packages/vllm/_custom_ops.py", line 2922, in swap_blocks_batch
ERROR 08-05 07:59:50 [multiproc_executor.py:1018]     return self._op(*args, **kwargs)
(Worker_PP1_TP5 pid=10487) (Worker_PP1_TP6 pid=10488) (Worker_PP1_TP0 pid=10482) (Worker_PP1_TP7 pid=10489) (Worker_PP1_TP4 pid=10486) (Worker_PP1_TP1 pid=10483) (Worker_PP1_TP2 pid=10484) ERROR 08-05 07:59:50 [multiproc_executor.py:1018]     return self._op(*args, **kwargs)
ERROR 08-05 07:59:50 [multiproc_executor.py:1018]            ^^^^^^^^^^^^^^^^^^^^^^^^^
ERROR 08-05 07:59:50 [multiproc_executor.py:1018]   File "/usr/local/lib/python3.12/dist-packages/torch/_ops.py", line 1279, in __call__
ERROR 08-05 07:59:50 [multiproc_executor.py:1018] RuntimeError: swap_blocks_batch, /workspace/csrc/libtorch_stable/cache_kernels.cu:150, cuMemcpyBatchAsync failed at index 11 with error 1
ERROR 08-05 07:59:50 [multiproc_executor.py:1018]   File "/usr/local/lib/python3.12/dist-packages/torch/_ops.py", line 1279, in __call__
ERROR 08-05 07:59:50 [multiproc_executor.py:1018]     torch.ops._C_cache_ops.swap_blocks_batch(
ERROR 08-05 07:59:50 [multiproc_executor.py:1018]            ^^^^^^^^^^^^^^^^^^^^^^^^^
(Worker_PP1_TP5 pid=10487) (Worker_PP1_TP6 pid=10488) (Worker_PP1_TP0 pid=10482) (Worker_PP1_TP7 pid=10489) (Worker_PP1_TP4 pid=10486) (Worker_PP1_TP1 pid=10483) (Worker_PP1_TP2 pid=10484) ERROR 08-05 07:59:50 [multiproc_executor.py:1018]            ^^^^^^^^^^^^^^^^^^^^^^^^^
ERROR 08-05 07:59:50 [multiproc_executor.py:1018] RuntimeError: swap_blocks_batch, /workspace/csrc/libtorch_stable/cache_kernels.cu:150, cuMemcpyBatchAsync failed at index 11 with error 1
ERROR 08-05 07:59:50 [multiproc_executor.py:1018]     return self._op(*args, **kwargs)
ERROR 08-05 07:59:50 [multiproc_executor.py:1018] Traceback (most recent call last):
ERROR 08-05 07:59:50 [multiproc_executor.py:1018]     return self._op(*args, **kwargs)
ERROR 08-05 07:59:50 [multiproc_executor.py:1018]   File "/usr/local/lib/python3.12/dist-packages/torch/_ops.py", line 1279, in __call__
ERROR 08-05 07:59:50 [multiproc_executor.py:1018] RuntimeError: swap_blocks_batch, /workspace/csrc/libtorch_stable/cache_kernels.cu:150, cuMemcpyBatchAsync failed at index 11 with error 1
(Worker_PP1_TP5 pid=10487) (Worker_PP1_TP6 pid=10488) (Worker_PP1_TP0 pid=10482) (Worker_PP1_TP7 pid=10489) (Worker_PP1_TP4 pid=10486) (Worker_PP1_TP1 pid=10483) (Worker_PP1_TP2 pid=10484) ERROR 08-05 07:59:50 [multiproc_executor.py:1018] RuntimeError: swap_blocks_batch, /workspace/csrc/libtorch_stable/cache_kernels.cu:150, cuMemcpyBatchAsync failed at index 11 with error 1
ERROR 08-05 07:59:50 [multiproc_executor.py:1018] Traceback (most recent call last):
ERROR 08-05 07:59:50 [multiproc_executor.py:1018]            ^^^^^^^^^^^^^^^^^^^^^^^^^
ERROR 08-05 07:59:50 [multiproc_executor.py:1018]   File "/usr/local/lib/python3.12/dist-packages/vllm/v1/executor/multiproc_executor.py", line 1010, in worker_busy_loop
ERROR 08-05 07:59:50 [multiproc_executor.py:1018]            ^^^^^^^^^^^^^^^^^^^^^^^^^
ERROR 08-05 07:59:50 [multiproc_executor.py:1018]     return self._op(*args, **kwargs)
ERROR 08-05 07:59:50 [multiproc_executor.py:1018] Traceback (most recent call last):
(Worker_PP1_TP5 pid=10487) (Worker_PP1_TP6 pid=10488) (Worker_PP1_TP0 pid=10482) (Worker_PP1_TP7 pid=10489) (Worker_PP1_TP4 pid=10486) ERROR 08-05 07:59:50 [multiproc_executor.py:1018]     output = func(*args, **kwargs)
(Worker_PP1_TP1 pid=10483) (Worker_PP1_TP2 pid=10484) ERROR 08-05 07:59:50 [multiproc_executor.py:1018] Traceback (most recent call last):
ERROR 08-05 07:59:50 [multiproc_executor.py:1018]   File "/usr/local/lib/python3.12/dist-packages/vllm/v1/executor/multiproc_executor.py", line 1010, in worker_busy_loop
ERROR 08-05 07:59:50 [multiproc_executor.py:1018] RuntimeError: swap_blocks_batch, /workspace/csrc/libtorch_stable/cache_kernels.cu:150, cuMemcpyBatchAsync failed at index 11 with error 1
ERROR 08-05 07:59:50 [multiproc_executor.py:1018] RuntimeError: swap_blocks_batch, /workspace/csrc/libtorch_stable/cache_kernels.cu:150, cuMemcpyBatchAsync failed at index 11 with error 1
(Worker_PP1_TP7 pid=10489) ERROR 08-05 07:59:50 [multiproc_executor.py:1018]            ^^^^^^^^^^^^^^^^^^^^^^^^^
ERROR 08-05 07:59:50 [multiproc_executor.py:1018]   File "/usr/local/lib/python3.12/dist-packages/vllm/v1/executor/multiproc_executor.py", line 1010, in worker_busy_loop
(Worker_PP1_TP5 pid=10487) (Worker_PP1_TP6 pid=10488) (Worker_PP1_TP0 pid=10482) (Worker_PP1_TP4 pid=10486) ERROR 08-05 07:59:50 [multiproc_executor.py:1018]              ^^^^^^^^^^^^^^^^^^^^^
(Worker_PP1_TP1 pid=10483) (Worker_PP1_TP2 pid=10484) ERROR 08-05 07:59:50 [multiproc_executor.py:1018]   File "/usr/local/lib/python3.12/dist-packages/vllm/v1/executor/multiproc_executor.py", line 1010, in worker_busy_loop
ERROR 08-05 07:59:50 [multiproc_executor.py:1018]     output = func(*args, **kwargs)
ERROR 08-05 07:59:50 [multiproc_executor.py:1018] Traceback (most recent call last):
ERROR 08-05 07:59:50 [multiproc_executor.py:1018] Traceback (most recent call last):
(Worker_PP1_TP7 pid=10489) ERROR 08-05 07:59:50 [multiproc_executor.py:1018] RuntimeError: swap_blocks_batch, /workspace/csrc/libtorch_stable/cache_kernels.cu:150, cuMemcpyBatchAsync failed at index 11 with error 1
ERROR 08-05 07:59:50 [multiproc_executor.py:1018]     output = func(*args, **kwargs)
(Worker_PP1_TP5 pid=10487) (Worker_PP1_TP6 pid=10488) (Worker_PP1_TP0 pid=10482) (Worker_PP1_TP4 pid=10486) ERROR 08-05 07:59:50 [multiproc_executor.py:1018]   File "/usr/local/lib/python3.12/dist-packages/vllm/v1/worker/worker_base.py", line 351, in execute_model
(Worker_PP1_TP1 pid=10483) (Worker_PP1_TP2 pid=10484) ERROR 08-05 07:59:50 [multiproc_executor.py:1018]     output = func(*args, **kwargs)
ERROR 08-05 07:59:50 [multiproc_executor.py:1018]              ^^^^^^^^^^^^^^^^^^^^^
ERROR 08-05 07:59:50 [multiproc_executor.py:1018]   File "/usr/local/lib/python3.12/dist-packages/vllm/v1/executor/multiproc_executor.py", line 1010, in worker_busy_loop
ERROR 08-05 07:59:50 [multiproc_executor.py:1018]   File "/usr/local/lib/python3.12/dist-packages/vllm/v1/executor/multiproc_executor.py", line 1010, in worker_busy_loop
(Worker_PP1_TP7 pid=10489) ERROR 08-05 07:59:50 [multiproc_executor.py:1018] Traceback (most recent call last):
ERROR 08-05 07:59:50 [multiproc_executor.py:1018]     return self.worker.execute_model(scheduler_output)
ERROR 08-05 07:59:50 [multiproc_executor.py:1018]              ^^^^^^^^^^^^^^^^^^^^^
(Worker_PP1_TP5 pid=10487) (Worker_PP1_TP6 pid=10488) (Worker_PP1_TP0 pid=10482) (Worker_PP1_TP4 pid=10486) (Worker_PP1_TP1 pid=10483) (Worker_PP1_TP7 pid=10489) (Worker_PP1_TP2 pid=10484) ERROR 08-05 07:59:50 [multiproc_executor.py:1018]              ^^^^^^^^^^^^^^^^^^^^^
ERROR 08-05 07:59:50 [multiproc_executor.py:1018]   File "/usr/local/lib/python3.12/dist-packages/vllm/v1/worker/worker_base.py", line 351, in execute_model
ERROR 08-05 07:59:50 [multiproc_executor.py:1018]     output = func(*args, **kwargs)
ERROR 08-05 07:59:50 [multiproc_executor.py:1018]     output = func(*args, **kwargs)
ERROR 08-05 07:59:50 [multiproc_executor.py:1018]   File "/usr/local/lib/python3.12/dist-packages/vllm/v1/executor/multiproc_executor.py", line 1010, in worker_busy_loop
ERROR 08-05 07:59:50 [multiproc_executor.py:1018]            ^^^^^^^^^^^^^^^^^^^^^^^^^^^^^^^^^^^^^^^^^^^
ERROR 08-05 07:59:50 [multiproc_executor.py:1018]   File "/usr/local/lib/python3.12/dist-packages/vllm/v1/worker/worker_base.py", line 351, in execute_model
(Worker_PP1_TP5 pid=10487) (Worker_PP1_TP6 pid=10488) (Worker_PP1_TP0 pid=10482) (Worker_PP1_TP4 pid=10486) (Worker_PP1_TP1 pid=10483) (Worker_PP1_TP7 pid=10489) (Worker_PP1_TP2 pid=10484) ERROR 08-05 07:59:50 [multiproc_executor.py:1018]   File "/usr/local/lib/python3.12/dist-packages/vllm/v1/worker/worker_base.py", line 351, in execute_model
ERROR 08-05 07:59:50 [multiproc_executor.py:1018]     return self.worker.execute_model(scheduler_output)
ERROR 08-05 07:59:50 [multiproc_executor.py:1018]              ^^^^^^^^^^^^^^^^^^^^^
ERROR 08-05 07:59:50 [multiproc_executor.py:1018]              ^^^^^^^^^^^^^^^^^^^^^
ERROR 08-05 07:59:50 [multiproc_executor.py:1018]     output = func(*args, **kwargs)
ERROR 08-05 07:59:50 [multiproc_executor.py:1018]   File "/usr/local/lib/python3.12/dist-packages/torch/utils/_contextlib.py", line 124, in decorate_context
ERROR 08-05 07:59:50 [multiproc_executor.py:1018]     return self.worker.execute_model(scheduler_output)
(Worker_PP1_TP5 pid=10487) (Worker_PP1_TP6 pid=10488) (Worker_PP1_TP0 pid=10482) (Worker_PP1_TP4 pid=10486) (Worker_PP1_TP1 pid=10483) (Worker_PP1_TP7 pid=10489) (Worker_PP1_TP2 pid=10484) ERROR 08-05 07:59:50 [multiproc_executor.py:1018]     return self.worker.execute_model(scheduler_output)
ERROR 08-05 07:59:50 [multiproc_executor.py:1018]            ^^^^^^^^^^^^^^^^^^^^^^^^^^^^^^^^^^^^^^^^^^^
ERROR 08-05 07:59:50 [multiproc_executor.py:1018]   File "/usr/local/lib/python3.12/dist-packages/vllm/v1/worker/worker_base.py", line 351, in execute_model
ERROR 08-05 07:59:50 [multiproc_executor.py:1018]   File "/usr/local/lib/python3.12/dist-packages/vllm/v1/worker/worker_base.py", line 351, in execute_model
ERROR 08-05 07:59:50 [multiproc_executor.py:1018]              ^^^^^^^^^^^^^^^^^^^^^
ERROR 08-05 07:59:50 [multiproc_executor.py:1018]     return func(*args, **kwargs)
ERROR 08-05 07:59:50 [multiproc_executor.py:1018]            ^^^^^^^^^^^^^^^^^^^^^^^^^^^^^^^^^^^^^^^^^^^
(Worker_PP1_TP5 pid=10487) (Worker_PP1_TP6 pid=10488) (Worker_PP1_TP0 pid=10482) (Worker_PP1_TP4 pid=10486) (Worker_PP1_TP1 pid=10483) (Worker_PP1_TP7 pid=10489) (Worker_PP1_TP2 pid=10484) ERROR 08-05 07:59:50 [multiproc_executor.py:1018]            ^^^^^^^^^^^^^^^^^^^^^^^^^^^^^^^^^^^^^^^^^^^
ERROR 08-05 07:59:50 [multiproc_executor.py:1018]   File "/usr/local/lib/python3.12/dist-packages/torch/utils/_contextlib.py", line 124, in decorate_context
ERROR 08-05 07:59:50 [multiproc_executor.py:1018]     return self.worker.execute_model(scheduler_output)
ERROR 08-05 07:59:50 [multiproc_executor.py:1018]     return self.worker.execute_model(scheduler_output)
ERROR 08-05 07:59:50 [multiproc_executor.py:1018]   File "/usr/local/lib/python3.12/dist-packages/vllm/v1/worker/worker_base.py", line 351, in execute_model
ERROR 08-05 07:59:50 [multiproc_executor.py:1018]            ^^^^^^^^^^^^^^^^^^^^^
ERROR 08-05 07:59:50 [multiproc_executor.py:1018]   File "/usr/local/lib/python3.12/dist-packages/torch/utils/_contextlib.py", line 124, in decorate_context
(Worker_PP1_TP5 pid=10487) (Worker_PP1_TP6 pid=10488) (Worker_PP1_TP0 pid=10482) (Worker_PP1_TP4 pid=10486) (Worker_PP1_TP1 pid=10483) (Worker_PP1_TP7 pid=10489) (Worker_PP1_TP2 pid=10484) ERROR 08-05 07:59:50 [multiproc_executor.py:1018]   File "/usr/local/lib/python3.12/dist-packages/torch/utils/_contextlib.py", line 124, in decorate_context
ERROR 08-05 07:59:50 [multiproc_executor.py:1018]     return func(*args, **kwargs)
ERROR 08-05 07:59:50 [multiproc_executor.py:1018]            ^^^^^^^^^^^^^^^^^^^^^^^^^^^^^^^^^^^^^^^^^^^
ERROR 08-05 07:59:50 [multiproc_executor.py:1018]            ^^^^^^^^^^^^^^^^^^^^^^^^^^^^^^^^^^^^^^^^^^^
ERROR 08-05 07:59:50 [multiproc_executor.py:1018]     return self.worker.execute_model(scheduler_output)
ERROR 08-05 07:59:50 [multiproc_executor.py:1018]   File "/usr/local/lib/python3.12/dist-packages/vllm/v1/worker/gpu_worker.py", line 1065, in execute_model
ERROR 08-05 07:59:50 [multiproc_executor.py:1018]     return func(*args, **kwargs)
(Worker_PP1_TP5 pid=10487) (Worker_PP1_TP6 pid=10488) (Worker_PP1_TP0 pid=10482) (Worker_PP1_TP4 pid=10486) (Worker_PP1_TP1 pid=10483) (Worker_PP1_TP7 pid=10489) (Worker_PP1_TP2 pid=10484) ERROR 08-05 07:59:50 [multiproc_executor.py:1018]     return func(*args, **kwargs)
ERROR 08-05 07:59:50 [multiproc_executor.py:1018]            ^^^^^^^^^^^^^^^^^^^^^
ERROR 08-05 07:59:50 [multiproc_executor.py:1018]   File "/usr/local/lib/python3.12/dist-packages/torch/utils/_contextlib.py", line 124, in decorate_context
ERROR 08-05 07:59:50 [multiproc_executor.py:1018]   File "/usr/local/lib/python3.12/dist-packages/torch/utils/_contextlib.py", line 124, in decorate_context
ERROR 08-05 07:59:50 [multiproc_executor.py:1018]            ^^^^^^^^^^^^^^^^^^^^^^^^^^^^^^^^^^^^^^^^^^^
ERROR 08-05 07:59:50 [multiproc_executor.py:1018]     output = self.model_runner.execute_model(
ERROR 08-05 07:59:50 [multiproc_executor.py:1018]            ^^^^^^^^^^^^^^^^^^^^^
(Worker_PP1_TP5 pid=10487) (Worker_PP1_TP6 pid=10488) (Worker_PP1_TP0 pid=10482) (Worker_PP1_TP4 pid=10486) (Worker_PP1_TP1 pid=10483) (Worker_PP1_TP7 pid=10489) (Worker_PP1_TP2 pid=10484) ERROR 08-05 07:59:50 [multiproc_executor.py:1018]            ^^^^^^^^^^^^^^^^^^^^^
ERROR 08-05 07:59:50 [multiproc_executor.py:1018]   File "/usr/local/lib/python3.12/dist-packages/vllm/v1/worker/gpu_worker.py", line 1065, in execute_model
ERROR 08-05 07:59:50 [multiproc_executor.py:1018]     return func(*args, **kwargs)
ERROR 08-05 07:59:50 [multiproc_executor.py:1018]     return func(*args, **kwargs)
ERROR 08-05 07:59:50 [multiproc_executor.py:1018]   File "/usr/local/lib/python3.12/dist-packages/torch/utils/_contextlib.py", line 124, in decorate_context
ERROR 08-05 07:59:50 [multiproc_executor.py:1018]              ^^^^^^^^^^^^^^^^^^^^^^^^^^^^^^^^
ERROR 08-05 07:59:50 [multiproc_executor.py:1018]   File "/usr/local/lib/python3.12/dist-packages/vllm/v1/worker/gpu_worker.py", line 1065, in execute_model
(Worker_PP1_TP5 pid=10487) (Worker_PP1_TP6 pid=10488) (Worker_PP1_TP0 pid=10482) (Worker_PP1_TP4 pid=10486) (Worker_PP1_TP1 pid=10483) (Worker_PP1_TP7 pid=10489) (Worker_PP1_TP2 pid=10484) ERROR 08-05 07:59:50 [multiproc_executor.py:1018]   File "/usr/local/lib/python3.12/dist-packages/vllm/v1/worker/gpu_worker.py", line 1065, in execute_model
ERROR 08-05 07:59:50 [multiproc_executor.py:1018]     output = self.model_runner.execute_model(
ERROR 08-05 07:59:50 [multiproc_executor.py:1018]            ^^^^^^^^^^^^^^^^^^^^^
ERROR 08-05 07:59:50 [multiproc_executor.py:1018]            ^^^^^^^^^^^^^^^^^^^^^
ERROR 08-05 07:59:50 [multiproc_executor.py:1018]     return func(*args, **kwargs)
ERROR 08-05 07:59:50 [multiproc_executor.py:1018]   File "/usr/local/lib/python3.12/dist-packages/torch/utils/_contextlib.py", line 124, in decorate_context
ERROR 08-05 07:59:50 [multiproc_executor.py:1018]     output = self.model_runner.execute_model(
(Worker_PP1_TP5 pid=10487) (Worker_PP1_TP6 pid=10488) (Worker_PP1_TP0 pid=10482) (Worker_PP1_TP4 pid=10486) (Worker_PP1_TP1 pid=10483) (Worker_PP1_TP7 pid=10489) (Worker_PP1_TP2 pid=10484) ERROR 08-05 07:59:50 [multiproc_executor.py:1018]     output = self.model_runner.execute_model(
ERROR 08-05 07:59:50 [multiproc_executor.py:1018]              ^^^^^^^^^^^^^^^^^^^^^^^^^^^^^^^^
ERROR 08-05 07:59:50 [multiproc_executor.py:1018]   File "/usr/local/lib/python3.12/dist-packages/vllm/v1/worker/gpu_worker.py", line 1065, in execute_model
ERROR 08-05 07:59:50 [multiproc_executor.py:1018]   File "/usr/local/lib/python3.12/dist-packages/vllm/v1/worker/gpu_worker.py", line 1065, in execute_model
ERROR 08-05 07:59:50 [multiproc_executor.py:1018]            ^^^^^^^^^^^^^^^^^^^^^
ERROR 08-05 07:59:50 [multiproc_executor.py:1018]     return func(*args, **kwargs)
ERROR 08-05 07:59:50 [multiproc_executor.py:1018]              ^^^^^^^^^^^^^^^^^^^^^^^^^^^^^^^^
(Worker_PP1_TP5 pid=10487) (Worker_PP1_TP6 pid=10488) (Worker_PP1_TP0 pid=10482) (Worker_PP1_TP4 pid=10486) (Worker_PP1_TP1 pid=10483) (Worker_PP1_TP7 pid=10489) (Worker_PP1_TP2 pid=10484) ERROR 08-05 07:59:50 [multiproc_executor.py:1018]              ^^^^^^^^^^^^^^^^^^^^^^^^^^^^^^^^
ERROR 08-05 07:59:50 [multiproc_executor.py:1018]   File "/usr/local/lib/python3.12/dist-packages/torch/utils/_contextlib.py", line 124, in decorate_context
ERROR 08-05 07:59:50 [multiproc_executor.py:1018]     output = self.model_runner.execute_model(
ERROR 08-05 07:59:50 [multiproc_executor.py:1018]     output = self.model_runner.execute_model(
ERROR 08-05 07:59:50 [multiproc_executor.py:1018]   File "/usr/local/lib/python3.12/dist-packages/vllm/v1/worker/gpu_worker.py", line 1065, in execute_model
ERROR 08-05 07:59:50 [multiproc_executor.py:1018]            ^^^^^^^^^^^^^^^^^^^^^
ERROR 08-05 07:59:50 [multiproc_executor.py:1018]   File "/usr/local/lib/python3.12/dist-packages/torch/utils/_contextlib.py", line 124, in decorate_context
(Worker_PP1_TP5 pid=10487) (Worker_PP1_TP6 pid=10488) (Worker_PP1_TP0 pid=10482) (Worker_PP1_TP4 pid=10486) (Worker_PP1_TP1 pid=10483) (Worker_PP1_TP7 pid=10489) (Worker_PP1_TP2 pid=10484) ERROR 08-05 07:59:50 [multiproc_executor.py:1018]   File "/usr/local/lib/python3.12/dist-packages/torch/utils/_contextlib.py", line 124, in decorate_context
ERROR 08-05 07:59:50 [multiproc_executor.py:1018]     return func(*args, **kwargs)
ERROR 08-05 07:59:50 [multiproc_executor.py:1018]              ^^^^^^^^^^^^^^^^^^^^^^^^^^^^^^^^
ERROR 08-05 07:59:50 [multiproc_executor.py:1018]              ^^^^^^^^^^^^^^^^^^^^^^^^^^^^^^^^
ERROR 08-05 07:59:50 [multiproc_executor.py:1018]     output = self.model_runner.execute_model(
ERROR 08-05 07:59:50 [multiproc_executor.py:1018]   File "/usr/local/lib/python3.12/dist-packages/vllm/v1/worker/gpu/model_runner.py", line 1188, in execute_model
ERROR 08-05 07:59:50 [multiproc_executor.py:1018]     return func(*args, **kwargs)
(Worker_PP1_TP5 pid=10487) (Worker_PP1_TP6 pid=10488) (Worker_PP1_TP0 pid=10482) (Worker_PP1_TP4 pid=10486) (Worker_PP1_TP1 pid=10483) (Worker_PP1_TP7 pid=10489) (Worker_PP1_TP2 pid=10484) ERROR 08-05 07:59:50 [multiproc_executor.py:1018]     return func(*args, **kwargs)
ERROR 08-05 07:59:50 [multiproc_executor.py:1018]            ^^^^^^^^^^^^^^^^^^^^^
ERROR 08-05 07:59:50 [multiproc_executor.py:1018]   File "/usr/local/lib/python3.12/dist-packages/torch/utils/_contextlib.py", line 124, in decorate_context
ERROR 08-05 07:59:50 [multiproc_executor.py:1018]   File "/usr/local/lib/python3.12/dist-packages/torch/utils/_contextlib.py", line 124, in decorate_context
ERROR 08-05 07:59:50 [multiproc_executor.py:1018]              ^^^^^^^^^^^^^^^^^^^^^^^^^^^^^^^^
ERROR 08-05 07:59:50 [multiproc_executor.py:1018]     empty_output = self.kv_connector.no_forward(scheduler_output)
ERROR 08-05 07:59:50 [multiproc_executor.py:1018]            ^^^^^^^^^^^^^^^^^^^^^
(Worker_PP1_TP5 pid=10487) (Worker_PP1_TP6 pid=10488) (Worker_PP1_TP0 pid=10482) (Worker_PP1_TP4 pid=10486) (Worker_PP1_TP1 pid=10483) (Worker_PP1_TP7 pid=10489) (Worker_PP1_TP2 pid=10484) ERROR 08-05 07:59:50 [multiproc_executor.py:1018]            ^^^^^^^^^^^^^^^^^^^^^
ERROR 08-05 07:59:50 [multiproc_executor.py:1018]   File "/usr/local/lib/python3.12/dist-packages/vllm/v1/worker/gpu/model_runner.py", line 1188, in execute_model
ERROR 08-05 07:59:50 [multiproc_executor.py:1018]     return func(*args, **kwargs)
ERROR 08-05 07:59:50 [multiproc_executor.py:1018]     return func(*args, **kwargs)
ERROR 08-05 07:59:50 [multiproc_executor.py:1018]   File "/usr/local/lib/python3.12/dist-packages/torch/utils/_contextlib.py", line 124, in decorate_context
ERROR 08-05 07:59:50 [multiproc_executor.py:1018]                    ^^^^^^^^^^^^^^^^^^^^^^^^^^^^^^^^^^^^^^^^^^^^^^
ERROR 08-05 07:59:50 [multiproc_executor.py:1018]   File "/usr/local/lib/python3.12/dist-packages/vllm/v1/worker/gpu/model_runner.py", line 1188, in execute_model
(Worker_PP1_TP5 pid=10487) (Worker_PP1_TP6 pid=10488) (Worker_PP1_TP0 pid=10482) (Worker_PP1_TP4 pid=10486) (Worker_PP1_TP1 pid=10483) (Worker_PP1_TP7 pid=10489) (Worker_PP1_TP2 pid=10484) ERROR 08-05 07:59:50 [multiproc_executor.py:1018]   File "/usr/local/lib/python3.12/dist-packages/vllm/v1/worker/gpu/model_runner.py", line 1188, in execute_model
ERROR 08-05 07:59:50 [multiproc_executor.py:1018]     empty_output = self.kv_connector.no_forward(scheduler_output)
ERROR 08-05 07:59:50 [multiproc_executor.py:1018]            ^^^^^^^^^^^^^^^^^^^^^
ERROR 08-05 07:59:50 [multiproc_executor.py:1018]            ^^^^^^^^^^^^^^^^^^^^^
ERROR 08-05 07:59:50 [multiproc_executor.py:1018]     return func(*args, **kwargs)
ERROR 08-05 07:59:50 [multiproc_executor.py:1018]   File "/usr/local/lib/python3.12/dist-packages/vllm/v1/worker/gpu/kv_connector.py", line 102, in no_forward
ERROR 08-05 07:59:50 [multiproc_executor.py:1018]     empty_output = self.kv_connector.no_forward(scheduler_output)
(Worker_PP1_TP5 pid=10487) (Worker_PP1_TP6 pid=10488) (Worker_PP1_TP0 pid=10482) (Worker_PP1_TP4 pid=10486) (Worker_PP1_TP1 pid=10483) (Worker_PP1_TP7 pid=10489) (Worker_PP1_TP2 pid=10484) ERROR 08-05 07:59:50 [multiproc_executor.py:1018]     empty_output = self.kv_connector.no_forward(scheduler_output)
ERROR 08-05 07:59:50 [multiproc_executor.py:1018]                    ^^^^^^^^^^^^^^^^^^^^^^^^^^^^^^^^^^^^^^^^^^^^^^
ERROR 08-05 07:59:50 [multiproc_executor.py:1018]   File "/usr/local/lib/python3.12/dist-packages/vllm/v1/worker/gpu/model_runner.py", line 1188, in execute_model
ERROR 08-05 07:59:50 [multiproc_executor.py:1018]   File "/usr/local/lib/python3.12/dist-packages/vllm/v1/worker/gpu/model_runner.py", line 1188, in execute_model
ERROR 08-05 07:59:50 [multiproc_executor.py:1018]            ^^^^^^^^^^^^^^^^^^^^^
ERROR 08-05 07:59:50 [multiproc_executor.py:1018]     self.pre_forward(scheduler_output)
ERROR 08-05 07:59:50 [multiproc_executor.py:1018]                    ^^^^^^^^^^^^^^^^^^^^^^^^^^^^^^^^^^^^^^^^^^^^^^
(Worker_PP1_TP5 pid=10487) (Worker_PP1_TP6 pid=10488) (Worker_PP1_TP0 pid=10482) (Worker_PP1_TP4 pid=10486) (Worker_PP1_TP1 pid=10483) (Worker_PP1_TP7 pid=10489) (Worker_PP1_TP2 pid=10484) ERROR 08-05 07:59:50 [multiproc_executor.py:1018]                    ^^^^^^^^^^^^^^^^^^^^^^^^^^^^^^^^^^^^^^^^^^^^^^
ERROR 08-05 07:59:50 [multiproc_executor.py:1018]   File "/usr/local/lib/python3.12/dist-packages/vllm/v1/worker/gpu/kv_connector.py", line 102, in no_forward
ERROR 08-05 07:59:50 [multiproc_executor.py:1018]     empty_output = self.kv_connector.no_forward(scheduler_output)
ERROR 08-05 07:59:50 [multiproc_executor.py:1018]     empty_output = self.kv_connector.no_forward(scheduler_output)
ERROR 08-05 07:59:50 [multiproc_executor.py:1018]   File "/usr/local/lib/python3.12/dist-packages/vllm/v1/worker/gpu/model_runner.py", line 1188, in execute_model
ERROR 08-05 07:59:50 [multiproc_executor.py:1018]   File "/usr/local/lib/python3.12/dist-packages/vllm/v1/worker/gpu/kv_connector.py", line 67, in pre_forward
ERROR 08-05 07:59:50 [multiproc_executor.py:1018]   File "/usr/local/lib/python3.12/dist-packages/vllm/v1/worker/gpu/kv_connector.py", line 102, in no_forward
(Worker_PP1_TP5 pid=10487) (Worker_PP1_TP6 pid=10488) (Worker_PP1_TP0 pid=10482) (Worker_PP1_TP4 pid=10486) (Worker_PP1_TP1 pid=10483) (Worker_PP1_TP7 pid=10489) (Worker_PP1_TP2 pid=10484) ERROR 08-05 07:59:50 [multiproc_executor.py:1018]   File "/usr/local/lib/python3.12/dist-packages/vllm/v1/worker/gpu/kv_connector.py", line 102, in no_forward
ERROR 08-05 07:59:50 [multiproc_executor.py:1018]     self.pre_forward(scheduler_output)
ERROR 08-05 07:59:50 [multiproc_executor.py:1018]                    ^^^^^^^^^^^^^^^^^^^^^^^^^^^^^^^^^^^^^^^^^^^^^^
ERROR 08-05 07:59:50 [multiproc_executor.py:1018]                    ^^^^^^^^^^^^^^^^^^^^^^^^^^^^^^^^^^^^^^^^^^^^^^
ERROR 08-05 07:59:50 [multiproc_executor.py:1018]     empty_output = self.kv_connector.no_forward(scheduler_output)
ERROR 08-05 07:59:50 [multiproc_executor.py:1018]     self.kv_connector.handle_preemptions(kv_connector_metadata)
ERROR 08-05 07:59:50 [multiproc_executor.py:1018]     self.pre_forward(scheduler_output)
(Worker_PP1_TP5 pid=10487) (Worker_PP1_TP6 pid=10488) (Worker_PP1_TP0 pid=10482) (Worker_PP1_TP4 pid=10486) (Worker_PP1_TP1 pid=10483) (Worker_PP1_TP7 pid=10489) (Worker_PP1_TP2 pid=10484) ERROR 08-05 07:59:50 [multiproc_executor.py:1018]     self.pre_forward(scheduler_output)
ERROR 08-05 07:59:50 [multiproc_executor.py:1018]   File "/usr/local/lib/python3.12/dist-packages/vllm/v1/worker/gpu/kv_connector.py", line 67, in pre_forward
ERROR 08-05 07:59:50 [multiproc_executor.py:1018]   File "/usr/local/lib/python3.12/dist-packages/vllm/v1/worker/gpu/kv_connector.py", line 102, in no_forward
ERROR 08-05 07:59:50 [multiproc_executor.py:1018]   File "/usr/local/lib/python3.12/dist-packages/vllm/v1/worker/gpu/kv_connector.py", line 102, in no_forward
ERROR 08-05 07:59:50 [multiproc_executor.py:1018]                    ^^^^^^^^^^^^^^^^^^^^^^^^^^^^^^^^^^^^^^^^^^^^^^
ERROR 08-05 07:59:50 [multiproc_executor.py:1018]   File "/usr/local/lib/python3.12/dist-packages/vllm/distributed/kv_transfer/kv_connector/v1/offloading_connector.py", line 93, in handle_preemptions
ERROR 08-05 07:59:50 [multiproc_executor.py:1018]   File "/usr/local/lib/python3.12/dist-packages/vllm/v1/worker/gpu/kv_connector.py", line 67, in pre_forward
(Worker_PP1_TP5 pid=10487) (Worker_PP1_TP6 pid=10488) (Worker_PP1_TP0 pid=10482) (Worker_PP1_TP4 pid=10486) (Worker_PP1_TP1 pid=10483) (Worker_PP1_TP7 pid=10489) (Worker_PP1_TP2 pid=10484) ERROR 08-05 07:59:50 [multiproc_executor.py:1018]   File "/usr/local/lib/python3.12/dist-packages/vllm/v1/worker/gpu/kv_connector.py", line 67, in pre_forward
ERROR 08-05 07:59:50 [multiproc_executor.py:1018]     self.kv_connector.handle_preemptions(kv_connector_metadata)
ERROR 08-05 07:59:50 [multiproc_executor.py:1018]     self.pre_forward(scheduler_output)
ERROR 08-05 07:59:50 [multiproc_executor.py:1018]     self.pre_forward(scheduler_output)
ERROR 08-05 07:59:50 [multiproc_executor.py:1018]   File "/usr/local/lib/python3.12/dist-packages/vllm/v1/worker/gpu/kv_connector.py", line 102, in no_forward
ERROR 08-05 07:59:50 [multiproc_executor.py:1018]     self.connector_worker.handle_preemptions(kv_connector_metadata)
ERROR 08-05 07:59:50 [multiproc_executor.py:1018]     self.kv_connector.handle_preemptions(kv_connector_metadata)
(Worker_PP1_TP5 pid=10487) (Worker_PP1_TP6 pid=10488) (Worker_PP1_TP0 pid=10482) (Worker_PP1_TP4 pid=10486) (Worker_PP1_TP1 pid=10483) (Worker_PP1_TP7 pid=10489) (Worker_PP1_TP2 pid=10484) ERROR 08-05 07:59:50 [multiproc_executor.py:1018]     self.kv_connector.handle_preemptions(kv_connector_metadata)
ERROR 08-05 07:59:50 [multiproc_executor.py:1018]   File "/usr/local/lib/python3.12/dist-packages/vllm/distributed/kv_transfer/kv_connector/v1/offloading_connector.py", line 93, in handle_preemptions
ERROR 08-05 07:59:50 [multiproc_executor.py:1018]   File "/usr/local/lib/python3.12/dist-packages/vllm/v1/worker/gpu/kv_connector.py", line 67, in pre_forward
ERROR 08-05 07:59:50 [multiproc_executor.py:1018]   File "/usr/local/lib/python3.12/dist-packages/vllm/v1/worker/gpu/kv_connector.py", line 67, in pre_forward
ERROR 08-05 07:59:50 [multiproc_executor.py:1018]     self.pre_forward(scheduler_output)
ERROR 08-05 07:59:50 [multiproc_executor.py:1018]   File "/usr/local/lib/python3.12/dist-packages/vllm/distributed/kv_transfer/kv_connector/v1/offloading/worker.py", line 285, in handle_preemptions
ERROR 08-05 07:59:50 [multiproc_executor.py:1018]   File "/usr/local/lib/python3.12/dist-packages/vllm/distributed/kv_transfer/kv_connector/v1/offloading_connector.py", line 93, in handle_preemptions
(Worker_PP1_TP5 pid=10487) (Worker_PP1_TP6 pid=10488) (Worker_PP1_TP0 pid=10482) (Worker_PP1_TP4 pid=10486) (Worker_PP1_TP1 pid=10483) (Worker_PP1_TP7 pid=10489) (Worker_PP1_TP2 pid=10484) ERROR 08-05 07:59:50 [multiproc_executor.py:1018]   File "/usr/local/lib/python3.12/dist-packages/vllm/distributed/kv_transfer/kv_connector/v1/offloading_connector.py", line 93, in handle_preemptions
ERROR 08-05 07:59:50 [multiproc_executor.py:1018]     self.connector_worker.handle_preemptions(kv_connector_metadata)
ERROR 08-05 07:59:50 [multiproc_executor.py:1018]     self.kv_connector.handle_preemptions(kv_connector_metadata)
ERROR 08-05 07:59:50 [multiproc_executor.py:1018]     self.kv_connector.handle_preemptions(kv_connector_metadata)
ERROR 08-05 07:59:50 [multiproc_executor.py:1018]   File "/usr/local/lib/python3.12/dist-packages/vllm/v1/worker/gpu/kv_connector.py", line 67, in pre_forward
ERROR 08-05 07:59:50 [multiproc_executor.py:1018]     success = self.worker.submit_store(job_id, src_spec, dst_spec)
ERROR 08-05 07:59:50 [multiproc_executor.py:1018]     self.connector_worker.handle_preemptions(kv_connector_metadata)
(Worker_PP1_TP5 pid=10487) (Worker_PP1_TP6 pid=10488) (Worker_PP1_TP0 pid=10482) (Worker_PP1_TP4 pid=10486) (Worker_PP1_TP1 pid=10483) (Worker_PP1_TP7 pid=10489) (Worker_PP1_TP2 pid=10484) ERROR 08-05 07:59:50 [multiproc_executor.py:1018]     self.connector_worker.handle_preemptions(kv_connector_metadata)
ERROR 08-05 07:59:50 [multiproc_executor.py:1018]   File "/usr/local/lib/python3.12/dist-packages/vllm/distributed/kv_transfer/kv_connector/v1/offloading/worker.py", line 285, in handle_preemptions
ERROR 08-05 07:59:50 [multiproc_executor.py:1018]   File "/usr/local/lib/python3.12/dist-packages/vllm/distributed/kv_transfer/kv_connector/v1/offloading_connector.py", line 93, in handle_preemptions
ERROR 08-05 07:59:50 [multiproc_executor.py:1018]   File "/usr/local/lib/python3.12/dist-packages/vllm/distributed/kv_transfer/kv_connector/v1/offloading_connector.py", line 93, in handle_preemptions
ERROR 08-05 07:59:50 [multiproc_executor.py:1018]     self.kv_connector.handle_preemptions(kv_connector_metadata)
ERROR 08-05 07:59:50 [multiproc_executor.py:1018]               ^^^^^^^^^^^^^^^^^^^^^^^^^^^^^^^^^^^^^^^^^^^^^^^^^^^^
ERROR 08-05 07:59:50 [multiproc_executor.py:1018]   File "/usr/local/lib/python3.12/dist-packages/vllm/distributed/kv_transfer/kv_connector/v1/offloading/worker.py", line 285, in handle_preemptions
(Worker_PP1_TP5 pid=10487) (Worker_PP1_TP6 pid=10488) (Worker_PP1_TP0 pid=10482) (Worker_PP1_TP4 pid=10486) (Worker_PP1_TP1 pid=10483) (Worker_PP1_TP7 pid=10489) (Worker_PP1_TP2 pid=10484) ERROR 08-05 07:59:50 [multiproc_executor.py:1018]   File "/usr/local/lib/python3.12/dist-packages/vllm/distributed/kv_transfer/kv_connector/v1/offloading/worker.py", line 285, in handle_preemptions
ERROR 08-05 07:59:50 [multiproc_executor.py:1018]     success = self.worker.submit_store(job_id, src_spec, dst_spec)
ERROR 08-05 07:59:50 [multiproc_executor.py:1018]     self.connector_worker.handle_preemptions(kv_connector_metadata)
ERROR 08-05 07:59:50 [multiproc_executor.py:1018]     self.connector_worker.handle_preemptions(kv_connector_metadata)
ERROR 08-05 07:59:50 [multiproc_executor.py:1018]   File "/usr/local/lib/python3.12/dist-packages/vllm/distributed/kv_transfer/kv_connector/v1/offloading_connector.py", line 93, in handle_preemptions
ERROR 08-05 07:59:50 [multiproc_executor.py:1018]   File "/usr/local/lib/python3.12/dist-packages/vllm/v1/kv_offload/cpu/gpu_worker.py", line 535, in submit_store
ERROR 08-05 07:59:50 [multiproc_executor.py:1018]     success = self.worker.submit_store(job_id, src_spec, dst_spec)
(Worker_PP1_TP5 pid=10487) (Worker_PP1_TP6 pid=10488) (Worker_PP1_TP0 pid=10482) (Worker_PP1_TP4 pid=10486) (Worker_PP1_TP1 pid=10483) (Worker_PP1_TP7 pid=10489) (Worker_PP1_TP2 pid=10484) ERROR 08-05 07:59:50 [multiproc_executor.py:1018]     success = self.worker.submit_store(job_id, src_spec, dst_spec)
ERROR 08-05 07:59:50 [multiproc_executor.py:1018]               ^^^^^^^^^^^^^^^^^^^^^^^^^^^^^^^^^^^^^^^^^^^^^^^^^^^^
ERROR 08-05 07:59:50 [multiproc_executor.py:1018]   File "/usr/local/lib/python3.12/dist-packages/vllm/distributed/kv_transfer/kv_connector/v1/offloading/worker.py", line 285, in handle_preemptions
ERROR 08-05 07:59:50 [multiproc_executor.py:1018]   File "/usr/local/lib/python3.12/dist-packages/vllm/distributed/kv_transfer/kv_connector/v1/offloading/worker.py", line 285, in handle_preemptions
ERROR 08-05 07:59:50 [multiproc_executor.py:1018]     self.connector_worker.handle_preemptions(kv_connector_metadata)
ERROR 08-05 07:59:50 [multiproc_executor.py:1018]     return self._store_handler.transfer_async(job_id, src_spec, dst_spec)
ERROR 08-05 07:59:50 [multiproc_executor.py:1018]               ^^^^^^^^^^^^^^^^^^^^^^^^^^^^^^^^^^^^^^^^^^^^^^^^^^^^
(Worker_PP1_TP5 pid=10487) (Worker_PP1_TP6 pid=10488) (Worker_PP1_TP0 pid=10482) (Worker_PP1_TP4 pid=10486) (Worker_PP1_TP1 pid=10483) (Worker_PP1_TP7 pid=10489) (Worker_PP1_TP2 pid=10484) ERROR 08-05 07:59:50 [multiproc_executor.py:1018]               ^^^^^^^^^^^^^^^^^^^^^^^^^^^^^^^^^^^^^^^^^^^^^^^^^^^^
ERROR 08-05 07:59:50 [multiproc_executor.py:1018]   File "/usr/local/lib/python3.12/dist-packages/vllm/v1/kv_offload/cpu/gpu_worker.py", line 535, in submit_store
ERROR 08-05 07:59:50 [multiproc_executor.py:1018]     success = self.worker.submit_store(job_id, src_spec, dst_spec)
ERROR 08-05 07:59:50 [multiproc_executor.py:1018]     success = self.worker.submit_store(job_id, src_spec, dst_spec)
ERROR 08-05 07:59:50 [multiproc_executor.py:1018]   File "/usr/local/lib/python3.12/dist-packages/vllm/distributed/kv_transfer/kv_connector/v1/offloading/worker.py", line 285, in handle_preemptions
ERROR 08-05 07:59:50 [multiproc_executor.py:1018]            ^^^^^^^^^^^^^^^^^^^^^^^^^^^^^^^^^^^^^^^^^^^^^^^^^^^^^^^^^^^^^^
ERROR 08-05 07:59:50 [multiproc_executor.py:1018]   File "/usr/local/lib/python3.12/dist-packages/vllm/v1/kv_offload/cpu/gpu_worker.py", line 535, in submit_store
(Worker_PP1_TP5 pid=10487) (Worker_PP1_TP6 pid=10488) (Worker_PP1_TP0 pid=10482) (Worker_PP1_TP4 pid=10486) (Worker_PP1_TP1 pid=10483) (Worker_PP1_TP7 pid=10489) (Worker_PP1_TP2 pid=10484) ERROR 08-05 07:59:50 [multiproc_executor.py:1018]   File "/usr/local/lib/python3.12/dist-packages/vllm/v1/kv_offload/cpu/gpu_worker.py", line 535, in submit_store
ERROR 08-05 07:59:50 [multiproc_executor.py:1018]     return self._store_handler.transfer_async(job_id, src_spec, dst_spec)
ERROR 08-05 07:59:50 [multiproc_executor.py:1018]               ^^^^^^^^^^^^^^^^^^^^^^^^^^^^^^^^^^^^^^^^^^^^^^^^^^^^
ERROR 08-05 07:59:50 [multiproc_executor.py:1018]               ^^^^^^^^^^^^^^^^^^^^^^^^^^^^^^^^^^^^^^^^^^^^^^^^^^^^
ERROR 08-05 07:59:50 [multiproc_executor.py:1018]     success = self.worker.submit_store(job_id, src_spec, dst_spec)
ERROR 08-05 07:59:50 [multiproc_executor.py:1018]   File "/usr/local/lib/python3.12/dist-packages/vllm/v1/kv_offload/cpu/gpu_worker.py", line 394, in transfer_async
ERROR 08-05 07:59:50 [multiproc_executor.py:1018]     return self._store_handler.transfer_async(job_id, src_spec, dst_spec)
(Worker_PP1_TP5 pid=10487) (Worker_PP1_TP6 pid=10488) (Worker_PP1_TP0 pid=10482) (Worker_PP1_TP4 pid=10486) (Worker_PP1_TP1 pid=10483) (Worker_PP1_TP7 pid=10489) (Worker_PP1_TP2 pid=10484) ERROR 08-05 07:59:50 [multiproc_executor.py:1018]     return self._store_handler.transfer_async(job_id, src_spec, dst_spec)
ERROR 08-05 07:59:50 [multiproc_executor.py:1018]            ^^^^^^^^^^^^^^^^^^^^^^^^^^^^^^^^^^^^^^^^^^^^^^^^^^^^^^^^^^^^^^
ERROR 08-05 07:59:50 [multiproc_executor.py:1018]   File "/usr/local/lib/python3.12/dist-packages/vllm/v1/kv_offload/cpu/gpu_worker.py", line 535, in submit_store
ERROR 08-05 07:59:50 [multiproc_executor.py:1018]   File "/usr/local/lib/python3.12/dist-packages/vllm/v1/kv_offload/cpu/gpu_worker.py", line 535, in submit_store
ERROR 08-05 07:59:50 [multiproc_executor.py:1018]               ^^^^^^^^^^^^^^^^^^^^^^^^^^^^^^^^^^^^^^^^^^^^^^^^^^^^
ERROR 08-05 07:59:50 [multiproc_executor.py:1018]     self._swap_blocks_batch(
ERROR 08-05 07:59:50 [multiproc_executor.py:1018]            ^^^^^^^^^^^^^^^^^^^^^^^^^^^^^^^^^^^^^^^^^^^^^^^^^^^^^^^^^^^^^^
(Worker_PP1_TP5 pid=10487) (Worker_PP1_TP6 pid=10488) (Worker_PP1_TP0 pid=10482) (Worker_PP1_TP4 pid=10486) (Worker_PP1_TP1 pid=10483) (Worker_PP1_TP7 pid=10489) (Worker_PP1_TP2 pid=10484) ERROR 08-05 07:59:50 [multiproc_executor.py:1018]            ^^^^^^^^^^^^^^^^^^^^^^^^^^^^^^^^^^^^^^^^^^^^^^^^^^^^^^^^^^^^^^
ERROR 08-05 07:59:50 [multiproc_executor.py:1018]   File "/usr/local/lib/python3.12/dist-packages/vllm/v1/kv_offload/cpu/gpu_worker.py", line 394, in transfer_async
ERROR 08-05 07:59:50 [multiproc_executor.py:1018]     return self._store_handler.transfer_async(job_id, src_spec, dst_spec)
ERROR 08-05 07:59:50 [multiproc_executor.py:1018]     return self._store_handler.transfer_async(job_id, src_spec, dst_spec)
ERROR 08-05 07:59:50 [multiproc_executor.py:1018]   File "/usr/local/lib/python3.12/dist-packages/vllm/v1/kv_offload/cpu/gpu_worker.py", line 535, in submit_store
ERROR 08-05 07:59:50 [multiproc_executor.py:1018]   File "/usr/local/lib/python3.12/dist-packages/vllm/_custom_ops.py", line 2922, in swap_blocks_batch
ERROR 08-05 07:59:50 [multiproc_executor.py:1018]   File "/usr/local/lib/python3.12/dist-packages/vllm/v1/kv_offload/cpu/gpu_worker.py", line 394, in transfer_async
(Worker_PP1_TP5 pid=10487) (Worker_PP1_TP6 pid=10488) (Worker_PP1_TP0 pid=10482) (Worker_PP1_TP4 pid=10486) (Worker_PP1_TP1 pid=10483) (Worker_PP1_TP7 pid=10489) (Worker_PP1_TP2 pid=10484) ERROR 08-05 07:59:50 [multiproc_executor.py:1018]   File "/usr/local/lib/python3.12/dist-packages/vllm/v1/kv_offload/cpu/gpu_worker.py", line 394, in transfer_async
ERROR 08-05 07:59:50 [multiproc_executor.py:1018]     self._swap_blocks_batch(
ERROR 08-05 07:59:50 [multiproc_executor.py:1018]            ^^^^^^^^^^^^^^^^^^^^^^^^^^^^^^^^^^^^^^^^^^^^^^^^^^^^^^^^^^^^^^
ERROR 08-05 07:59:50 [multiproc_executor.py:1018]            ^^^^^^^^^^^^^^^^^^^^^^^^^^^^^^^^^^^^^^^^^^^^^^^^^^^^^^^^^^^^^^
ERROR 08-05 07:59:50 [multiproc_executor.py:1018]     return self._store_handler.transfer_async(job_id, src_spec, dst_spec)
ERROR 08-05 07:59:50 [multiproc_executor.py:1018]     torch.ops._C_cache_ops.swap_blocks_batch(
ERROR 08-05 07:59:50 [multiproc_executor.py:1018]     self._swap_blocks_batch(
(Worker_PP1_TP5 pid=10487) (Worker_PP1_TP6 pid=10488) (Worker_PP1_TP0 pid=10482) (Worker_PP1_TP4 pid=10486) (Worker_PP1_TP1 pid=10483) (Worker_PP1_TP7 pid=10489) (Worker_PP1_TP2 pid=10484) ERROR 08-05 07:59:50 [multiproc_executor.py:1018]     self._swap_blocks_batch(
ERROR 08-05 07:59:50 [multiproc_executor.py:1018]   File "/usr/local/lib/python3.12/dist-packages/vllm/_custom_ops.py", line 2922, in swap_blocks_batch
ERROR 08-05 07:59:50 [multiproc_executor.py:1018]   File "/usr/local/lib/python3.12/dist-packages/vllm/v1/kv_offload/cpu/gpu_worker.py", line 394, in transfer_async
ERROR 08-05 07:59:50 [multiproc_executor.py:1018]   File "/usr/local/lib/python3.12/dist-packages/vllm/v1/kv_offload/cpu/gpu_worker.py", line 394, in transfer_async
ERROR 08-05 07:59:50 [multiproc_executor.py:1018]            ^^^^^^^^^^^^^^^^^^^^^^^^^^^^^^^^^^^^^^^^^^^^^^^^^^^^^^^^^^^^^^
ERROR 08-05 07:59:50 [multiproc_executor.py:1018]   File "/usr/local/lib/python3.12/dist-packages/torch/_ops.py", line 1279, in __call__
ERROR 08-05 07:59:50 [multiproc_executor.py:1018]   File "/usr/local/lib/python3.12/dist-packages/vllm/_custom_ops.py", line 2922, in swap_blocks_batch
(Worker_PP1_TP5 pid=10487) (Worker_PP1_TP6 pid=10488) (Worker_PP1_TP0 pid=10482) (Worker_PP1_TP4 pid=10486) (Worker_PP1_TP1 pid=10483) (Worker_PP1_TP7 pid=10489) (Worker_PP1_TP2 pid=10484) ERROR 08-05 07:59:50 [multiproc_executor.py:1018]   File "/usr/local/lib/python3.12/dist-packages/vllm/_custom_ops.py", line 2922, in swap_blocks_batch
ERROR 08-05 07:59:50 [multiproc_executor.py:1018]     torch.ops._C_cache_ops.swap_blocks_batch(
ERROR 08-05 07:59:50 [multiproc_executor.py:1018]     self._swap_blocks_batch(
ERROR 08-05 07:59:50 [multiproc_executor.py:1018]     self._swap_blocks_batch(
ERROR 08-05 07:59:50 [multiproc_executor.py:1018]   File "/usr/local/lib/python3.12/dist-packages/vllm/v1/kv_offload/cpu/gpu_worker.py", line 394, in transfer_async
ERROR 08-05 07:59:50 [multiproc_executor.py:1018]     return self._op(*args, **kwargs)
ERROR 08-05 07:59:50 [multiproc_executor.py:1018]     torch.ops._C_cache_ops.swap_blocks_batch(
(Worker_PP1_TP5 pid=10487) (Worker_PP1_TP6 pid=10488) (Worker_PP1_TP0 pid=10482) (Worker_PP1_TP4 pid=10486) (Worker_PP1_TP1 pid=10483) (Worker_PP1_TP7 pid=10489) (Worker_PP1_TP2 pid=10484) ERROR 08-05 07:59:50 [multiproc_executor.py:1018]     torch.ops._C_cache_ops.swap_blocks_batch(
ERROR 08-05 07:59:50 [multiproc_executor.py:1018]   File "/usr/local/lib/python3.12/dist-packages/torch/_ops.py", line 1279, in __call__
ERROR 08-05 07:59:50 [multiproc_executor.py:1018]   File "/usr/local/lib/python3.12/dist-packages/vllm/_custom_ops.py", line 2922, in swap_blocks_batch
ERROR 08-05 07:59:50 [multiproc_executor.py:1018]   File "/usr/local/lib/python3.12/dist-packages/vllm/_custom_ops.py", line 2922, in swap_blocks_batch
ERROR 08-05 07:59:50 [multiproc_executor.py:1018]     self._swap_blocks_batch(
ERROR 08-05 07:59:50 [multiproc_executor.py:1018]            ^^^^^^^^^^^^^^^^^^^^^^^^^
ERROR 08-05 07:59:50 [multiproc_executor.py:1018]   File "/usr/local/lib/python3.12/dist-packages/torch/_ops.py", line 1279, in __call__
(Worker_PP1_TP5 pid=10487) (Worker_PP1_TP6 pid=10488) (Worker_PP1_TP0 pid=10482) (Worker_PP1_TP4 pid=10486) (Worker_PP1_TP1 pid=10483) (Worker_PP1_TP7 pid=10489) (Worker_PP1_TP2 pid=10484) ERROR 08-05 07:59:50 [multiproc_executor.py:1018]   File "/usr/local/lib/python3.12/dist-packages/torch/_ops.py", line 1279, in __call__
ERROR 08-05 07:59:50 [multiproc_executor.py:1018]     return self._op(*args, **kwargs)
ERROR 08-05 07:59:50 [multiproc_executor.py:1018]     torch.ops._C_cache_ops.swap_blocks_batch(
ERROR 08-05 07:59:50 [multiproc_executor.py:1018]     torch.ops._C_cache_ops.swap_blocks_batch(
ERROR 08-05 07:59:50 [multiproc_executor.py:1018]   File "/usr/local/lib/python3.12/dist-packages/vllm/_custom_ops.py", line 2922, in swap_blocks_batch
ERROR 08-05 07:59:50 [multiproc_executor.py:1018] RuntimeError: swap_blocks_batch, /workspace/csrc/libtorch_stable/cache_kernels.cu:150, cuMemcpyBatchAsync failed at index 11 with error 1
ERROR 08-05 07:59:50 [multiproc_executor.py:1018]     return self._op(*args, **kwargs)
(Worker_PP1_TP5 pid=10487) (Worker_PP1_TP6 pid=10488) (Worker_PP1_TP0 pid=10482) (Worker_PP1_TP4 pid=10486) (Worker_PP1_TP1 pid=10483) (Worker_PP1_TP7 pid=10489) (Worker_PP1_TP2 pid=10484) ERROR 08-05 07:59:50 [multiproc_executor.py:1018]     return self._op(*args, **kwargs)
ERROR 08-05 07:59:50 [multiproc_executor.py:1018]            ^^^^^^^^^^^^^^^^^^^^^^^^^
ERROR 08-05 07:59:50 [multiproc_executor.py:1018]   File "/usr/local/lib/python3.12/dist-packages/torch/_ops.py", line 1279, in __call__
ERROR 08-05 07:59:50 [multiproc_executor.py:1018]   File "/usr/local/lib/python3.12/dist-packages/torch/_ops.py", line 1279, in __call__
ERROR 08-05 07:59:50 [multiproc_executor.py:1018]     torch.ops._C_cache_ops.swap_blocks_batch(
ERROR 08-05 07:59:50 [multiproc_executor.py:1018] 
ERROR 08-05 07:59:50 [multiproc_executor.py:1018]            ^^^^^^^^^^^^^^^^^^^^^^^^^
(Worker_PP1_TP5 pid=10487) (Worker_PP1_TP6 pid=10488) (Worker_PP1_TP0 pid=10482) (Worker_PP1_TP4 pid=10486) (Worker_PP1_TP1 pid=10483) (Worker_PP1_TP2 pid=10484) ERROR 08-05 07:59:50 [multiproc_executor.py:1018]            ^^^^^^^^^^^^^^^^^^^^^^^^^
ERROR 08-05 07:59:50 [multiproc_executor.py:1018] RuntimeError: swap_blocks_batch, /workspace/csrc/libtorch_stable/cache_kernels.cu:150, cuMemcpyBatchAsync failed at index 11 with error 1
ERROR 08-05 07:59:50 [multiproc_executor.py:1018]     return self._op(*args, **kwargs)
ERROR 08-05 07:59:50 [multiproc_executor.py:1018]     return self._op(*args, **kwargs)
ERROR 08-05 07:59:50 [multiproc_executor.py:1018]   File "/usr/local/lib/python3.12/dist-packages/torch/_ops.py", line 1279, in __call__
ERROR 08-05 07:59:50 [multiproc_executor.py:1018] RuntimeError: swap_blocks_batch, /workspace/csrc/libtorch_stable/cache_kernels.cu:150, cuMemcpyBatchAsync failed at index 11 with error 1
(Worker_PP1_TP5 pid=10487) (Worker_PP1_TP6 pid=10488) (Worker_PP1_TP0 pid=10482) (Worker_PP1_TP4 pid=10486) (Worker_PP1_TP1 pid=10483) (Worker_PP1_TP2 pid=10484) ERROR 08-05 07:59:50 [multiproc_executor.py:1018] RuntimeError: swap_blocks_batch, /workspace/csrc/libtorch_stable/cache_kernels.cu:150, cuMemcpyBatchAsync failed at index 11 with error 1
ERROR 08-05 07:59:50 [multiproc_executor.py:1018] 
ERROR 08-05 07:59:50 [multiproc_executor.py:1018]            ^^^^^^^^^^^^^^^^^^^^^^^^^
ERROR 08-05 07:59:50 [multiproc_executor.py:1018]            ^^^^^^^^^^^^^^^^^^^^^^^^^
ERROR 08-05 07:59:50 [multiproc_executor.py:1018]     return self._op(*args, **kwargs)
ERROR 08-05 07:59:50 [multiproc_executor.py:1018] 
(Worker_PP1_TP5 pid=10487) (Worker_PP1_TP0 pid=10482) (Worker_PP1_TP4 pid=10486) (Worker_PP1_TP1 pid=10483) ERROR 08-05 07:59:50 [multiproc_executor.py:1018] 
ERROR 08-05 07:59:50 [multiproc_executor.py:1018] RuntimeError: swap_blocks_batch, /workspace/csrc/libtorch_stable/cache_kernels.cu:150, cuMemcpyBatchAsync failed at index 11 with error 1
ERROR 08-05 07:59:50 [multiproc_executor.py:1018] RuntimeError: swap_blocks_batch, /workspace/csrc/libtorch_stable/cache_kernels.cu:150, cuMemcpyBatchAsync failed at index 11 with error 1
ERROR 08-05 07:59:50 [multiproc_executor.py:1018]            ^^^^^^^^^^^^^^^^^^^^^^^^^
(Worker_PP1_TP0 pid=10482) (Worker_PP1_TP4 pid=10486) (Worker_PP1_TP1 pid=10483) ERROR 08-05 07:59:50 [multiproc_executor.py:1018] 
ERROR 08-05 07:59:50 [multiproc_executor.py:1018] 
ERROR 08-05 07:59:50 [multiproc_executor.py:1018] RuntimeError: swap_blocks_batch, /workspace/csrc/libtorch_stable/cache_kernels.cu:150, cuMemcpyBatchAsync failed at index 11 with error 1
(Worker_PP1_TP1 pid=10483) ERROR 08-05 07:59:50 [multiproc_executor.py:1018] 
(Worker_PP1_TP7 pid=10489) ERROR 08-05 07:59:50 [multiproc_executor.py:1018] WorkerProc hit an exception.
(Worker_PP1_TP7 pid=10489) ERROR 08-05 07:59:50 [multiproc_executor.py:1018] Traceback (most recent call last):
(Worker_PP1_TP4 pid=10486) (Worker_PP1_TP7 pid=10489) ERROR 08-05 07:59:50 [multiproc_executor.py:1018] WorkerProc hit an exception.
ERROR 08-05 07:59:50 [multiproc_executor.py:1018]   File "/usr/local/lib/python3.12/dist-packages/vllm/v1/executor/multiproc_executor.py", line 1010, in worker_busy_loop
(Worker_PP1_TP4 pid=10486) (Worker_PP1_TP7 pid=10489) ERROR 08-05 07:59:50 [multiproc_executor.py:1018] Traceback (most recent call last):
(Worker_PP1_TP5 pid=10487) ERROR 08-05 07:59:50 [multiproc_executor.py:1018]     output = func(*args, **kwargs)
(Worker_PP1_TP4 pid=10486) ERROR 08-05 07:59:50 [multiproc_executor.py:1018] WorkerProc hit an exception.
(Worker_PP1_TP2 pid=10484) (Worker_PP1_TP7 pid=10489) ERROR 08-05 07:59:50 [multiproc_executor.py:1018]   File "/usr/local/lib/python3.12/dist-packages/vllm/v1/executor/multiproc_executor.py", line 1010, in worker_busy_loop
(Worker_PP1_TP5 pid=10487) (Worker_PP1_TP6 pid=10488) ERROR 08-05 07:59:50 [multiproc_executor.py:1018] WorkerProc hit an exception.
ERROR 08-05 07:59:50 [multiproc_executor.py:1018]              ^^^^^^^^^^^^^^^^^^^^^
(Worker_PP1_TP4 pid=10486) ERROR 08-05 07:59:50 [multiproc_executor.py:1018] Traceback (most recent call last):
ERROR 08-05 07:59:50 [multiproc_executor.py:1018] WorkerProc hit an exception.
(Worker_PP1_TP2 pid=10484) (Worker_PP1_TP7 pid=10489) ERROR 08-05 07:59:50 [multiproc_executor.py:1018]     output = func(*args, **kwargs)
(Worker_PP1_TP5 pid=10487) (Worker_PP1_TP6 pid=10488) ERROR 08-05 07:59:50 [multiproc_executor.py:1018] Traceback (most recent call last):
ERROR 08-05 07:59:50 [multiproc_executor.py:1018]   File "/usr/local/lib/python3.12/dist-packages/vllm/v1/worker/worker_base.py", line 351, in execute_model
(Worker_PP1_TP4 pid=10486) ERROR 08-05 07:59:50 [multiproc_executor.py:1018]   File "/usr/local/lib/python3.12/dist-packages/vllm/v1/executor/multiproc_executor.py", line 1010, in worker_busy_loop
ERROR 08-05 07:59:50 [multiproc_executor.py:1018] Traceback (most recent call last):
(Worker_PP1_TP0 pid=10482) (Worker_PP1_TP2 pid=10484) (Worker_PP1_TP7 pid=10489) ERROR 08-05 07:59:50 [multiproc_executor.py:1018]              ^^^^^^^^^^^^^^^^^^^^^
(Worker_PP1_TP5 pid=10487) (Worker_PP1_TP6 pid=10488) ERROR 08-05 07:59:50 [multiproc_executor.py:1018] WorkerProc hit an exception.
ERROR 08-05 07:59:50 [multiproc_executor.py:1018]   File "/usr/local/lib/python3.12/dist-packages/vllm/v1/executor/multiproc_executor.py", line 1010, in worker_busy_loop
ERROR 08-05 07:59:50 [multiproc_executor.py:1018]     return self.worker.execute_model(scheduler_output)
(Worker_PP1_TP4 pid=10486) ERROR 08-05 07:59:50 [multiproc_executor.py:1018]     output = func(*args, **kwargs)
ERROR 08-05 07:59:50 [multiproc_executor.py:1018]   File "/usr/local/lib/python3.12/dist-packages/vllm/v1/executor/multiproc_executor.py", line 1010, in worker_busy_loop
(Worker_PP1_TP0 pid=10482) (Worker_PP1_TP2 pid=10484) (Worker_PP1_TP7 pid=10489) ERROR 08-05 07:59:50 [multiproc_executor.py:1018]   File "/usr/local/lib/python3.12/dist-packages/vllm/v1/worker/worker_base.py", line 351, in execute_model
(Worker_PP1_TP5 pid=10487) (Worker_PP1_TP6 pid=10488) ERROR 08-05 07:59:50 [multiproc_executor.py:1018] Traceback (most recent call last):
ERROR 08-05 07:59:50 [multiproc_executor.py:1018]     output = func(*args, **kwargs)
ERROR 08-05 07:59:50 [multiproc_executor.py:1018]            ^^^^^^^^^^^^^^^^^^^^^^^^^^^^^^^^^^^^^^^^^^^
(Worker_PP1_TP4 pid=10486) (Worker_PP1_TP7 pid=10489) ERROR 08-05 07:59:50 [multiproc_executor.py:1018]              ^^^^^^^^^^^^^^^^^^^^^
ERROR 08-05 07:59:50 [multiproc_executor.py:1018]     output = func(*args, **kwargs)
(Worker_PP1_TP0 pid=10482) (Worker_PP1_TP2 pid=10484) ERROR 08-05 07:59:50 [multiproc_executor.py:1018]     return self.worker.execute_model(scheduler_output)
ERROR 08-05 07:59:50 [multiproc_executor.py:1018]   File "/usr/local/lib/python3.12/dist-packages/torch/utils/_contextlib.py", line 124, in decorate_context
(Worker_PP1_TP5 pid=10487) (Worker_PP1_TP6 pid=10488) ERROR 08-05 07:59:50 [multiproc_executor.py:1018]   File "/usr/local/lib/python3.12/dist-packages/vllm/v1/executor/multiproc_executor.py", line 1010, in worker_busy_loop
ERROR 08-05 07:59:50 [multiproc_executor.py:1018]              ^^^^^^^^^^^^^^^^^^^^^
(Worker_PP1_TP4 pid=10486) (Worker_PP1_TP7 pid=10489) ERROR 08-05 07:59:50 [multiproc_executor.py:1018]   File "/usr/local/lib/python3.12/dist-packages/vllm/v1/worker/worker_base.py", line 351, in execute_model
ERROR 08-05 07:59:50 [multiproc_executor.py:1018]              ^^^^^^^^^^^^^^^^^^^^^
(Worker_PP1_TP0 pid=10482) (Worker_PP1_TP2 pid=10484) ERROR 08-05 07:59:50 [multiproc_executor.py:1018]            ^^^^^^^^^^^^^^^^^^^^^^^^^^^^^^^^^^^^^^^^^^^
ERROR 08-05 07:59:50 [multiproc_executor.py:1018]     return func(*args, **kwargs)
(Worker_PP1_TP5 pid=10487) (Worker_PP1_TP6 pid=10488) ERROR 08-05 07:59:50 [multiproc_executor.py:1018]     output = func(*args, **kwargs)
ERROR 08-05 07:59:50 [multiproc_executor.py:1018]   File "/usr/local/lib/python3.12/dist-packages/vllm/v1/worker/worker_base.py", line 351, in execute_model
(Worker_PP1_TP4 pid=10486) (Worker_PP1_TP7 pid=10489) ERROR 08-05 07:59:50 [multiproc_executor.py:1018]     return self.worker.execute_model(scheduler_output)
ERROR 08-05 07:59:50 [multiproc_executor.py:1018]   File "/usr/local/lib/python3.12/dist-packages/vllm/v1/worker/worker_base.py", line 351, in execute_model
(Worker_PP1_TP0 pid=10482) (Worker_PP1_TP2 pid=10484) ERROR 08-05 07:59:50 [multiproc_executor.py:1018]   File "/usr/local/lib/python3.12/dist-packages/torch/utils/_contextlib.py", line 124, in decorate_context
ERROR 08-05 07:59:50 [multiproc_executor.py:1018]            ^^^^^^^^^^^^^^^^^^^^^
(Worker_PP1_TP5 pid=10487) (Worker_PP1_TP6 pid=10488) ERROR 08-05 07:59:50 [multiproc_executor.py:1018]              ^^^^^^^^^^^^^^^^^^^^^
ERROR 08-05 07:59:50 [multiproc_executor.py:1018]     return self.worker.execute_model(scheduler_output)
(Worker_PP1_TP4 pid=10486) (Worker_PP1_TP7 pid=10489) ERROR 08-05 07:59:50 [multiproc_executor.py:1018]            ^^^^^^^^^^^^^^^^^^^^^^^^^^^^^^^^^^^^^^^^^^^
ERROR 08-05 07:59:50 [multiproc_executor.py:1018]   File "/usr/local/lib/python3.12/dist-packages/vllm/v1/worker/gpu_worker.py", line 1065, in execute_model
ERROR 08-05 07:59:50 [multiproc_executor.py:1018]     return self.worker.execute_model(scheduler_output)
(Worker_PP1_TP0 pid=10482) (Worker_PP1_TP2 pid=10484) ERROR 08-05 07:59:50 [multiproc_executor.py:1018]     return func(*args, **kwargs)
(Worker_PP1_TP5 pid=10487) (Worker_PP1_TP7 pid=10489) (Worker_PP1_TP6 pid=10488) ERROR 08-05 07:59:50 [multiproc_executor.py:1018]   File "/usr/local/lib/python3.12/dist-packages/vllm/v1/worker/worker_base.py", line 351, in execute_model
ERROR 08-05 07:59:50 [multiproc_executor.py:1018]            ^^^^^^^^^^^^^^^^^^^^^^^^^^^^^^^^^^^^^^^^^^^
(Worker_PP1_TP4 pid=10486) ERROR 08-05 07:59:50 [multiproc_executor.py:1018]   File "/usr/local/lib/python3.12/dist-packages/torch/utils/_contextlib.py", line 124, in decorate_context
ERROR 08-05 07:59:50 [multiproc_executor.py:1018]     output = self.model_runner.execute_model(
ERROR 08-05 07:59:50 [multiproc_executor.py:1018]            ^^^^^^^^^^^^^^^^^^^^^^^^^^^^^^^^^^^^^^^^^^^
(Worker_PP1_TP0 pid=10482) (Worker_PP1_TP2 pid=10484) ERROR 08-05 07:59:50 [multiproc_executor.py:1018]            ^^^^^^^^^^^^^^^^^^^^^
(Worker_PP1_TP5 pid=10487) (Worker_PP1_TP7 pid=10489) (Worker_PP1_TP6 pid=10488) ERROR 08-05 07:59:50 [multiproc_executor.py:1018]     return self.worker.execute_model(scheduler_output)
ERROR 08-05 07:59:50 [multiproc_executor.py:1018]   File "/usr/local/lib/python3.12/dist-packages/torch/utils/_contextlib.py", line 124, in decorate_context
(Worker_PP1_TP4 pid=10486) ERROR 08-05 07:59:50 [multiproc_executor.py:1018]     return func(*args, **kwargs)
ERROR 08-05 07:59:50 [multiproc_executor.py:1018]              ^^^^^^^^^^^^^^^^^^^^^^^^^^^^^^^^
ERROR 08-05 07:59:50 [multiproc_executor.py:1018]   File "/usr/local/lib/python3.12/dist-packages/torch/utils/_contextlib.py", line 124, in decorate_context
(Worker_PP1_TP0 pid=10482) (Worker_PP1_TP2 pid=10484) ERROR 08-05 07:59:50 [multiproc_executor.py:1018]   File "/usr/local/lib/python3.12/dist-packages/vllm/v1/worker/gpu_worker.py", line 1065, in execute_model
(Worker_PP1_TP5 pid=10487) (Worker_PP1_TP7 pid=10489) (Worker_PP1_TP6 pid=10488) ERROR 08-05 07:59:50 [multiproc_executor.py:1018]            ^^^^^^^^^^^^^^^^^^^^^^^^^^^^^^^^^^^^^^^^^^^
ERROR 08-05 07:59:50 [multiproc_executor.py:1018]     return func(*args, **kwargs)
(Worker_PP1_TP4 pid=10486) ERROR 08-05 07:59:50 [multiproc_executor.py:1018]            ^^^^^^^^^^^^^^^^^^^^^
ERROR 08-05 07:59:50 [multiproc_executor.py:1018]   File "/usr/local/lib/python3.12/dist-packages/torch/utils/_contextlib.py", line 124, in decorate_context
ERROR 08-05 07:59:50 [multiproc_executor.py:1018]     return func(*args, **kwargs)
(Worker_PP1_TP1 pid=10483) (Worker_PP1_TP0 pid=10482) (Worker_PP1_TP2 pid=10484) ERROR 08-05 07:59:50 [multiproc_executor.py:1018]     output = self.model_runner.execute_model(
(Worker_PP1_TP5 pid=10487) (Worker_PP1_TP7 pid=10489) (Worker_PP1_TP6 pid=10488) ERROR 08-05 07:59:50 [multiproc_executor.py:1018] WorkerProc hit an exception.
ERROR 08-05 07:59:50 [multiproc_executor.py:1018]   File "/usr/local/lib/python3.12/dist-packages/torch/utils/_contextlib.py", line 124, in decorate_context
ERROR 08-05 07:59:50 [multiproc_executor.py:1018]            ^^^^^^^^^^^^^^^^^^^^^
(Worker_PP1_TP3 pid=10485) (Worker_PP1_TP4 pid=10486) ERROR 08-05 07:59:50 [multiproc_executor.py:1018]   File "/usr/local/lib/python3.12/dist-packages/vllm/v1/worker/gpu_worker.py", line 1065, in execute_model
ERROR 08-05 07:59:50 [multiproc_executor.py:1018]     return func(*args, **kwargs)
ERROR 08-05 07:59:50 [multiproc_executor.py:1018]            ^^^^^^^^^^^^^^^^^^^^^
(Worker_PP1_TP1 pid=10483) (Worker_PP1_TP0 pid=10482) (Worker_PP1_TP2 pid=10484) ERROR 08-05 07:59:50 [multiproc_executor.py:1018]              ^^^^^^^^^^^^^^^^^^^^^^^^^^^^^^^^
ERROR 08-05 07:59:50 [multiproc_executor.py:1018] WorkerProc hit an exception.
(Worker_PP1_TP5 pid=10487) (Worker_PP1_TP7 pid=10489) (Worker_PP1_TP6 pid=10488) ERROR 08-05 07:59:50 [multiproc_executor.py:1018] Traceback (most recent call last):
ERROR 08-05 07:59:50 [multiproc_executor.py:1018]     return func(*args, **kwargs)
ERROR 08-05 07:59:50 [multiproc_executor.py:1018]   File "/usr/local/lib/python3.12/dist-packages/vllm/v1/worker/gpu_worker.py", line 1065, in execute_model
(Worker_PP1_TP4 pid=10486) (Worker_PP1_TP3 pid=10485) ERROR 08-05 07:59:50 [multiproc_executor.py:1018]     output = self.model_runner.execute_model(
ERROR 08-05 07:59:50 [multiproc_executor.py:1018]            ^^^^^^^^^^^^^^^^^^^^^
ERROR 08-05 07:59:50 [multiproc_executor.py:1018]   File "/usr/local/lib/python3.12/dist-packages/vllm/v1/worker/gpu_worker.py", line 1065, in execute_model
(Worker_PP1_TP1 pid=10483) (Worker_PP1_TP0 pid=10482) (Worker_PP1_TP2 pid=10484) ERROR 08-05 07:59:50 [multiproc_executor.py:1018]   File "/usr/local/lib/python3.12/dist-packages/torch/utils/_contextlib.py", line 124, in decorate_context
ERROR 08-05 07:59:50 [multiproc_executor.py:1018] Traceback (most recent call last):
(Worker_PP1_TP5 pid=10487) (Worker_PP1_TP7 pid=10489) (Worker_PP1_TP6 pid=10488) ERROR 08-05 07:59:50 [multiproc_executor.py:1018]   File "/usr/local/lib/python3.12/dist-packages/vllm/v1/executor/multiproc_executor.py", line 1010, in worker_busy_loop
ERROR 08-05 07:59:50 [multiproc_executor.py:1018]            ^^^^^^^^^^^^^^^^^^^^^
ERROR 08-05 07:59:50 [multiproc_executor.py:1018]     output = self.model_runner.execute_model(
(Worker_PP1_TP4 pid=10486) (Worker_PP1_TP3 pid=10485) ERROR 08-05 07:59:50 [multiproc_executor.py:1018]              ^^^^^^^^^^^^^^^^^^^^^^^^^^^^^^^^
ERROR 08-05 07:59:50 [multiproc_executor.py:1018]   File "/usr/local/lib/python3.12/dist-packages/vllm/v1/worker/gpu/model_runner.py", line 1352, in execute_model
ERROR 08-05 07:59:50 [multiproc_executor.py:1018]     output = self.model_runner.execute_model(
(Worker_PP1_TP1 pid=10483) (Worker_PP1_TP0 pid=10482) (Worker_PP1_TP2 pid=10484) ERROR 08-05 07:59:50 [multiproc_executor.py:1018]     return func(*args, **kwargs)
ERROR 08-05 07:59:50 [multiproc_executor.py:1018]   File "/usr/local/lib/python3.12/dist-packages/vllm/v1/executor/multiproc_executor.py", line 1010, in worker_busy_loop
(Worker_PP1_TP5 pid=10487) (Worker_PP1_TP7 pid=10489) (Worker_PP1_TP6 pid=10488) ERROR 08-05 07:59:50 [multiproc_executor.py:1018]     output = func(*args, **kwargs)
ERROR 08-05 07:59:50 [multiproc_executor.py:1018]   File "/usr/local/lib/python3.12/dist-packages/vllm/v1/worker/gpu_worker.py", line 1065, in execute_model
ERROR 08-05 07:59:50 [multiproc_executor.py:1018]              ^^^^^^^^^^^^^^^^^^^^^^^^^^^^^^^^
(Worker_PP1_TP4 pid=10486) (Worker_PP1_TP3 pid=10485) ERROR 08-05 07:59:50 [multiproc_executor.py:1018]   File "/usr/local/lib/python3.12/dist-packages/torch/utils/_contextlib.py", line 124, in decorate_context
ERROR 08-05 07:59:50 [multiproc_executor.py:1018]     self.kv_connector.pre_forward(scheduler_output)
ERROR 08-05 07:59:50 [multiproc_executor.py:1018]              ^^^^^^^^^^^^^^^^^^^^^^^^^^^^^^^^
(Worker_PP1_TP1 pid=10483) (Worker_PP1_TP0 pid=10482) (Worker_PP1_TP2 pid=10484) ERROR 08-05 07:59:50 [multiproc_executor.py:1018]            ^^^^^^^^^^^^^^^^^^^^^
ERROR 08-05 07:59:50 [multiproc_executor.py:1018]     output = func(*args, **kwargs)
(Worker_PP1_TP5 pid=10487) (Worker_PP1_TP7 pid=10489) (Worker_PP1_TP6 pid=10488) ERROR 08-05 07:59:50 [multiproc_executor.py:1018]              ^^^^^^^^^^^^^^^^^^^^^
ERROR 08-05 07:59:50 [multiproc_executor.py:1018]     output = self.model_runner.execute_model(
ERROR 08-05 07:59:50 [multiproc_executor.py:1018]   File "/usr/local/lib/python3.12/dist-packages/torch/utils/_contextlib.py", line 124, in decorate_context
(Worker_PP1_TP4 pid=10486) (Worker_PP1_TP3 pid=10485) ERROR 08-05 07:59:50 [multiproc_executor.py:1018]     return func(*args, **kwargs)
ERROR 08-05 07:59:50 [multiproc_executor.py:1018]   File "/usr/local/lib/python3.12/dist-packages/vllm/v1/worker/gpu/kv_connector.py", line 67, in pre_forward
ERROR 08-05 07:59:50 [multiproc_executor.py:1018]   File "/usr/local/lib/python3.12/dist-packages/torch/utils/_contextlib.py", line 124, in decorate_context
(Worker_PP1_TP1 pid=10483) (Worker_PP1_TP0 pid=10482) (Worker_PP1_TP2 pid=10484) ERROR 08-05 07:59:50 [multiproc_executor.py:1018]   File "/usr/local/lib/python3.12/dist-packages/vllm/v1/worker/gpu/model_runner.py", line 1352, in execute_model
ERROR 08-05 07:59:50 [multiproc_executor.py:1018]              ^^^^^^^^^^^^^^^^^^^^^
(Worker_PP1_TP5 pid=10487) (Worker_PP1_TP7 pid=10489) (Worker_PP1_TP6 pid=10488) ERROR 08-05 07:59:50 [multiproc_executor.py:1018]   File "/usr/local/lib/python3.12/dist-packages/vllm/v1/worker/worker_base.py", line 351, in execute_model
ERROR 08-05 07:59:50 [multiproc_executor.py:1018]              ^^^^^^^^^^^^^^^^^^^^^^^^^^^^^^^^
ERROR 08-05 07:59:50 [multiproc_executor.py:1018]     return func(*args, **kwargs)
(Worker_PP1_TP4 pid=10486) (Worker_PP1_TP3 pid=10485) ERROR 08-05 07:59:50 [multiproc_executor.py:1018]            ^^^^^^^^^^^^^^^^^^^^^
ERROR 08-05 07:59:50 [multiproc_executor.py:1018]     self.kv_connector.handle_preemptions(kv_connector_metadata)
ERROR 08-05 07:59:50 [multiproc_executor.py:1018]     return func(*args, **kwargs)
(Worker_PP1_TP1 pid=10483) (Worker_PP1_TP0 pid=10482) (Worker_PP1_TP2 pid=10484) ERROR 08-05 07:59:50 [multiproc_executor.py:1018]     self.kv_connector.pre_forward(scheduler_output)
ERROR 08-05 07:59:50 [multiproc_executor.py:1018]   File "/usr/local/lib/python3.12/dist-packages/vllm/v1/worker/worker_base.py", line 351, in execute_model
(Worker_PP1_TP5 pid=10487) (Worker_PP1_TP7 pid=10489) (Worker_PP1_TP6 pid=10488) ERROR 08-05 07:59:50 [multiproc_executor.py:1018]     return self.worker.execute_model(scheduler_output)
ERROR 08-05 07:59:50 [multiproc_executor.py:1018]   File "/usr/local/lib/python3.12/dist-packages/torch/utils/_contextlib.py", line 124, in decorate_context
ERROR 08-05 07:59:50 [multiproc_executor.py:1018]            ^^^^^^^^^^^^^^^^^^^^^
(Worker_PP1_TP4 pid=10486) (Worker_PP1_TP3 pid=10485) ERROR 08-05 07:59:50 [multiproc_executor.py:1018]   File "/usr/local/lib/python3.12/dist-packages/vllm/v1/worker/gpu/model_runner.py", line 1352, in execute_model
ERROR 08-05 07:59:50 [multiproc_executor.py:1018]   File "/usr/local/lib/python3.12/dist-packages/vllm/distributed/kv_transfer/kv_connector/v1/offloading_connector.py", line 93, in handle_preemptions
ERROR 08-05 07:59:50 [multiproc_executor.py:1018]            ^^^^^^^^^^^^^^^^^^^^^
(Worker_PP1_TP7 pid=10489) (Worker_PP1_TP1 pid=10483) ERROR 08-05 07:59:50 [multiproc_executor.py:1018]     self.connector_worker.handle_preemptions(kv_connector_metadata)
(Worker_PP1_TP0 pid=10482) (Worker_PP1_TP2 pid=10484) ERROR 08-05 07:59:50 [multiproc_executor.py:1018]   File "/usr/local/lib/python3.12/dist-packages/vllm/v1/worker/gpu/kv_connector.py", line 67, in pre_forward
ERROR 08-05 07:59:50 [multiproc_executor.py:1018]     return self.worker.execute_model(scheduler_output)
(Worker_PP1_TP5 pid=10487) (Worker_PP1_TP6 pid=10488) ERROR 08-05 07:59:50 [multiproc_executor.py:1018]            ^^^^^^^^^^^^^^^^^^^^^^^^^^^^^^^^^^^^^^^^^^^
(Worker_PP1_TP7 pid=10489) ERROR 08-05 07:59:50 [multiproc_executor.py:1018]     return func(*args, **kwargs)
ERROR 08-05 07:59:50 [multiproc_executor.py:1018]   File "/usr/local/lib/python3.12/dist-packages/vllm/distributed/kv_transfer/kv_connector/v1/offloading/worker.py", line 285, in handle_preemptions
ERROR 08-05 07:59:50 [multiproc_executor.py:1018]   File "/usr/local/lib/python3.12/dist-packages/vllm/v1/worker/gpu/model_runner.py", line 1352, in execute_model
(Worker_PP1_TP4 pid=10486) (Worker_PP1_TP3 pid=10485) ERROR 08-05 07:59:50 [multiproc_executor.py:1018]     self.kv_connector.pre_forward(scheduler_output)
ERROR 08-05 07:59:50 [multiproc_executor.py:1018]   File "/usr/local/lib/python3.12/dist-packages/vllm/v1/worker/gpu/model_runner.py", line 1352, in execute_model
(Worker_PP1_TP1 pid=10483) (Worker_PP1_TP0 pid=10482) (Worker_PP1_TP7 pid=10489) (Worker_PP1_TP2 pid=10484) ERROR 08-05 07:59:50 [multiproc_executor.py:1018]     self.kv_connector.handle_preemptions(kv_connector_metadata)
ERROR 08-05 07:59:50 [multiproc_executor.py:1018]            ^^^^^^^^^^^^^^^^^^^^^^^^^^^^^^^^^^^^^^^^^^^
(Worker_PP1_TP5 pid=10487) (Worker_PP1_TP6 pid=10488) ERROR 08-05 07:59:50 [multiproc_executor.py:1018]   File "/usr/local/lib/python3.12/dist-packages/torch/utils/_contextlib.py", line 124, in decorate_context
ERROR 08-05 07:59:50 [multiproc_executor.py:1018]            ^^^^^^^^^^^^^^^^^^^^^
ERROR 08-05 07:59:50 [multiproc_executor.py:1018]     success = self.worker.submit_store(job_id, src_spec, dst_spec)
ERROR 08-05 07:59:50 [multiproc_executor.py:1018]     self.kv_connector.pre_forward(scheduler_output)
(Worker_PP1_TP4 pid=10486) (Worker_PP1_TP3 pid=10485) ERROR 08-05 07:59:50 [multiproc_executor.py:1018]   File "/usr/local/lib/python3.12/dist-packages/vllm/v1/worker/gpu/kv_connector.py", line 67, in pre_forward
ERROR 08-05 07:59:50 [multiproc_executor.py:1018]     self.kv_connector.pre_forward(scheduler_output)
(Worker_PP1_TP1 pid=10483) (Worker_PP1_TP0 pid=10482) (Worker_PP1_TP7 pid=10489) (Worker_PP1_TP2 pid=10484) ERROR 08-05 07:59:50 [multiproc_executor.py:1018]   File "/usr/local/lib/python3.12/dist-packages/vllm/distributed/kv_transfer/kv_connector/v1/offloading_connector.py", line 93, in handle_preemptions
ERROR 08-05 07:59:50 [multiproc_executor.py:1018]   File "/usr/local/lib/python3.12/dist-packages/torch/utils/_contextlib.py", line 124, in decorate_context
(Worker_PP1_TP5 pid=10487) (Worker_PP1_TP6 pid=10488) ERROR 08-05 07:59:50 [multiproc_executor.py:1018]     return func(*args, **kwargs)
ERROR 08-05 07:59:50 [multiproc_executor.py:1018]   File "/usr/local/lib/python3.12/dist-packages/vllm/v1/worker/gpu/model_runner.py", line 1352, in execute_model
ERROR 08-05 07:59:50 [multiproc_executor.py:1018]               ^^^^^^^^^^^^^^^^^^^^^^^^^^^^^^^^^^^^^^^^^^^^^^^^^^^^
ERROR 08-05 07:59:50 [multiproc_executor.py:1018]   File "/usr/local/lib/python3.12/dist-packages/vllm/v1/worker/gpu/kv_connector.py", line 67, in pre_forward
(Worker_PP1_TP4 pid=10486) (Worker_PP1_TP3 pid=10485) ERROR 08-05 07:59:50 [multiproc_executor.py:1018]     self.kv_connector.handle_preemptions(kv_connector_metadata)
ERROR 08-05 07:59:50 [multiproc_executor.py:1018]   File "/usr/local/lib/python3.12/dist-packages/vllm/v1/worker/gpu/kv_connector.py", line 67, in pre_forward
(Worker_PP1_TP1 pid=10483) (Worker_PP1_TP0 pid=10482) (Worker_PP1_TP7 pid=10489) (Worker_PP1_TP2 pid=10484) ERROR 08-05 07:59:50 [multiproc_executor.py:1018]     self.connector_worker.handle_preemptions(kv_connector_metadata)
ERROR 08-05 07:59:50 [multiproc_executor.py:1018]     return func(*args, **kwargs)
(Worker_PP1_TP5 pid=10487) (Worker_PP1_TP6 pid=10488) ERROR 08-05 07:59:50 [multiproc_executor.py:1018]            ^^^^^^^^^^^^^^^^^^^^^
ERROR 08-05 07:59:50 [multiproc_executor.py:1018]     self.kv_connector.pre_forward(scheduler_output)
ERROR 08-05 07:59:50 [multiproc_executor.py:1018]   File "/usr/local/lib/python3.12/dist-packages/vllm/v1/kv_offload/cpu/gpu_worker.py", line 535, in submit_store
ERROR 08-05 07:59:50 [multiproc_executor.py:1018]     self.kv_connector.handle_preemptions(kv_connector_metadata)
(Worker_PP1_TP4 pid=10486) (Worker_PP1_TP3 pid=10485) ERROR 08-05 07:59:50 [multiproc_executor.py:1018]   File "/usr/local/lib/python3.12/dist-packages/vllm/distributed/kv_transfer/kv_connector/v1/offloading_connector.py", line 93, in handle_preemptions
ERROR 08-05 07:59:50 [multiproc_executor.py:1018]     self.kv_connector.handle_preemptions(kv_connector_metadata)
(Worker_PP1_TP1 pid=10483) (Worker_PP1_TP0 pid=10482) (Worker_PP1_TP7 pid=10489) (Worker_PP1_TP2 pid=10484) ERROR 08-05 07:59:50 [multiproc_executor.py:1018]   File "/usr/local/lib/python3.12/dist-packages/vllm/distributed/kv_transfer/kv_connector/v1/offloading/worker.py", line 285, in handle_preemptions
ERROR 08-05 07:59:50 [multiproc_executor.py:1018]            ^^^^^^^^^^^^^^^^^^^^^
(Worker_PP1_TP5 pid=10487) (Worker_PP1_TP6 pid=10488) ERROR 08-05 07:59:50 [multiproc_executor.py:1018]   File "/usr/local/lib/python3.12/dist-packages/vllm/v1/worker/gpu_worker.py", line 1065, in execute_model
ERROR 08-05 07:59:50 [multiproc_executor.py:1018]   File "/usr/local/lib/python3.12/dist-packages/vllm/v1/worker/gpu/kv_connector.py", line 67, in pre_forward
ERROR 08-05 07:59:50 [multiproc_executor.py:1018]     return self._store_handler.transfer_async(job_id, src_spec, dst_spec)
ERROR 08-05 07:59:50 [multiproc_executor.py:1018]   File "/usr/local/lib/python3.12/dist-packages/vllm/distributed/kv_transfer/kv_connector/v1/offloading_connector.py", line 93, in handle_preemptions
(Worker_PP1_TP4 pid=10486) (Worker_PP1_TP3 pid=10485) ERROR 08-05 07:59:50 [multiproc_executor.py:1018]     self.connector_worker.handle_preemptions(kv_connector_metadata)
ERROR 08-05 07:59:50 [multiproc_executor.py:1018]   File "/usr/local/lib/python3.12/dist-packages/vllm/distributed/kv_transfer/kv_connector/v1/offloading_connector.py", line 93, in handle_preemptions
(Worker_PP1_TP1 pid=10483) (Worker_PP1_TP0 pid=10482) (Worker_PP1_TP7 pid=10489) (Worker_PP1_TP2 pid=10484) ERROR 08-05 07:59:50 [multiproc_executor.py:1018]     success = self.worker.submit_store(job_id, src_spec, dst_spec)
ERROR 08-05 07:59:50 [multiproc_executor.py:1018]   File "/usr/local/lib/python3.12/dist-packages/vllm/v1/worker/gpu_worker.py", line 1065, in execute_model
(Worker_PP1_TP5 pid=10487) (Worker_PP1_TP6 pid=10488) ERROR 08-05 07:59:50 [multiproc_executor.py:1018]     output = self.model_runner.execute_model(
ERROR 08-05 07:59:50 [multiproc_executor.py:1018]     self.kv_connector.handle_preemptions(kv_connector_metadata)
ERROR 08-05 07:59:50 [multiproc_executor.py:1018]            ^^^^^^^^^^^^^^^^^^^^^^^^^^^^^^^^^^^^^^^^^^^^^^^^^^^^^^^^^^^^^^
ERROR 08-05 07:59:50 [multiproc_executor.py:1018]     self.connector_worker.handle_preemptions(kv_connector_metadata)
(Worker_PP1_TP4 pid=10486) (Worker_PP1_TP3 pid=10485) ERROR 08-05 07:59:50 [multiproc_executor.py:1018]   File "/usr/local/lib/python3.12/dist-packages/vllm/distributed/kv_transfer/kv_connector/v1/offloading/worker.py", line 285, in handle_preemptions
ERROR 08-05 07:59:50 [multiproc_executor.py:1018]     self.connector_worker.handle_preemptions(kv_connector_metadata)
(Worker_PP1_TP1 pid=10483) (Worker_PP1_TP0 pid=10482) (Worker_PP1_TP7 pid=10489) (Worker_PP1_TP2 pid=10484) ERROR 08-05 07:59:50 [multiproc_executor.py:1018]               ^^^^^^^^^^^^^^^^^^^^^^^^^^^^^^^^^^^^^^^^^^^^^^^^^^^^
ERROR 08-05 07:59:50 [multiproc_executor.py:1018]     output = self.model_runner.execute_model(
(Worker_PP1_TP5 pid=10487) (Worker_PP1_TP6 pid=10488) ERROR 08-05 07:59:50 [multiproc_executor.py:1018]              ^^^^^^^^^^^^^^^^^^^^^^^^^^^^^^^^
ERROR 08-05 07:59:50 [multiproc_executor.py:1018]   File "/usr/local/lib/python3.12/dist-packages/vllm/distributed/kv_transfer/kv_connector/v1/offloading_connector.py", line 93, in handle_preemptions
ERROR 08-05 07:59:50 [multiproc_executor.py:1018]   File "/usr/local/lib/python3.12/dist-packages/vllm/v1/kv_offload/cpu/gpu_worker.py", line 394, in transfer_async
ERROR 08-05 07:59:50 [multiproc_executor.py:1018]   File "/usr/local/lib/python3.12/dist-packages/vllm/distributed/kv_transfer/kv_connector/v1/offloading/worker.py", line 285, in handle_preemptions
(Worker_PP1_TP4 pid=10486) (Worker_PP1_TP3 pid=10485) ERROR 08-05 07:59:50 [multiproc_executor.py:1018]     success = self.worker.submit_store(job_id, src_spec, dst_spec)
ERROR 08-05 07:59:50 [multiproc_executor.py:1018]   File "/usr/local/lib/python3.12/dist-packages/vllm/distributed/kv_transfer/kv_connector/v1/offloading/worker.py", line 285, in handle_preemptions
(Worker_PP1_TP1 pid=10483) (Worker_PP1_TP0 pid=10482) (Worker_PP1_TP7 pid=10489) (Worker_PP1_TP2 pid=10484) ERROR 08-05 07:59:50 [multiproc_executor.py:1018]   File "/usr/local/lib/python3.12/dist-packages/vllm/v1/kv_offload/cpu/gpu_worker.py", line 535, in submit_store
ERROR 08-05 07:59:50 [multiproc_executor.py:1018]              ^^^^^^^^^^^^^^^^^^^^^^^^^^^^^^^^
(Worker_PP1_TP5 pid=10487) (Worker_PP1_TP6 pid=10488) ERROR 08-05 07:59:50 [multiproc_executor.py:1018]   File "/usr/local/lib/python3.12/dist-packages/torch/utils/_contextlib.py", line 124, in decorate_context
ERROR 08-05 07:59:50 [multiproc_executor.py:1018]     self.connector_worker.handle_preemptions(kv_connector_metadata)
ERROR 08-05 07:59:50 [multiproc_executor.py:1018]     self._swap_blocks_batch(
ERROR 08-05 07:59:50 [multiproc_executor.py:1018]     success = self.worker.submit_store(job_id, src_spec, dst_spec)
(Worker_PP1_TP4 pid=10486) (Worker_PP1_TP3 pid=10485) ERROR 08-05 07:59:50 [multiproc_executor.py:1018]               ^^^^^^^^^^^^^^^^^^^^^^^^^^^^^^^^^^^^^^^^^^^^^^^^^^^^
ERROR 08-05 07:59:50 [multiproc_executor.py:1018]     success = self.worker.submit_store(job_id, src_spec, dst_spec)
(Worker_PP1_TP1 pid=10483) (Worker_PP1_TP0 pid=10482) (Worker_PP1_TP7 pid=10489) (Worker_PP1_TP2 pid=10484) ERROR 08-05 07:59:50 [multiproc_executor.py:1018]     return self._store_handler.transfer_async(job_id, src_spec, dst_spec)
ERROR 08-05 07:59:50 [multiproc_executor.py:1018]   File "/usr/local/lib/python3.12/dist-packages/torch/utils/_contextlib.py", line 124, in decorate_context
(Worker_PP1_TP5 pid=10487) (Worker_PP1_TP6 pid=10488) ERROR 08-05 07:59:50 [multiproc_executor.py:1018]     return func(*args, **kwargs)
ERROR 08-05 07:59:50 [multiproc_executor.py:1018]   File "/usr/local/lib/python3.12/dist-packages/vllm/distributed/kv_transfer/kv_connector/v1/offloading/worker.py", line 285, in handle_preemptions
ERROR 08-05 07:59:50 [multiproc_executor.py:1018]   File "/usr/local/lib/python3.12/dist-packages/vllm/_custom_ops.py", line 2922, in swap_blocks_batch
ERROR 08-05 07:59:50 [multiproc_executor.py:1018]               ^^^^^^^^^^^^^^^^^^^^^^^^^^^^^^^^^^^^^^^^^^^^^^^^^^^^
(Worker_PP1_TP4 pid=10486) (Worker_PP1_TP3 pid=10485) ERROR 08-05 07:59:50 [multiproc_executor.py:1018]   File "/usr/local/lib/python3.12/dist-packages/vllm/v1/kv_offload/cpu/gpu_worker.py", line 535, in submit_store
ERROR 08-05 07:59:50 [multiproc_executor.py:1018]               ^^^^^^^^^^^^^^^^^^^^^^^^^^^^^^^^^^^^^^^^^^^^^^^^^^^^
(Worker_PP1_TP1 pid=10483) (Worker_PP1_TP0 pid=10482) (Worker_PP1_TP7 pid=10489) (Worker_PP1_TP2 pid=10484) ERROR 08-05 07:59:50 [multiproc_executor.py:1018]            ^^^^^^^^^^^^^^^^^^^^^^^^^^^^^^^^^^^^^^^^^^^^^^^^^^^^^^^^^^^^^^
ERROR 08-05 07:59:50 [multiproc_executor.py:1018]     return func(*args, **kwargs)
(Worker_PP1_TP5 pid=10487) (Worker_PP1_TP6 pid=10488) ERROR 08-05 07:59:50 [multiproc_executor.py:1018]            ^^^^^^^^^^^^^^^^^^^^^
ERROR 08-05 07:59:50 [multiproc_executor.py:1018]     success = self.worker.submit_store(job_id, src_spec, dst_spec)
ERROR 08-05 07:59:50 [multiproc_executor.py:1018]     torch.ops._C_cache_ops.swap_blocks_batch(
ERROR 08-05 07:59:50 [multiproc_executor.py:1018]   File "/usr/local/lib/python3.12/dist-packages/vllm/v1/kv_offload/cpu/gpu_worker.py", line 535, in submit_store
(Worker_PP1_TP4 pid=10486) (Worker_PP1_TP3 pid=10485) ERROR 08-05 07:59:50 [multiproc_executor.py:1018]     return self._store_handler.transfer_async(job_id, src_spec, dst_spec)
ERROR 08-05 07:59:50 [multiproc_executor.py:1018]   File "/usr/local/lib/python3.12/dist-packages/vllm/v1/kv_offload/cpu/gpu_worker.py", line 535, in submit_store
(Worker_PP1_TP1 pid=10483) (Worker_PP1_TP0 pid=10482) (Worker_PP1_TP7 pid=10489) (Worker_PP1_TP2 pid=10484) ERROR 08-05 07:59:50 [multiproc_executor.py:1018]   File "/usr/local/lib/python3.12/dist-packages/vllm/v1/kv_offload/cpu/gpu_worker.py", line 394, in transfer_async
ERROR 08-05 07:59:50 [multiproc_executor.py:1018]            ^^^^^^^^^^^^^^^^^^^^^
(Worker_PP1_TP5 pid=10487) (Worker_PP1_TP6 pid=10488) ERROR 08-05 07:59:50 [multiproc_executor.py:1018]   File "/usr/local/lib/python3.12/dist-packages/vllm/v1/worker/gpu/model_runner.py", line 1352, in execute_model
ERROR 08-05 07:59:50 [multiproc_executor.py:1018]               ^^^^^^^^^^^^^^^^^^^^^^^^^^^^^^^^^^^^^^^^^^^^^^^^^^^^
ERROR 08-05 07:59:50 [multiproc_executor.py:1018]   File "/usr/local/lib/python3.12/dist-packages/torch/_ops.py", line 1279, in __call__
ERROR 08-05 07:59:50 [multiproc_executor.py:1018]     return self._store_handler.transfer_async(job_id, src_spec, dst_spec)
(Worker_PP1_TP4 pid=10486) (Worker_PP1_TP3 pid=10485) ERROR 08-05 07:59:50 [multiproc_executor.py:1018]            ^^^^^^^^^^^^^^^^^^^^^^^^^^^^^^^^^^^^^^^^^^^^^^^^^^^^^^^^^^^^^^
ERROR 08-05 07:59:50 [multiproc_executor.py:1018]     return self._store_handler.transfer_async(job_id, src_spec, dst_spec)
(Worker_PP1_TP1 pid=10483) (Worker_PP1_TP0 pid=10482) (Worker_PP1_TP7 pid=10489) (Worker_PP1_TP2 pid=10484) ERROR 08-05 07:59:50 [multiproc_executor.py:1018]     self._swap_blocks_batch(
ERROR 08-05 07:59:50 [multiproc_executor.py:1018]   File "/usr/local/lib/python3.12/dist-packages/vllm/v1/worker/gpu/model_runner.py", line 1352, in execute_model
(Worker_PP1_TP5 pid=10487) (Worker_PP1_TP6 pid=10488) ERROR 08-05 07:59:50 [multiproc_executor.py:1018]     self.kv_connector.pre_forward(scheduler_output)
ERROR 08-05 07:59:50 [multiproc_executor.py:1018]   File "/usr/local/lib/python3.12/dist-packages/vllm/v1/kv_offload/cpu/gpu_worker.py", line 535, in submit_store
ERROR 08-05 07:59:50 [multiproc_executor.py:1018]     return self._op(*args, **kwargs)
ERROR 08-05 07:59:50 [multiproc_executor.py:1018]            ^^^^^^^^^^^^^^^^^^^^^^^^^^^^^^^^^^^^^^^^^^^^^^^^^^^^^^^^^^^^^^
(Worker_PP1_TP4 pid=10486) (Worker_PP1_TP3 pid=10485) ERROR 08-05 07:59:50 [multiproc_executor.py:1018]   File "/usr/local/lib/python3.12/dist-packages/vllm/v1/kv_offload/cpu/gpu_worker.py", line 394, in transfer_async
ERROR 08-05 07:59:50 [multiproc_executor.py:1018]            ^^^^^^^^^^^^^^^^^^^^^^^^^^^^^^^^^^^^^^^^^^^^^^^^^^^^^^^^^^^^^^
(Worker_PP1_TP1 pid=10483) (Worker_PP1_TP0 pid=10482) (Worker_PP1_TP7 pid=10489) (Worker_PP1_TP2 pid=10484) ERROR 08-05 07:59:50 [multiproc_executor.py:1018]   File "/usr/local/lib/python3.12/dist-packages/vllm/_custom_ops.py", line 2922, in swap_blocks_batch
ERROR 08-05 07:59:50 [multiproc_executor.py:1018]     self.kv_connector.pre_forward(scheduler_output)
(Worker_PP1_TP5 pid=10487) (Worker_PP1_TP6 pid=10488) ERROR 08-05 07:59:50 [multiproc_executor.py:1018]   File "/usr/local/lib/python3.12/dist-packages/vllm/v1/worker/gpu/kv_connector.py", line 67, in pre_forward
ERROR 08-05 07:59:50 [multiproc_executor.py:1018]     return self._store_handler.transfer_async(job_id, src_spec, dst_spec)
ERROR 08-05 07:59:50 [multiproc_executor.py:1018]            ^^^^^^^^^^^^^^^^^^^^^^^^^
ERROR 08-05 07:59:50 [multiproc_executor.py:1018]   File "/usr/local/lib/python3.12/dist-packages/vllm/v1/kv_offload/cpu/gpu_worker.py", line 394, in transfer_async
(Worker_PP1_TP4 pid=10486) (Worker_PP1_TP3 pid=10485) ERROR 08-05 07:59:50 [multiproc_executor.py:1018]     self._swap_blocks_batch(
ERROR 08-05 07:59:50 [multiproc_executor.py:1018]   File "/usr/local/lib/python3.12/dist-packages/vllm/v1/kv_offload/cpu/gpu_worker.py", line 394, in transfer_async
(Worker_PP1_TP1 pid=10483) (Worker_PP1_TP0 pid=10482) (Worker_PP1_TP7 pid=10489) (Worker_PP1_TP2 pid=10484) ERROR 08-05 07:59:50 [multiproc_executor.py:1018]     torch.ops._C_cache_ops.swap_blocks_batch(
ERROR 08-05 07:59:50 [multiproc_executor.py:1018]   File "/usr/local/lib/python3.12/dist-packages/vllm/v1/worker/gpu/kv_connector.py", line 67, in pre_forward
(Worker_PP1_TP5 pid=10487) (Worker_PP1_TP6 pid=10488) ERROR 08-05 07:59:50 [multiproc_executor.py:1018]     self.kv_connector.handle_preemptions(kv_connector_metadata)
ERROR 08-05 07:59:50 [multiproc_executor.py:1018]            ^^^^^^^^^^^^^^^^^^^^^^^^^^^^^^^^^^^^^^^^^^^^^^^^^^^^^^^^^^^^^^
ERROR 08-05 07:59:50 [multiproc_executor.py:1018] RuntimeError: swap_blocks_batch, /workspace/csrc/libtorch_stable/cache_kernels.cu:150, cuMemcpyBatchAsync failed at index 11 with error 1
ERROR 08-05 07:59:50 [multiproc_executor.py:1018]     self._swap_blocks_batch(
(Worker_PP1_TP4 pid=10486) (Worker_PP1_TP3 pid=10485) ERROR 08-05 07:59:50 [multiproc_executor.py:1018]   File "/usr/local/lib/python3.12/dist-packages/vllm/_custom_ops.py", line 2922, in swap_blocks_batch
ERROR 08-05 07:59:50 [multiproc_executor.py:1018]     self._swap_blocks_batch(
(Worker_PP1_TP1 pid=10483) (Worker_PP1_TP0 pid=10482) (Worker_PP1_TP7 pid=10489) (Worker_PP1_TP2 pid=10484) ERROR 08-05 07:59:50 [multiproc_executor.py:1018]   File "/usr/local/lib/python3.12/dist-packages/torch/_ops.py", line 1279, in __call__
ERROR 08-05 07:59:50 [multiproc_executor.py:1018]     self.kv_connector.handle_preemptions(kv_connector_metadata)
(Worker_PP1_TP5 pid=10487) (Worker_PP1_TP6 pid=10488) ERROR 08-05 07:59:50 [multiproc_executor.py:1018]   File "/usr/local/lib/python3.12/dist-packages/vllm/distributed/kv_transfer/kv_connector/v1/offloading_connector.py", line 93, in handle_preemptions
ERROR 08-05 07:59:50 [multiproc_executor.py:1018]   File "/usr/local/lib/python3.12/dist-packages/vllm/v1/kv_offload/cpu/gpu_worker.py", line 394, in transfer_async
ERROR 08-05 07:59:50 [multiproc_executor.py:1018] Traceback (most recent call last):
ERROR 08-05 07:59:50 [multiproc_executor.py:1018]   File "/usr/local/lib/python3.12/dist-packages/vllm/_custom_ops.py", line 2922, in swap_blocks_batch
(Worker_PP1_TP4 pid=10486) (Worker_PP1_TP3 pid=10485) ERROR 08-05 07:59:50 [multiproc_executor.py:1018]     torch.ops._C_cache_ops.swap_blocks_batch(
ERROR 08-05 07:59:50 [multiproc_executor.py:1018]   File "/usr/local/lib/python3.12/dist-packages/vllm/_custom_ops.py", line 2922, in swap_blocks_batch
(Worker_PP1_TP1 pid=10483) (Worker_PP1_TP0 pid=10482) (Worker_PP1_TP7 pid=10489) (Worker_PP1_TP2 pid=10484) ERROR 08-05 07:59:50 [multiproc_executor.py:1018]     return self._op(*args, **kwargs)
ERROR 08-05 07:59:50 [multiproc_executor.py:1018]   File "/usr/local/lib/python3.12/dist-packages/vllm/distributed/kv_transfer/kv_connector/v1/offloading_connector.py", line 93, in handle_preemptions
(Worker_PP1_TP5 pid=10487) (Worker_PP1_TP6 pid=10488) ERROR 08-05 07:59:50 [multiproc_executor.py:1018]     self.connector_worker.handle_preemptions(kv_connector_metadata)
ERROR 08-05 07:59:50 [multiproc_executor.py:1018]     self._swap_blocks_batch(
ERROR 08-05 07:59:50 [multiproc_executor.py:1018]   File "/usr/local/lib/python3.12/dist-packages/vllm/v1/executor/multiproc_executor.py", line 1010, in worker_busy_loop
ERROR 08-05 07:59:50 [multiproc_executor.py:1018]     torch.ops._C_cache_ops.swap_blocks_batch(
(Worker_PP1_TP4 pid=10486) (Worker_PP1_TP3 pid=10485) ERROR 08-05 07:59:50 [multiproc_executor.py:1018]   File "/usr/local/lib/python3.12/dist-packages/torch/_ops.py", line 1279, in __call__
ERROR 08-05 07:59:50 [multiproc_executor.py:1018]     torch.ops._C_cache_ops.swap_blocks_batch(
(Worker_PP1_TP1 pid=10483) (Worker_PP1_TP0 pid=10482) (Worker_PP1_TP7 pid=10489) (Worker_PP1_TP2 pid=10484) ERROR 08-05 07:59:50 [multiproc_executor.py:1018]            ^^^^^^^^^^^^^^^^^^^^^^^^^
ERROR 08-05 07:59:50 [multiproc_executor.py:1018]     self.connector_worker.handle_preemptions(kv_connector_metadata)
(Worker_PP1_TP5 pid=10487) (Worker_PP1_TP6 pid=10488) ERROR 08-05 07:59:50 [multiproc_executor.py:1018]   File "/usr/local/lib/python3.12/dist-packages/vllm/distributed/kv_transfer/kv_connector/v1/offloading/worker.py", line 285, in handle_preemptions
ERROR 08-05 07:59:50 [multiproc_executor.py:1018]   File "/usr/local/lib/python3.12/dist-packages/vllm/_custom_ops.py", line 2922, in swap_blocks_batch
ERROR 08-05 07:59:50 [multiproc_executor.py:1018]     output = func(*args, **kwargs)
ERROR 08-05 07:59:50 [multiproc_executor.py:1018]   File "/usr/local/lib/python3.12/dist-packages/torch/_ops.py", line 1279, in __call__
(Worker_PP1_TP4 pid=10486) (Worker_PP1_TP3 pid=10485) ERROR 08-05 07:59:50 [multiproc_executor.py:1018]     return self._op(*args, **kwargs)
ERROR 08-05 07:59:50 [multiproc_executor.py:1018]   File "/usr/local/lib/python3.12/dist-packages/torch/_ops.py", line 1279, in __call__
(Worker_PP1_TP1 pid=10483) (Worker_PP1_TP0 pid=10482) (Worker_PP1_TP7 pid=10489) (Worker_PP1_TP2 pid=10484) ERROR 08-05 07:59:50 [multiproc_executor.py:1018] RuntimeError: swap_blocks_batch, /workspace/csrc/libtorch_stable/cache_kernels.cu:150, cuMemcpyBatchAsync failed at index 11 with error 1
ERROR 08-05 07:59:50 [multiproc_executor.py:1018]   File "/usr/local/lib/python3.12/dist-packages/vllm/distributed/kv_transfer/kv_connector/v1/offloading/worker.py", line 285, in handle_preemptions
(Worker_PP1_TP5 pid=10487) (Worker_PP1_TP6 pid=10488) ERROR 08-05 07:59:50 [multiproc_executor.py:1018]     success = self.worker.submit_store(job_id, src_spec, dst_spec)
ERROR 08-05 07:59:50 [multiproc_executor.py:1018]     torch.ops._C_cache_ops.swap_blocks_batch(
ERROR 08-05 07:59:50 [multiproc_executor.py:1018]              ^^^^^^^^^^^^^^^^^^^^^
ERROR 08-05 07:59:50 [multiproc_executor.py:1018]     return self._op(*args, **kwargs)
(Worker_PP1_TP4 pid=10486) (Worker_PP1_TP3 pid=10485) ERROR 08-05 07:59:50 [multiproc_executor.py:1018]            ^^^^^^^^^^^^^^^^^^^^^^^^^
ERROR 08-05 07:59:50 [multiproc_executor.py:1018]     return self._op(*args, **kwargs)
(Worker_PP1_TP1 pid=10483) (Worker_PP1_TP0 pid=10482) (Worker_PP1_TP7 pid=10489) (Worker_PP1_TP2 pid=10484) ERROR 08-05 07:59:50 [multiproc_executor.py:1018] Traceback (most recent call last):
ERROR 08-05 07:59:50 [multiproc_executor.py:1018]     success = self.worker.submit_store(job_id, src_spec, dst_spec)
(Worker_PP1_TP5 pid=10487) (Worker_PP1_TP6 pid=10488) ERROR 08-05 07:59:50 [multiproc_executor.py:1018]               ^^^^^^^^^^^^^^^^^^^^^^^^^^^^^^^^^^^^^^^^^^^^^^^^^^^^
ERROR 08-05 07:59:50 [multiproc_executor.py:1018]   File "/usr/local/lib/python3.12/dist-packages/torch/_ops.py", line 1279, in __call__
ERROR 08-05 07:59:50 [multiproc_executor.py:1018]   File "/usr/local/lib/python3.12/dist-packages/vllm/v1/worker/worker_base.py", line 351, in execute_model
ERROR 08-05 07:59:50 [multiproc_executor.py:1018]            ^^^^^^^^^^^^^^^^^^^^^^^^^
(Worker_PP1_TP4 pid=10486) (Worker_PP1_TP3 pid=10485) ERROR 08-05 07:59:50 [multiproc_executor.py:1018] RuntimeError: swap_blocks_batch, /workspace/csrc/libtorch_stable/cache_kernels.cu:150, cuMemcpyBatchAsync failed at index 11 with error 1
ERROR 08-05 07:59:50 [multiproc_executor.py:1018]            ^^^^^^^^^^^^^^^^^^^^^^^^^
(Worker_PP1_TP1 pid=10483) (Worker_PP1_TP0 pid=10482) (Worker_PP1_TP7 pid=10489) (Worker_PP1_TP2 pid=10484) ERROR 08-05 07:59:50 [multiproc_executor.py:1018]   File "/usr/local/lib/python3.12/dist-packages/vllm/v1/executor/multiproc_executor.py", line 1010, in worker_busy_loop
ERROR 08-05 07:59:50 [multiproc_executor.py:1018]               ^^^^^^^^^^^^^^^^^^^^^^^^^^^^^^^^^^^^^^^^^^^^^^^^^^^^
(Worker_PP1_TP5 pid=10487) (Worker_PP1_TP6 pid=10488) ERROR 08-05 07:59:50 [multiproc_executor.py:1018]   File "/usr/local/lib/python3.12/dist-packages/vllm/v1/kv_offload/cpu/gpu_worker.py", line 535, in submit_store
ERROR 08-05 07:59:50 [multiproc_executor.py:1018]     return self._op(*args, **kwargs)
ERROR 08-05 07:59:50 [multiproc_executor.py:1018]     return self.worker.execute_model(scheduler_output)
ERROR 08-05 07:59:50 [multiproc_executor.py:1018] RuntimeError: swap_blocks_batch, /workspace/csrc/libtorch_stable/cache_kernels.cu:150, cuMemcpyBatchAsync failed at index 11 with error 1
(Worker_PP1_TP4 pid=10486) (Worker_PP1_TP3 pid=10485) ERROR 08-05 07:59:50 [multiproc_executor.py:1018] Traceback (most recent call last):
ERROR 08-05 07:59:50 [multiproc_executor.py:1018] RuntimeError: swap_blocks_batch, /workspace/csrc/libtorch_stable/cache_kernels.cu:150, cuMemcpyBatchAsync failed at index 11 with error 1
(Worker_PP1_TP1 pid=10483) (Worker_PP1_TP0 pid=10482) (Worker_PP1_TP7 pid=10489) (Worker_PP1_TP2 pid=10484) ERROR 08-05 07:59:50 [multiproc_executor.py:1018]     output = func(*args, **kwargs)
ERROR 08-05 07:59:50 [multiproc_executor.py:1018]   File "/usr/local/lib/python3.12/dist-packages/vllm/v1/kv_offload/cpu/gpu_worker.py", line 535, in submit_store
(Worker_PP1_TP5 pid=10487) (Worker_PP1_TP6 pid=10488) ERROR 08-05 07:59:50 [multiproc_executor.py:1018]     return self._store_handler.transfer_async(job_id, src_spec, dst_spec)
ERROR 08-05 07:59:50 [multiproc_executor.py:1018]            ^^^^^^^^^^^^^^^^^^^^^^^^^
ERROR 08-05 07:59:50 [multiproc_executor.py:1018]            ^^^^^^^^^^^^^^^^^^^^^^^^^^^^^^^^^^^^^^^^^^^
ERROR 08-05 07:59:50 [multiproc_executor.py:1018] Traceback (most recent call last):
(Worker_PP1_TP4 pid=10486) (Worker_PP1_TP3 pid=10485) ERROR 08-05 07:59:50 [multiproc_executor.py:1018]   File "/usr/local/lib/python3.12/dist-packages/vllm/v1/executor/multiproc_executor.py", line 1010, in worker_busy_loop
ERROR 08-05 07:59:50 [multiproc_executor.py:1018] Traceback (most recent call last):
(Worker_PP1_TP1 pid=10483) (Worker_PP1_TP0 pid=10482) (Worker_PP1_TP7 pid=10489) (Worker_PP1_TP2 pid=10484) ERROR 08-05 07:59:50 [multiproc_executor.py:1018]              ^^^^^^^^^^^^^^^^^^^^^
ERROR 08-05 07:59:50 [multiproc_executor.py:1018]     return self._store_handler.transfer_async(job_id, src_spec, dst_spec)
(Worker_PP1_TP5 pid=10487) (Worker_PP1_TP6 pid=10488) ERROR 08-05 07:59:50 [multiproc_executor.py:1018]            ^^^^^^^^^^^^^^^^^^^^^^^^^^^^^^^^^^^^^^^^^^^^^^^^^^^^^^^^^^^^^^
ERROR 08-05 07:59:50 [multiproc_executor.py:1018] RuntimeError: swap_blocks_batch, /workspace/csrc/libtorch_stable/cache_kernels.cu:150, cuMemcpyBatchAsync failed at index 11 with error 1
ERROR 08-05 07:59:50 [multiproc_executor.py:1018]   File "/usr/local/lib/python3.12/dist-packages/torch/utils/_contextlib.py", line 124, in decorate_context
ERROR 08-05 07:59:50 [multiproc_executor.py:1018]   File "/usr/local/lib/python3.12/dist-packages/vllm/v1/executor/multiproc_executor.py", line 1010, in worker_busy_loop
(Worker_PP1_TP4 pid=10486) (Worker_PP1_TP3 pid=10485) ERROR 08-05 07:59:50 [multiproc_executor.py:1018]     output = func(*args, **kwargs)
ERROR 08-05 07:59:50 [multiproc_executor.py:1018]   File "/usr/local/lib/python3.12/dist-packages/vllm/v1/executor/multiproc_executor.py", line 1010, in worker_busy_loop
(Worker_PP1_TP1 pid=10483) (Worker_PP1_TP0 pid=10482) (Worker_PP1_TP7 pid=10489) (Worker_PP1_TP2 pid=10484) ERROR 08-05 07:59:50 [multiproc_executor.py:1018]   File "/usr/local/lib/python3.12/dist-packages/vllm/v1/worker/worker_base.py", line 351, in execute_model
ERROR 08-05 07:59:50 [multiproc_executor.py:1018]            ^^^^^^^^^^^^^^^^^^^^^^^^^^^^^^^^^^^^^^^^^^^^^^^^^^^^^^^^^^^^^^
(Worker_PP1_TP5 pid=10487) (Worker_PP1_TP6 pid=10488) ERROR 08-05 07:59:50 [multiproc_executor.py:1018]   File "/usr/local/lib/python3.12/dist-packages/vllm/v1/kv_offload/cpu/gpu_worker.py", line 394, in transfer_async
ERROR 08-05 07:59:50 [multiproc_executor.py:1018] Traceback (most recent call last):
ERROR 08-05 07:59:50 [multiproc_executor.py:1018]     return func(*args, **kwargs)
ERROR 08-05 07:59:50 [multiproc_executor.py:1018]     output = func(*args, **kwargs)
(Worker_PP1_TP4 pid=10486) (Worker_PP1_TP3 pid=10485) ERROR 08-05 07:59:50 [multiproc_executor.py:1018]              ^^^^^^^^^^^^^^^^^^^^^
ERROR 08-05 07:59:50 [multiproc_executor.py:1018]     output = func(*args, **kwargs)
(Worker_PP1_TP1 pid=10483) (Worker_PP1_TP0 pid=10482) (Worker_PP1_TP7 pid=10489) (Worker_PP1_TP2 pid=10484) ERROR 08-05 07:59:50 [multiproc_executor.py:1018]     return self.worker.execute_model(scheduler_output)
ERROR 08-05 07:59:50 [multiproc_executor.py:1018]   File "/usr/local/lib/python3.12/dist-packages/vllm/v1/kv_offload/cpu/gpu_worker.py", line 394, in transfer_async
(Worker_PP1_TP5 pid=10487) (Worker_PP1_TP6 pid=10488) ERROR 08-05 07:59:50 [multiproc_executor.py:1018]     self._swap_blocks_batch(
ERROR 08-05 07:59:50 [multiproc_executor.py:1018]   File "/usr/local/lib/python3.12/dist-packages/vllm/v1/executor/multiproc_executor.py", line 1010, in worker_busy_loop
ERROR 08-05 07:59:50 [multiproc_executor.py:1018]            ^^^^^^^^^^^^^^^^^^^^^
ERROR 08-05 07:59:50 [multiproc_executor.py:1018]              ^^^^^^^^^^^^^^^^^^^^^
(Worker_PP1_TP4 pid=10486) (Worker_PP1_TP3 pid=10485) ERROR 08-05 07:59:50 [multiproc_executor.py:1018]   File "/usr/local/lib/python3.12/dist-packages/vllm/v1/worker/worker_base.py", line 351, in execute_model
ERROR 08-05 07:59:50 [multiproc_executor.py:1018]              ^^^^^^^^^^^^^^^^^^^^^
(Worker_PP1_TP1 pid=10483) (Worker_PP1_TP0 pid=10482) (Worker_PP1_TP7 pid=10489) (Worker_PP1_TP2 pid=10484) ERROR 08-05 07:59:50 [multiproc_executor.py:1018]            ^^^^^^^^^^^^^^^^^^^^^^^^^^^^^^^^^^^^^^^^^^^
ERROR 08-05 07:59:50 [multiproc_executor.py:1018]     self._swap_blocks_batch(
(Worker_PP1_TP5 pid=10487) (Worker_PP1_TP6 pid=10488) ERROR 08-05 07:59:50 [multiproc_executor.py:1018]   File "/usr/local/lib/python3.12/dist-packages/vllm/_custom_ops.py", line 2922, in swap_blocks_batch
ERROR 08-05 07:59:50 [multiproc_executor.py:1018]     output = func(*args, **kwargs)
ERROR 08-05 07:59:50 [multiproc_executor.py:1018]   File "/usr/local/lib/python3.12/dist-packages/vllm/v1/worker/gpu_worker.py", line 1065, in execute_model
ERROR 08-05 07:59:50 [multiproc_executor.py:1018]   File "/usr/local/lib/python3.12/dist-packages/vllm/v1/worker/worker_base.py", line 351, in execute_model
(Worker_PP1_TP4 pid=10486) (Worker_PP1_TP3 pid=10485) ERROR 08-05 07:59:50 [multiproc_executor.py:1018]     return self.worker.execute_model(scheduler_output)
ERROR 08-05 07:59:50 [multiproc_executor.py:1018]   File "/usr/local/lib/python3.12/dist-packages/vllm/v1/worker/worker_base.py", line 351, in execute_model
(Worker_PP1_TP1 pid=10483) (Worker_PP1_TP0 pid=10482) (Worker_PP1_TP7 pid=10489) (Worker_PP1_TP2 pid=10484) ERROR 08-05 07:59:50 [multiproc_executor.py:1018]   File "/usr/local/lib/python3.12/dist-packages/torch/utils/_contextlib.py", line 124, in decorate_context
ERROR 08-05 07:59:50 [multiproc_executor.py:1018]   File "/usr/local/lib/python3.12/dist-packages/vllm/_custom_ops.py", line 2922, in swap_blocks_batch
(Worker_PP1_TP5 pid=10487) (Worker_PP1_TP6 pid=10488) ERROR 08-05 07:59:50 [multiproc_executor.py:1018]     torch.ops._C_cache_ops.swap_blocks_batch(
ERROR 08-05 07:59:50 [multiproc_executor.py:1018]              ^^^^^^^^^^^^^^^^^^^^^
ERROR 08-05 07:59:50 [multiproc_executor.py:1018]     output = self.model_runner.execute_model(
ERROR 08-05 07:59:50 [multiproc_executor.py:1018]     return self.worker.execute_model(scheduler_output)
(Worker_PP1_TP4 pid=10486) (Worker_PP1_TP3 pid=10485) ERROR 08-05 07:59:50 [multiproc_executor.py:1018]            ^^^^^^^^^^^^^^^^^^^^^^^^^^^^^^^^^^^^^^^^^^^
ERROR 08-05 07:59:50 [multiproc_executor.py:1018]     return self.worker.execute_model(scheduler_output)
(Worker_PP1_TP1 pid=10483) (Worker_PP1_TP0 pid=10482) (Worker_PP1_TP7 pid=10489) (Worker_PP1_TP2 pid=10484) ERROR 08-05 07:59:50 [multiproc_executor.py:1018]     return func(*args, **kwargs)
ERROR 08-05 07:59:50 [multiproc_executor.py:1018]     torch.ops._C_cache_ops.swap_blocks_batch(
(Worker_PP1_TP5 pid=10487) (Worker_PP1_TP6 pid=10488) ERROR 08-05 07:59:50 [multiproc_executor.py:1018]   File "/usr/local/lib/python3.12/dist-packages/torch/_ops.py", line 1279, in __call__
ERROR 08-05 07:59:50 [multiproc_executor.py:1018]   File "/usr/local/lib/python3.12/dist-packages/vllm/v1/worker/worker_base.py", line 351, in execute_model
ERROR 08-05 07:59:50 [multiproc_executor.py:1018]              ^^^^^^^^^^^^^^^^^^^^^^^^^^^^^^^^
ERROR 08-05 07:59:50 [multiproc_executor.py:1018]            ^^^^^^^^^^^^^^^^^^^^^^^^^^^^^^^^^^^^^^^^^^^
(Worker_PP1_TP4 pid=10486) (Worker_PP1_TP3 pid=10485) ERROR 08-05 07:59:50 [multiproc_executor.py:1018]   File "/usr/local/lib/python3.12/dist-packages/torch/utils/_contextlib.py", line 124, in decorate_context
ERROR 08-05 07:59:50 [multiproc_executor.py:1018]            ^^^^^^^^^^^^^^^^^^^^^^^^^^^^^^^^^^^^^^^^^^^
(Worker_PP1_TP1 pid=10483) (Worker_PP1_TP0 pid=10482) (Worker_PP1_TP7 pid=10489) (Worker_PP1_TP2 pid=10484) ERROR 08-05 07:59:50 [multiproc_executor.py:1018]            ^^^^^^^^^^^^^^^^^^^^^
ERROR 08-05 07:59:50 [multiproc_executor.py:1018]   File "/usr/local/lib/python3.12/dist-packages/torch/_ops.py", line 1279, in __call__
(Worker_PP1_TP5 pid=10487) (Worker_PP1_TP6 pid=10488) ERROR 08-05 07:59:50 [multiproc_executor.py:1018]     return self._op(*args, **kwargs)
ERROR 08-05 07:59:50 [multiproc_executor.py:1018]     return self.worker.execute_model(scheduler_output)
ERROR 08-05 07:59:50 [multiproc_executor.py:1018]   File "/usr/local/lib/python3.12/dist-packages/torch/utils/_contextlib.py", line 124, in decorate_context
ERROR 08-05 07:59:50 [multiproc_executor.py:1018]   File "/usr/local/lib/python3.12/dist-packages/torch/utils/_contextlib.py", line 124, in decorate_context
(Worker_PP1_TP4 pid=10486) (Worker_PP1_TP3 pid=10485) ERROR 08-05 07:59:50 [multiproc_executor.py:1018]     return func(*args, **kwargs)
ERROR 08-05 07:59:50 [multiproc_executor.py:1018]   File "/usr/local/lib/python3.12/dist-packages/torch/utils/_contextlib.py", line 124, in decorate_context
(Worker_PP1_TP1 pid=10483) (Worker_PP1_TP0 pid=10482) (Worker_PP1_TP7 pid=10489) (Worker_PP1_TP2 pid=10484) ERROR 08-05 07:59:50 [multiproc_executor.py:1018]   File "/usr/local/lib/python3.12/dist-packages/vllm/v1/worker/gpu_worker.py", line 1065, in execute_model
ERROR 08-05 07:59:50 [multiproc_executor.py:1018]     return self._op(*args, **kwargs)
(Worker_PP1_TP5 pid=10487) (Worker_PP1_TP6 pid=10488) ERROR 08-05 07:59:50 [multiproc_executor.py:1018]            ^^^^^^^^^^^^^^^^^^^^^^^^^
ERROR 08-05 07:59:50 [multiproc_executor.py:1018]            ^^^^^^^^^^^^^^^^^^^^^^^^^^^^^^^^^^^^^^^^^^^
ERROR 08-05 07:59:50 [multiproc_executor.py:1018]     return func(*args, **kwargs)
ERROR 08-05 07:59:50 [multiproc_executor.py:1018]     return func(*args, **kwargs)
(Worker_PP1_TP4 pid=10486) (Worker_PP1_TP3 pid=10485) ERROR 08-05 07:59:50 [multiproc_executor.py:1018]            ^^^^^^^^^^^^^^^^^^^^^
ERROR 08-05 07:59:50 [multiproc_executor.py:1018]     return func(*args, **kwargs)
(Worker_PP1_TP1 pid=10483) (Worker_PP1_TP0 pid=10482) (Worker_PP1_TP7 pid=10489) (Worker_PP1_TP2 pid=10484) ERROR 08-05 07:59:50 [multiproc_executor.py:1018]     output = self.model_runner.execute_model(
ERROR 08-05 07:59:50 [multiproc_executor.py:1018]            ^^^^^^^^^^^^^^^^^^^^^^^^^
(Worker_PP1_TP5 pid=10487) (Worker_PP1_TP6 pid=10488) ERROR 08-05 07:59:50 [multiproc_executor.py:1018] RuntimeError: swap_blocks_batch, /workspace/csrc/libtorch_stable/cache_kernels.cu:150, cuMemcpyBatchAsync failed at index 11 with error 1
ERROR 08-05 07:59:50 [multiproc_executor.py:1018]   File "/usr/local/lib/python3.12/dist-packages/torch/utils/_contextlib.py", line 124, in decorate_context
ERROR 08-05 07:59:50 [multiproc_executor.py:1018]            ^^^^^^^^^^^^^^^^^^^^^
ERROR 08-05 07:59:50 [multiproc_executor.py:1018]            ^^^^^^^^^^^^^^^^^^^^^
(Worker_PP1_TP4 pid=10486) (Worker_PP1_TP3 pid=10485) ERROR 08-05 07:59:50 [multiproc_executor.py:1018]   File "/usr/local/lib/python3.12/dist-packages/vllm/v1/worker/gpu_worker.py", line 1065, in execute_model
ERROR 08-05 07:59:50 [multiproc_executor.py:1018]            ^^^^^^^^^^^^^^^^^^^^^
(Worker_PP1_TP1 pid=10483) (Worker_PP1_TP0 pid=10482) (Worker_PP1_TP7 pid=10489) (Worker_PP1_TP2 pid=10484) ERROR 08-05 07:59:50 [multiproc_executor.py:1018]              ^^^^^^^^^^^^^^^^^^^^^^^^^^^^^^^^
ERROR 08-05 07:59:50 [multiproc_executor.py:1018] RuntimeError: swap_blocks_batch, /workspace/csrc/libtorch_stable/cache_kernels.cu:150, cuMemcpyBatchAsync failed at index 11 with error 1
(Worker_PP1_TP5 pid=10487) (Worker_PP1_TP6 pid=10488) ERROR 08-05 07:59:50 [multiproc_executor.py:1018] Traceback (most recent call last):
ERROR 08-05 07:59:50 [multiproc_executor.py:1018]     return func(*args, **kwargs)
ERROR 08-05 07:59:50 [multiproc_executor.py:1018]   File "/usr/local/lib/python3.12/dist-packages/vllm/v1/worker/gpu/model_runner.py", line 1352, in execute_model
ERROR 08-05 07:59:50 [multiproc_executor.py:1018]   File "/usr/local/lib/python3.12/dist-packages/vllm/v1/worker/gpu_worker.py", line 1065, in execute_model
(Worker_PP1_TP4 pid=10486) (Worker_PP1_TP3 pid=10485) ERROR 08-05 07:59:50 [multiproc_executor.py:1018]     output = self.model_runner.execute_model(
ERROR 08-05 07:59:50 [multiproc_executor.py:1018]   File "/usr/local/lib/python3.12/dist-packages/vllm/v1/worker/gpu_worker.py", line 1065, in execute_model
(Worker_PP1_TP1 pid=10483) (Worker_PP1_TP0 pid=10482) (Worker_PP1_TP7 pid=10489) (Worker_PP1_TP2 pid=10484) ERROR 08-05 07:59:50 [multiproc_executor.py:1018]   File "/usr/local/lib/python3.12/dist-packages/torch/utils/_contextlib.py", line 124, in decorate_context
ERROR 08-05 07:59:50 [multiproc_executor.py:1018] Traceback (most recent call last):
(Worker_PP1_TP5 pid=10487) (Worker_PP1_TP6 pid=10488) ERROR 08-05 07:59:50 [multiproc_executor.py:1018]   File "/usr/local/lib/python3.12/dist-packages/vllm/v1/executor/multiproc_executor.py", line 1010, in worker_busy_loop
ERROR 08-05 07:59:50 [multiproc_executor.py:1018]            ^^^^^^^^^^^^^^^^^^^^^
ERROR 08-05 07:59:50 [multiproc_executor.py:1018]     self.kv_connector.pre_forward(scheduler_output)
ERROR 08-05 07:59:50 [multiproc_executor.py:1018]     output = self.model_runner.execute_model(
(Worker_PP1_TP4 pid=10486) (Worker_PP1_TP3 pid=10485) ERROR 08-05 07:59:50 [multiproc_executor.py:1018]              ^^^^^^^^^^^^^^^^^^^^^^^^^^^^^^^^
ERROR 08-05 07:59:50 [multiproc_executor.py:1018]     output = self.model_runner.execute_model(
(Worker_PP1_TP1 pid=10483) (Worker_PP1_TP0 pid=10482) (Worker_PP1_TP7 pid=10489) (Worker_PP1_TP2 pid=10484) ERROR 08-05 07:59:50 [multiproc_executor.py:1018]     return func(*args, **kwargs)
ERROR 08-05 07:59:50 [multiproc_executor.py:1018]   File "/usr/local/lib/python3.12/dist-packages/vllm/v1/executor/multiproc_executor.py", line 1010, in worker_busy_loop
(Worker_PP1_TP5 pid=10487) (Worker_PP1_TP6 pid=10488) ERROR 08-05 07:59:50 [multiproc_executor.py:1018]     output = func(*args, **kwargs)
ERROR 08-05 07:59:50 [multiproc_executor.py:1018]   File "/usr/local/lib/python3.12/dist-packages/vllm/v1/worker/gpu_worker.py", line 1065, in execute_model
ERROR 08-05 07:59:50 [multiproc_executor.py:1018]   File "/usr/local/lib/python3.12/dist-packages/vllm/v1/worker/gpu/kv_connector.py", line 67, in pre_forward
ERROR 08-05 07:59:50 [multiproc_executor.py:1018]              ^^^^^^^^^^^^^^^^^^^^^^^^^^^^^^^^
(Worker_PP1_TP4 pid=10486) (Worker_PP1_TP3 pid=10485) ERROR 08-05 07:59:50 [multiproc_executor.py:1018]   File "/usr/local/lib/python3.12/dist-packages/torch/utils/_contextlib.py", line 124, in decorate_context
ERROR 08-05 07:59:50 [multiproc_executor.py:1018]              ^^^^^^^^^^^^^^^^^^^^^^^^^^^^^^^^
(Worker_PP1_TP1 pid=10483) (Worker_PP1_TP0 pid=10482) (Worker_PP1_TP7 pid=10489) (Worker_PP1_TP2 pid=10484) ERROR 08-05 07:59:50 [multiproc_executor.py:1018]            ^^^^^^^^^^^^^^^^^^^^^
ERROR 08-05 07:59:50 [multiproc_executor.py:1018]     output = func(*args, **kwargs)
(Worker_PP1_TP5 pid=10487) (Worker_PP1_TP6 pid=10488) ERROR 08-05 07:59:50 [multiproc_executor.py:1018]              ^^^^^^^^^^^^^^^^^^^^^
ERROR 08-05 07:59:50 [multiproc_executor.py:1018]     output = self.model_runner.execute_model(
ERROR 08-05 07:59:50 [multiproc_executor.py:1018]     self.kv_connector.handle_preemptions(kv_connector_metadata)
ERROR 08-05 07:59:50 [multiproc_executor.py:1018]   File "/usr/local/lib/python3.12/dist-packages/torch/utils/_contextlib.py", line 124, in decorate_context
(Worker_PP1_TP4 pid=10486) (Worker_PP1_TP3 pid=10485) ERROR 08-05 07:59:50 [multiproc_executor.py:1018]     return func(*args, **kwargs)
ERROR 08-05 07:59:50 [multiproc_executor.py:1018]   File "/usr/local/lib/python3.12/dist-packages/torch/utils/_contextlib.py", line 124, in decorate_context
(Worker_PP1_TP1 pid=10483) (Worker_PP1_TP0 pid=10482) (Worker_PP1_TP7 pid=10489) (Worker_PP1_TP2 pid=10484) ERROR 08-05 07:59:50 [multiproc_executor.py:1018]   File "/usr/local/lib/python3.12/dist-packages/vllm/v1/worker/gpu/model_runner.py", line 1352, in execute_model
ERROR 08-05 07:59:50 [multiproc_executor.py:1018]              ^^^^^^^^^^^^^^^^^^^^^
(Worker_PP1_TP5 pid=10487) (Worker_PP1_TP6 pid=10488) ERROR 08-05 07:59:50 [multiproc_executor.py:1018]   File "/usr/local/lib/python3.12/dist-packages/vllm/v1/worker/worker_base.py", line 351, in execute_model
ERROR 08-05 07:59:50 [multiproc_executor.py:1018]              ^^^^^^^^^^^^^^^^^^^^^^^^^^^^^^^^
ERROR 08-05 07:59:50 [multiproc_executor.py:1018]   File "/usr/local/lib/python3.12/dist-packages/vllm/distributed/kv_transfer/kv_connector/v1/offloading_connector.py", line 93, in handle_preemptions
ERROR 08-05 07:59:50 [multiproc_executor.py:1018]     return func(*args, **kwargs)
(Worker_PP1_TP4 pid=10486) (Worker_PP1_TP3 pid=10485) ERROR 08-05 07:59:50 [multiproc_executor.py:1018]            ^^^^^^^^^^^^^^^^^^^^^
ERROR 08-05 07:59:50 [multiproc_executor.py:1018]     return func(*args, **kwargs)
(Worker_PP1_TP1 pid=10483) (Worker_PP1_TP0 pid=10482) (Worker_PP1_TP7 pid=10489) (Worker_PP1_TP2 pid=10484) ERROR 08-05 07:59:50 [multiproc_executor.py:1018]     self.kv_connector.pre_forward(scheduler_output)
ERROR 08-05 07:59:50 [multiproc_executor.py:1018]   File "/usr/local/lib/python3.12/dist-packages/vllm/v1/worker/worker_base.py", line 351, in execute_model
(Worker_PP1_TP5 pid=10487) (Worker_PP1_TP6 pid=10488) ERROR 08-05 07:59:50 [multiproc_executor.py:1018]     return self.worker.execute_model(scheduler_output)
ERROR 08-05 07:59:50 [multiproc_executor.py:1018]   File "/usr/local/lib/python3.12/dist-packages/torch/utils/_contextlib.py", line 124, in decorate_context
ERROR 08-05 07:59:50 [multiproc_executor.py:1018]     self.connector_worker.handle_preemptions(kv_connector_metadata)
ERROR 08-05 07:59:50 [multiproc_executor.py:1018]            ^^^^^^^^^^^^^^^^^^^^^
(Worker_PP1_TP4 pid=10486) (Worker_PP1_TP3 pid=10485) ERROR 08-05 07:59:50 [multiproc_executor.py:1018]   File "/usr/local/lib/python3.12/dist-packages/vllm/v1/worker/gpu/model_runner.py", line 1352, in execute_model
ERROR 08-05 07:59:50 [multiproc_executor.py:1018]            ^^^^^^^^^^^^^^^^^^^^^
(Worker_PP1_TP1 pid=10483) (Worker_PP1_TP0 pid=10482) (Worker_PP1_TP7 pid=10489) (Worker_PP1_TP2 pid=10484) ERROR 08-05 07:59:50 [multiproc_executor.py:1018]   File "/usr/local/lib/python3.12/dist-packages/vllm/v1/worker/gpu/kv_connector.py", line 67, in pre_forward
ERROR 08-05 07:59:50 [multiproc_executor.py:1018]     return self.worker.execute_model(scheduler_output)
(Worker_PP1_TP5 pid=10487) (Worker_PP1_TP6 pid=10488) ERROR 08-05 07:59:50 [multiproc_executor.py:1018]            ^^^^^^^^^^^^^^^^^^^^^^^^^^^^^^^^^^^^^^^^^^^
ERROR 08-05 07:59:50 [multiproc_executor.py:1018]     return func(*args, **kwargs)
ERROR 08-05 07:59:50 [multiproc_executor.py:1018]   File "/usr/local/lib/python3.12/dist-packages/vllm/distributed/kv_transfer/kv_connector/v1/offloading/worker.py", line 285, in handle_preemptions
ERROR 08-05 07:59:50 [multiproc_executor.py:1018]   File "/usr/local/lib/python3.12/dist-packages/vllm/v1/worker/gpu/model_runner.py", line 1352, in execute_model
(Worker_PP1_TP4 pid=10486) (Worker_PP1_TP3 pid=10485) ERROR 08-05 07:59:50 [multiproc_executor.py:1018]     self.kv_connector.pre_forward(scheduler_output)
ERROR 08-05 07:59:50 [multiproc_executor.py:1018]   File "/usr/local/lib/python3.12/dist-packages/vllm/v1/worker/gpu/model_runner.py", line 1352, in execute_model
(Worker_PP1_TP1 pid=10483) (Worker_PP1_TP0 pid=10482) (Worker_PP1_TP7 pid=10489) (Worker_PP1_TP2 pid=10484) ERROR 08-05 07:59:50 [multiproc_executor.py:1018]     self.kv_connector.handle_preemptions(kv_connector_metadata)
ERROR 08-05 07:59:50 [multiproc_executor.py:1018]            ^^^^^^^^^^^^^^^^^^^^^^^^^^^^^^^^^^^^^^^^^^^
(Worker_PP1_TP5 pid=10487) (Worker_PP1_TP6 pid=10488) ERROR 08-05 07:59:50 [multiproc_executor.py:1018]   File "/usr/local/lib/python3.12/dist-packages/torch/utils/_contextlib.py", line 124, in decorate_context
ERROR 08-05 07:59:50 [multiproc_executor.py:1018]            ^^^^^^^^^^^^^^^^^^^^^
ERROR 08-05 07:59:50 [multiproc_executor.py:1018]     success = self.worker.submit_store(job_id, src_spec, dst_spec)
ERROR 08-05 07:59:50 [multiproc_executor.py:1018]     self.kv_connector.pre_forward(scheduler_output)
(Worker_PP1_TP4 pid=10486) (Worker_PP1_TP3 pid=10485) ERROR 08-05 07:59:50 [multiproc_executor.py:1018]   File "/usr/local/lib/python3.12/dist-packages/vllm/v1/worker/gpu/kv_connector.py", line 67, in pre_forward
ERROR 08-05 07:59:50 [multiproc_executor.py:1018]     self.kv_connector.pre_forward(scheduler_output)
(Worker_PP1_TP1 pid=10483) (Worker_PP1_TP0 pid=10482) (Worker_PP1_TP7 pid=10489) (Worker_PP1_TP2 pid=10484) ERROR 08-05 07:59:50 [multiproc_executor.py:1018]   File "/usr/local/lib/python3.12/dist-packages/vllm/distributed/kv_transfer/kv_connector/v1/offloading_connector.py", line 93, in handle_preemptions
ERROR 08-05 07:59:50 [multiproc_executor.py:1018]   File "/usr/local/lib/python3.12/dist-packages/torch/utils/_contextlib.py", line 124, in decorate_context
(Worker_PP1_TP5 pid=10487) (Worker_PP1_TP6 pid=10488) ERROR 08-05 07:59:50 [multiproc_executor.py:1018]     return func(*args, **kwargs)
ERROR 08-05 07:59:50 [multiproc_executor.py:1018]   File "/usr/local/lib/python3.12/dist-packages/vllm/v1/worker/gpu/model_runner.py", line 1352, in execute_model
ERROR 08-05 07:59:50 [multiproc_executor.py:1018]               ^^^^^^^^^^^^^^^^^^^^^^^^^^^^^^^^^^^^^^^^^^^^^^^^^^^^
ERROR 08-05 07:59:50 [multiproc_executor.py:1018]   File "/usr/local/lib/python3.12/dist-packages/vllm/v1/worker/gpu/kv_connector.py", line 67, in pre_forward
(Worker_PP1_TP4 pid=10486) (Worker_PP1_TP3 pid=10485) ERROR 08-05 07:59:50 [multiproc_executor.py:1018]     self.kv_connector.handle_preemptions(kv_connector_metadata)
ERROR 08-05 07:59:50 [multiproc_executor.py:1018]   File "/usr/local/lib/python3.12/dist-packages/vllm/v1/worker/gpu/kv_connector.py", line 67, in pre_forward
(Worker_PP1_TP1 pid=10483) (Worker_PP1_TP0 pid=10482) (Worker_PP1_TP7 pid=10489) (Worker_PP1_TP2 pid=10484) ERROR 08-05 07:59:50 [multiproc_executor.py:1018]     self.connector_worker.handle_preemptions(kv_connector_metadata)
ERROR 08-05 07:59:50 [multiproc_executor.py:1018]     return func(*args, **kwargs)
(Worker_PP1_TP5 pid=10487) (Worker_PP1_TP6 pid=10488) ERROR 08-05 07:59:50 [multiproc_executor.py:1018]            ^^^^^^^^^^^^^^^^^^^^^
ERROR 08-05 07:59:50 [multiproc_executor.py:1018]     self.kv_connector.pre_forward(scheduler_output)
ERROR 08-05 07:59:50 [multiproc_executor.py:1018]   File "/usr/local/lib/python3.12/dist-packages/vllm/v1/kv_offload/cpu/gpu_worker.py", line 535, in submit_store
ERROR 08-05 07:59:50 [multiproc_executor.py:1018]     self.kv_connector.handle_preemptions(kv_connector_metadata)
(Worker_PP1_TP4 pid=10486) (Worker_PP1_TP3 pid=10485) ERROR 08-05 07:59:50 [multiproc_executor.py:1018]   File "/usr/local/lib/python3.12/dist-packages/vllm/distributed/kv_transfer/kv_connector/v1/offloading_connector.py", line 93, in handle_preemptions
ERROR 08-05 07:59:50 [multiproc_executor.py:1018]     self.kv_connector.handle_preemptions(kv_connector_metadata)
(Worker_PP1_TP1 pid=10483) (Worker_PP1_TP0 pid=10482) (Worker_PP1_TP7 pid=10489) (Worker_PP1_TP2 pid=10484) ERROR 08-05 07:59:50 [multiproc_executor.py:1018]   File "/usr/local/lib/python3.12/dist-packages/vllm/distributed/kv_transfer/kv_connector/v1/offloading/worker.py", line 285, in handle_preemptions
ERROR 08-05 07:59:50 [multiproc_executor.py:1018]            ^^^^^^^^^^^^^^^^^^^^^
(Worker_PP1_TP5 pid=10487) (Worker_PP1_TP6 pid=10488) ERROR 08-05 07:59:50 [multiproc_executor.py:1018]   File "/usr/local/lib/python3.12/dist-packages/vllm/v1/worker/gpu_worker.py", line 1065, in execute_model
ERROR 08-05 07:59:50 [multiproc_executor.py:1018]   File "/usr/local/lib/python3.12/dist-packages/vllm/v1/worker/gpu/kv_connector.py", line 67, in pre_forward
ERROR 08-05 07:59:50 [multiproc_executor.py:1018]     return self._store_handler.transfer_async(job_id, src_spec, dst_spec)
ERROR 08-05 07:59:50 [multiproc_executor.py:1018]   File "/usr/local/lib/python3.12/dist-packages/vllm/distributed/kv_transfer/kv_connector/v1/offloading_connector.py", line 93, in handle_preemptions
(Worker_PP1_TP4 pid=10486) (Worker_PP1_TP3 pid=10485) ERROR 08-05 07:59:50 [multiproc_executor.py:1018]     self.connector_worker.handle_preemptions(kv_connector_metadata)
ERROR 08-05 07:59:50 [multiproc_executor.py:1018]   File "/usr/local/lib/python3.12/dist-packages/vllm/distributed/kv_transfer/kv_connector/v1/offloading_connector.py", line 93, in handle_preemptions
(Worker_PP1_TP1 pid=10483) (Worker_PP1_TP0 pid=10482) (Worker_PP1_TP7 pid=10489) (Worker_PP1_TP2 pid=10484) ERROR 08-05 07:59:50 [multiproc_executor.py:1018]     success = self.worker.submit_store(job_id, src_spec, dst_spec)
ERROR 08-05 07:59:50 [multiproc_executor.py:1018]   File "/usr/local/lib/python3.12/dist-packages/vllm/v1/worker/gpu_worker.py", line 1065, in execute_model
(Worker_PP1_TP5 pid=10487) (Worker_PP1_TP6 pid=10488) ERROR 08-05 07:59:50 [multiproc_executor.py:1018]     output = self.model_runner.execute_model(
ERROR 08-05 07:59:50 [multiproc_executor.py:1018]     self.kv_connector.handle_preemptions(kv_connector_metadata)
ERROR 08-05 07:59:50 [multiproc_executor.py:1018]            ^^^^^^^^^^^^^^^^^^^^^^^^^^^^^^^^^^^^^^^^^^^^^^^^^^^^^^^^^^^^^^
ERROR 08-05 07:59:50 [multiproc_executor.py:1018]     self.connector_worker.handle_preemptions(kv_connector_metadata)
(Worker_PP1_TP4 pid=10486) (Worker_PP1_TP3 pid=10485) ERROR 08-05 07:59:50 [multiproc_executor.py:1018]   File "/usr/local/lib/python3.12/dist-packages/vllm/distributed/kv_transfer/kv_connector/v1/offloading/worker.py", line 285, in handle_preemptions
ERROR 08-05 07:59:50 [multiproc_executor.py:1018]     self.connector_worker.handle_preemptions(kv_connector_metadata)
(Worker_PP1_TP1 pid=10483) (Worker_PP1_TP0 pid=10482) (Worker_PP1_TP7 pid=10489) (Worker_PP1_TP2 pid=10484) ERROR 08-05 07:59:50 [multiproc_executor.py:1018]               ^^^^^^^^^^^^^^^^^^^^^^^^^^^^^^^^^^^^^^^^^^^^^^^^^^^^
ERROR 08-05 07:59:50 [multiproc_executor.py:1018]     output = self.model_runner.execute_model(
(Worker_PP1_TP5 pid=10487) (Worker_PP1_TP6 pid=10488) ERROR 08-05 07:59:50 [multiproc_executor.py:1018]              ^^^^^^^^^^^^^^^^^^^^^^^^^^^^^^^^
ERROR 08-05 07:59:50 [multiproc_executor.py:1018]   File "/usr/local/lib/python3.12/dist-packages/vllm/distributed/kv_transfer/kv_connector/v1/offloading_connector.py", line 93, in handle_preemptions
ERROR 08-05 07:59:50 [multiproc_executor.py:1018]   File "/usr/local/lib/python3.12/dist-packages/vllm/v1/kv_offload/cpu/gpu_worker.py", line 394, in transfer_async
ERROR 08-05 07:59:50 [multiproc_executor.py:1018]   File "/usr/local/lib/python3.12/dist-packages/vllm/distributed/kv_transfer/kv_connector/v1/offloading/worker.py", line 285, in handle_preemptions
(Worker_PP1_TP4 pid=10486) (Worker_PP1_TP3 pid=10485) ERROR 08-05 07:59:50 [multiproc_executor.py:1018]     success = self.worker.submit_store(job_id, src_spec, dst_spec)
ERROR 08-05 07:59:50 [multiproc_executor.py:1018]   File "/usr/local/lib/python3.12/dist-packages/vllm/distributed/kv_transfer/kv_connector/v1/offloading/worker.py", line 285, in handle_preemptions
(Worker_PP1_TP1 pid=10483) (Worker_PP1_TP0 pid=10482) (Worker_PP1_TP7 pid=10489) (Worker_PP1_TP2 pid=10484) ERROR 08-05 07:59:50 [multiproc_executor.py:1018]   File "/usr/local/lib/python3.12/dist-packages/vllm/v1/kv_offload/cpu/gpu_worker.py", line 535, in submit_store
ERROR 08-05 07:59:50 [multiproc_executor.py:1018]              ^^^^^^^^^^^^^^^^^^^^^^^^^^^^^^^^
(Worker_PP1_TP5 pid=10487) (Worker_PP1_TP6 pid=10488) ERROR 08-05 07:59:50 [multiproc_executor.py:1018]   File "/usr/local/lib/python3.12/dist-packages/torch/utils/_contextlib.py", line 124, in decorate_context
ERROR 08-05 07:59:50 [multiproc_executor.py:1018]     self.connector_worker.handle_preemptions(kv_connector_metadata)
ERROR 08-05 07:59:50 [multiproc_executor.py:1018]     self._swap_blocks_batch(
ERROR 08-05 07:59:50 [multiproc_executor.py:1018]     success = self.worker.submit_store(job_id, src_spec, dst_spec)
(Worker_PP1_TP4 pid=10486) (Worker_PP1_TP3 pid=10485) ERROR 08-05 07:59:50 [multiproc_executor.py:1018]               ^^^^^^^^^^^^^^^^^^^^^^^^^^^^^^^^^^^^^^^^^^^^^^^^^^^^
ERROR 08-05 07:59:50 [multiproc_executor.py:1018]     success = self.worker.submit_store(job_id, src_spec, dst_spec)
(Worker_PP1_TP1 pid=10483) (Worker_PP1_TP0 pid=10482) (Worker_PP1_TP7 pid=10489) (Worker_PP1_TP2 pid=10484) ERROR 08-05 07:59:50 [multiproc_executor.py:1018]     return self._store_handler.transfer_async(job_id, src_spec, dst_spec)
ERROR 08-05 07:59:50 [multiproc_executor.py:1018]   File "/usr/local/lib/python3.12/dist-packages/torch/utils/_contextlib.py", line 124, in decorate_context
(Worker_PP1_TP5 pid=10487) (Worker_PP1_TP6 pid=10488) ERROR 08-05 07:59:50 [multiproc_executor.py:1018]     return func(*args, **kwargs)
ERROR 08-05 07:59:50 [multiproc_executor.py:1018]   File "/usr/local/lib/python3.12/dist-packages/vllm/distributed/kv_transfer/kv_connector/v1/offloading/worker.py", line 285, in handle_preemptions
ERROR 08-05 07:59:50 [multiproc_executor.py:1018]   File "/usr/local/lib/python3.12/dist-packages/vllm/_custom_ops.py", line 2922, in swap_blocks_batch
ERROR 08-05 07:59:50 [multiproc_executor.py:1018]               ^^^^^^^^^^^^^^^^^^^^^^^^^^^^^^^^^^^^^^^^^^^^^^^^^^^^
(Worker_PP1_TP4 pid=10486) (Worker_PP1_TP3 pid=10485) ERROR 08-05 07:59:50 [multiproc_executor.py:1018]   File "/usr/local/lib/python3.12/dist-packages/vllm/v1/kv_offload/cpu/gpu_worker.py", line 535, in submit_store
ERROR 08-05 07:59:50 [multiproc_executor.py:1018]               ^^^^^^^^^^^^^^^^^^^^^^^^^^^^^^^^^^^^^^^^^^^^^^^^^^^^
(Worker_PP1_TP1 pid=10483) (Worker_PP1_TP0 pid=10482) (Worker_PP1_TP7 pid=10489) (Worker_PP1_TP2 pid=10484) ERROR 08-05 07:59:50 [multiproc_executor.py:1018]            ^^^^^^^^^^^^^^^^^^^^^^^^^^^^^^^^^^^^^^^^^^^^^^^^^^^^^^^^^^^^^^
ERROR 08-05 07:59:50 [multiproc_executor.py:1018]     return func(*args, **kwargs)
(Worker_PP1_TP5 pid=10487) (Worker_PP1_TP6 pid=10488) ERROR 08-05 07:59:50 [multiproc_executor.py:1018]            ^^^^^^^^^^^^^^^^^^^^^
ERROR 08-05 07:59:50 [multiproc_executor.py:1018]     success = self.worker.submit_store(job_id, src_spec, dst_spec)
ERROR 08-05 07:59:50 [multiproc_executor.py:1018]     torch.ops._C_cache_ops.swap_blocks_batch(
ERROR 08-05 07:59:50 [multiproc_executor.py:1018]   File "/usr/local/lib/python3.12/dist-packages/vllm/v1/kv_offload/cpu/gpu_worker.py", line 535, in submit_store
(Worker_PP1_TP4 pid=10486) (Worker_PP1_TP3 pid=10485) ERROR 08-05 07:59:50 [multiproc_executor.py:1018]     return self._store_handler.transfer_async(job_id, src_spec, dst_spec)
ERROR 08-05 07:59:50 [multiproc_executor.py:1018]   File "/usr/local/lib/python3.12/dist-packages/vllm/v1/kv_offload/cpu/gpu_worker.py", line 535, in submit_store
(Worker_PP1_TP1 pid=10483) (Worker_PP1_TP0 pid=10482) (Worker_PP1_TP7 pid=10489) (Worker_PP1_TP2 pid=10484) ERROR 08-05 07:59:50 [multiproc_executor.py:1018]   File "/usr/local/lib/python3.12/dist-packages/vllm/v1/kv_offload/cpu/gpu_worker.py", line 394, in transfer_async
ERROR 08-05 07:59:50 [multiproc_executor.py:1018]            ^^^^^^^^^^^^^^^^^^^^^
(Worker_PP1_TP5 pid=10487) (Worker_PP1_TP6 pid=10488) ERROR 08-05 07:59:50 [multiproc_executor.py:1018]   File "/usr/local/lib/python3.12/dist-packages/vllm/v1/worker/gpu/model_runner.py", line 1352, in execute_model
ERROR 08-05 07:59:50 [multiproc_executor.py:1018]               ^^^^^^^^^^^^^^^^^^^^^^^^^^^^^^^^^^^^^^^^^^^^^^^^^^^^
ERROR 08-05 07:59:50 [multiproc_executor.py:1018]   File "/usr/local/lib/python3.12/dist-packages/torch/_ops.py", line 1279, in __call__
ERROR 08-05 07:59:50 [multiproc_executor.py:1018]     return self._store_handler.transfer_async(job_id, src_spec, dst_spec)
(Worker_PP1_TP4 pid=10486) (Worker_PP1_TP3 pid=10485) ERROR 08-05 07:59:50 [multiproc_executor.py:1018]            ^^^^^^^^^^^^^^^^^^^^^^^^^^^^^^^^^^^^^^^^^^^^^^^^^^^^^^^^^^^^^^
ERROR 08-05 07:59:50 [multiproc_executor.py:1018]     return self._store_handler.transfer_async(job_id, src_spec, dst_spec)
(Worker_PP1_TP1 pid=10483) (Worker_PP1_TP0 pid=10482) (Worker_PP1_TP7 pid=10489) (Worker_PP1_TP2 pid=10484) ERROR 08-05 07:59:50 [multiproc_executor.py:1018]     self._swap_blocks_batch(
ERROR 08-05 07:59:50 [multiproc_executor.py:1018]   File "/usr/local/lib/python3.12/dist-packages/vllm/v1/worker/gpu/model_runner.py", line 1352, in execute_model
(Worker_PP1_TP5 pid=10487) (Worker_PP1_TP6 pid=10488) ERROR 08-05 07:59:50 [multiproc_executor.py:1018]     self.kv_connector.pre_forward(scheduler_output)
ERROR 08-05 07:59:50 [multiproc_executor.py:1018]   File "/usr/local/lib/python3.12/dist-packages/vllm/v1/kv_offload/cpu/gpu_worker.py", line 535, in submit_store
ERROR 08-05 07:59:50 [multiproc_executor.py:1018]     return self._op(*args, **kwargs)
ERROR 08-05 07:59:50 [multiproc_executor.py:1018]            ^^^^^^^^^^^^^^^^^^^^^^^^^^^^^^^^^^^^^^^^^^^^^^^^^^^^^^^^^^^^^^
(Worker_PP1_TP4 pid=10486) (Worker_PP1_TP3 pid=10485) ERROR 08-05 07:59:50 [multiproc_executor.py:1018]   File "/usr/local/lib/python3.12/dist-packages/vllm/v1/kv_offload/cpu/gpu_worker.py", line 394, in transfer_async
ERROR 08-05 07:59:50 [multiproc_executor.py:1018]            ^^^^^^^^^^^^^^^^^^^^^^^^^^^^^^^^^^^^^^^^^^^^^^^^^^^^^^^^^^^^^^
(Worker_PP1_TP1 pid=10483) (Worker_PP1_TP0 pid=10482) (Worker_PP1_TP7 pid=10489) (Worker_PP1_TP2 pid=10484) ERROR 08-05 07:59:50 [multiproc_executor.py:1018]   File "/usr/local/lib/python3.12/dist-packages/vllm/_custom_ops.py", line 2922, in swap_blocks_batch
ERROR 08-05 07:59:50 [multiproc_executor.py:1018]     self.kv_connector.pre_forward(scheduler_output)
(Worker_PP1_TP5 pid=10487) (Worker_PP1_TP6 pid=10488) ERROR 08-05 07:59:50 [multiproc_executor.py:1018]   File "/usr/local/lib/python3.12/dist-packages/vllm/v1/worker/gpu/kv_connector.py", line 67, in pre_forward
ERROR 08-05 07:59:50 [multiproc_executor.py:1018]     return self._store_handler.transfer_async(job_id, src_spec, dst_spec)
ERROR 08-05 07:59:50 [multiproc_executor.py:1018]            ^^^^^^^^^^^^^^^^^^^^^^^^^
ERROR 08-05 07:59:50 [multiproc_executor.py:1018]   File "/usr/local/lib/python3.12/dist-packages/vllm/v1/kv_offload/cpu/gpu_worker.py", line 394, in transfer_async
(Worker_PP1_TP4 pid=10486) (Worker_PP1_TP3 pid=10485) ERROR 08-05 07:59:50 [multiproc_executor.py:1018]     self._swap_blocks_batch(
ERROR 08-05 07:59:50 [multiproc_executor.py:1018]   File "/usr/local/lib/python3.12/dist-packages/vllm/v1/kv_offload/cpu/gpu_worker.py", line 394, in transfer_async
(Worker_PP1_TP1 pid=10483) (Worker_PP1_TP0 pid=10482) (Worker_PP1_TP7 pid=10489) (Worker_PP1_TP2 pid=10484) ERROR 08-05 07:59:50 [multiproc_executor.py:1018]     torch.ops._C_cache_ops.swap_blocks_batch(
ERROR 08-05 07:59:50 [multiproc_executor.py:1018]   File "/usr/local/lib/python3.12/dist-packages/vllm/v1/worker/gpu/kv_connector.py", line 67, in pre_forward
(Worker_PP1_TP5 pid=10487) (Worker_PP1_TP6 pid=10488) ERROR 08-05 07:59:50 [multiproc_executor.py:1018]     self.kv_connector.handle_preemptions(kv_connector_metadata)
ERROR 08-05 07:59:50 [multiproc_executor.py:1018]            ^^^^^^^^^^^^^^^^^^^^^^^^^^^^^^^^^^^^^^^^^^^^^^^^^^^^^^^^^^^^^^
ERROR 08-05 07:59:50 [multiproc_executor.py:1018] RuntimeError: swap_blocks_batch, /workspace/csrc/libtorch_stable/cache_kernels.cu:150, cuMemcpyBatchAsync failed at index 11 with error 1
ERROR 08-05 07:59:50 [multiproc_executor.py:1018]     self._swap_blocks_batch(
(Worker_PP1_TP4 pid=10486) (Worker_PP1_TP3 pid=10485) ERROR 08-05 07:59:50 [multiproc_executor.py:1018]   File "/usr/local/lib/python3.12/dist-packages/vllm/_custom_ops.py", line 2922, in swap_blocks_batch
ERROR 08-05 07:59:50 [multiproc_executor.py:1018]     self._swap_blocks_batch(
(Worker_PP1_TP1 pid=10483) (Worker_PP1_TP0 pid=10482) (Worker_PP1_TP7 pid=10489) (Worker_PP1_TP2 pid=10484) ERROR 08-05 07:59:50 [multiproc_executor.py:1018]   File "/usr/local/lib/python3.12/dist-packages/torch/_ops.py", line 1279, in __call__
ERROR 08-05 07:59:50 [multiproc_executor.py:1018]     self.kv_connector.handle_preemptions(kv_connector_metadata)
(Worker_PP1_TP5 pid=10487) (Worker_PP1_TP6 pid=10488) ERROR 08-05 07:59:50 [multiproc_executor.py:1018]   File "/usr/local/lib/python3.12/dist-packages/vllm/distributed/kv_transfer/kv_connector/v1/offloading_connector.py", line 93, in handle_preemptions
ERROR 08-05 07:59:50 [multiproc_executor.py:1018]   File "/usr/local/lib/python3.12/dist-packages/vllm/v1/kv_offload/cpu/gpu_worker.py", line 394, in transfer_async
ERROR 08-05 07:59:50 [multiproc_executor.py:1018] 
ERROR 08-05 07:59:50 [multiproc_executor.py:1018]   File "/usr/local/lib/python3.12/dist-packages/vllm/_custom_ops.py", line 2922, in swap_blocks_batch
(Worker_PP1_TP4 pid=10486) (Worker_PP1_TP3 pid=10485) ERROR 08-05 07:59:50 [multiproc_executor.py:1018]     torch.ops._C_cache_ops.swap_blocks_batch(
ERROR 08-05 07:59:50 [multiproc_executor.py:1018]   File "/usr/local/lib/python3.12/dist-packages/vllm/_custom_ops.py", line 2922, in swap_blocks_batch
(Worker_PP1_TP1 pid=10483) (Worker_PP1_TP0 pid=10482) (Worker_PP1_TP2 pid=10484) ERROR 08-05 07:59:50 [multiproc_executor.py:1018]     return self._op(*args, **kwargs)
ERROR 08-05 07:59:50 [multiproc_executor.py:1018]   File "/usr/local/lib/python3.12/dist-packages/vllm/distributed/kv_transfer/kv_connector/v1/offloading_connector.py", line 93, in handle_preemptions
(Worker_PP1_TP5 pid=10487) (Worker_PP1_TP6 pid=10488) ERROR 08-05 07:59:50 [multiproc_executor.py:1018]     self.connector_worker.handle_preemptions(kv_connector_metadata)
ERROR 08-05 07:59:50 [multiproc_executor.py:1018]     self._swap_blocks_batch(
ERROR 08-05 07:59:50 [multiproc_executor.py:1018]     torch.ops._C_cache_ops.swap_blocks_batch(
(Worker_PP1_TP4 pid=10486) (Worker_PP1_TP3 pid=10485) ERROR 08-05 07:59:50 [multiproc_executor.py:1018]   File "/usr/local/lib/python3.12/dist-packages/torch/_ops.py", line 1279, in __call__
ERROR 08-05 07:59:50 [multiproc_executor.py:1018]     torch.ops._C_cache_ops.swap_blocks_batch(
(Worker_PP1_TP1 pid=10483) (Worker_PP1_TP0 pid=10482) (Worker_PP1_TP2 pid=10484) ERROR 08-05 07:59:50 [multiproc_executor.py:1018]            ^^^^^^^^^^^^^^^^^^^^^^^^^
ERROR 08-05 07:59:50 [multiproc_executor.py:1018]     self.connector_worker.handle_preemptions(kv_connector_metadata)
(Worker_PP1_TP5 pid=10487) (Worker_PP1_TP6 pid=10488) ERROR 08-05 07:59:50 [multiproc_executor.py:1018]   File "/usr/local/lib/python3.12/dist-packages/vllm/distributed/kv_transfer/kv_connector/v1/offloading/worker.py", line 285, in handle_preemptions
ERROR 08-05 07:59:50 [multiproc_executor.py:1018]   File "/usr/local/lib/python3.12/dist-packages/vllm/_custom_ops.py", line 2922, in swap_blocks_batch
ERROR 08-05 07:59:50 [multiproc_executor.py:1018]   File "/usr/local/lib/python3.12/dist-packages/torch/_ops.py", line 1279, in __call__
(Worker_PP1_TP4 pid=10486) (Worker_PP1_TP3 pid=10485) ERROR 08-05 07:59:50 [multiproc_executor.py:1018]     return self._op(*args, **kwargs)
ERROR 08-05 07:59:50 [multiproc_executor.py:1018]   File "/usr/local/lib/python3.12/dist-packages/torch/_ops.py", line 1279, in __call__
(Worker_PP1_TP1 pid=10483) (Worker_PP1_TP0 pid=10482) (Worker_PP1_TP2 pid=10484) ERROR 08-05 07:59:50 [multiproc_executor.py:1018] RuntimeError: swap_blocks_batch, /workspace/csrc/libtorch_stable/cache_kernels.cu:150, cuMemcpyBatchAsync failed at index 11 with error 1
ERROR 08-05 07:59:50 [multiproc_executor.py:1018]   File "/usr/local/lib/python3.12/dist-packages/vllm/distributed/kv_transfer/kv_connector/v1/offloading/worker.py", line 285, in handle_preemptions
(Worker_PP1_TP5 pid=10487) (Worker_PP1_TP6 pid=10488) ERROR 08-05 07:59:50 [multiproc_executor.py:1018]     success = self.worker.submit_store(job_id, src_spec, dst_spec)
ERROR 08-05 07:59:50 [multiproc_executor.py:1018]     torch.ops._C_cache_ops.swap_blocks_batch(
ERROR 08-05 07:59:50 [multiproc_executor.py:1018]     return self._op(*args, **kwargs)
(Worker_PP1_TP4 pid=10486) (Worker_PP1_TP3 pid=10485) ERROR 08-05 07:59:50 [multiproc_executor.py:1018]            ^^^^^^^^^^^^^^^^^^^^^^^^^
ERROR 08-05 07:59:50 [multiproc_executor.py:1018]     return self._op(*args, **kwargs)
(Worker_PP1_TP1 pid=10483) (Worker_PP1_TP0 pid=10482) (Worker_PP1_TP2 pid=10484) ERROR 08-05 07:59:50 [multiproc_executor.py:1018] 
ERROR 08-05 07:59:50 [multiproc_executor.py:1018]     success = self.worker.submit_store(job_id, src_spec, dst_spec)
(Worker_PP1_TP5 pid=10487) (Worker_PP1_TP6 pid=10488) ERROR 08-05 07:59:50 [multiproc_executor.py:1018]               ^^^^^^^^^^^^^^^^^^^^^^^^^^^^^^^^^^^^^^^^^^^^^^^^^^^^
ERROR 08-05 07:59:50 [multiproc_executor.py:1018]   File "/usr/local/lib/python3.12/dist-packages/torch/_ops.py", line 1279, in __call__
ERROR 08-05 07:59:50 [multiproc_executor.py:1018]            ^^^^^^^^^^^^^^^^^^^^^^^^^
(Worker_PP1_TP3 pid=10485) ERROR 08-05 07:59:50 [multiproc_executor.py:1018] RuntimeError: swap_blocks_batch, /workspace/csrc/libtorch_stable/cache_kernels.cu:150, cuMemcpyBatchAsync failed at index 11 with error 1
ERROR 08-05 07:59:50 [multiproc_executor.py:1018]            ^^^^^^^^^^^^^^^^^^^^^^^^^
(Worker_PP1_TP1 pid=10483) (Worker_PP1_TP0 pid=10482) (Worker_PP1_TP2 pid=10484) ERROR 08-05 07:59:50 [multiproc_executor.py:1018]               ^^^^^^^^^^^^^^^^^^^^^^^^^^^^^^^^^^^^^^^^^^^^^^^^^^^^
(Worker_PP1_TP5 pid=10487) (Worker_PP1_TP6 pid=10488) ERROR 08-05 07:59:50 [multiproc_executor.py:1018]   File "/usr/local/lib/python3.12/dist-packages/vllm/v1/kv_offload/cpu/gpu_worker.py", line 535, in submit_store
ERROR 08-05 07:59:50 [multiproc_executor.py:1018]     return self._op(*args, **kwargs)
ERROR 08-05 07:59:50 [multiproc_executor.py:1018] RuntimeError: swap_blocks_batch, /workspace/csrc/libtorch_stable/cache_kernels.cu:150, cuMemcpyBatchAsync failed at index 11 with error 1
(Worker_PP1_TP3 pid=10485) ERROR 08-05 07:59:50 [multiproc_executor.py:1018] 
ERROR 08-05 07:59:50 [multiproc_executor.py:1018] RuntimeError: swap_blocks_batch, /workspace/csrc/libtorch_stable/cache_kernels.cu:150, cuMemcpyBatchAsync failed at index 11 with error 1
(Worker_PP1_TP1 pid=10483) (Worker_PP1_TP0 pid=10482) (Worker_PP1_TP2 pid=10484) ERROR 08-05 07:59:50 [multiproc_executor.py:1018]   File "/usr/local/lib/python3.12/dist-packages/vllm/v1/kv_offload/cpu/gpu_worker.py", line 535, in submit_store
(Worker_PP1_TP6 pid=10488) ERROR 08-05 07:59:50 [multiproc_executor.py:1018]     return self._store_handler.transfer_async(job_id, src_spec, dst_spec)
ERROR 08-05 07:59:50 [multiproc_executor.py:1018]            ^^^^^^^^^^^^^^^^^^^^^^^^^
ERROR 08-05 07:59:50 [multiproc_executor.py:1018] 
(Worker_PP1_TP3 pid=10485) ERROR 08-05 07:59:50 [multiproc_executor.py:1018] 
(Worker_PP1_TP1 pid=10483) (Worker_PP1_TP0 pid=10482) ERROR 08-05 07:59:50 [multiproc_executor.py:1018]     return self._store_handler.transfer_async(job_id, src_spec, dst_spec)
ERROR 08-05 07:59:50 [multiproc_executor.py:1018]            ^^^^^^^^^^^^^^^^^^^^^^^^^^^^^^^^^^^^^^^^^^^^^^^^^^^^^^^^^^^^^^
ERROR 08-05 07:59:50 [multiproc_executor.py:1018] RuntimeError: swap_blocks_batch, /workspace/csrc/libtorch_stable/cache_kernels.cu:150, cuMemcpyBatchAsync failed at index 11 with error 1
(Worker_PP1_TP3 pid=10485) (Worker_PP1_TP1 pid=10483) (Worker_PP1_TP0 pid=10482) ERROR 08-05 07:59:50 [multiproc_executor.py:1018]            ^^^^^^^^^^^^^^^^^^^^^^^^^^^^^^^^^^^^^^^^^^^^^^^^^^^^^^^^^^^^^^
ERROR 08-05 07:59:50 [multiproc_executor.py:1018]   File "/usr/local/lib/python3.12/dist-packages/vllm/v1/kv_offload/cpu/gpu_worker.py", line 394, in transfer_async
ERROR 08-05 07:59:50 [multiproc_executor.py:1018] 
(Worker_PP1_TP3 pid=10485) (Worker_PP1_TP1 pid=10483) ERROR 08-05 07:59:50 [multiproc_executor.py:1018]   File "/usr/local/lib/python3.12/dist-packages/vllm/v1/kv_offload/cpu/gpu_worker.py", line 394, in transfer_async
ERROR 08-05 07:59:50 [multiproc_executor.py:1018]     self._swap_blocks_batch(
(Worker_PP1_TP3 pid=10485) (Worker_PP1_TP1 pid=10483) ERROR 08-05 07:59:50 [multiproc_executor.py:1018]     self._swap_blocks_batch(
ERROR 08-05 07:59:50 [multiproc_executor.py:1018]   File "/usr/local/lib/python3.12/dist-packages/vllm/_custom_ops.py", line 2922, in swap_blocks_batch
(Worker_PP1_TP3 pid=10485) (Worker_PP1_TP1 pid=10483) ERROR 08-05 07:59:50 [multiproc_executor.py:1018]   File "/usr/local/lib/python3.12/dist-packages/vllm/_custom_ops.py", line 2922, in swap_blocks_batch
ERROR 08-05 07:59:50 [multiproc_executor.py:1018]     torch.ops._C_cache_ops.swap_blocks_batch(
(Worker_PP1_TP3 pid=10485) (Worker_PP1_TP1 pid=10483) ERROR 08-05 07:59:50 [multiproc_executor.py:1018]     torch.ops._C_cache_ops.swap_blocks_batch(
ERROR 08-05 07:59:50 [multiproc_executor.py:1018]   File "/usr/local/lib/python3.12/dist-packages/torch/_ops.py", line 1279, in __call__
(Worker_PP1_TP3 pid=10485) (Worker_PP1_TP1 pid=10483) ERROR 08-05 07:59:50 [multiproc_executor.py:1018]   File "/usr/local/lib/python3.12/dist-packages/torch/_ops.py", line 1279, in __call__
ERROR 08-05 07:59:50 [multiproc_executor.py:1018]     return self._op(*args, **kwargs)
(Worker_PP1_TP3 pid=10485) (Worker_PP1_TP1 pid=10483) ERROR 08-05 07:59:50 [multiproc_executor.py:1018]     return self._op(*args, **kwargs)
ERROR 08-05 07:59:50 [multiproc_executor.py:1018]            ^^^^^^^^^^^^^^^^^^^^^^^^^
(Worker_PP1_TP3 pid=10485) (Worker_PP1_TP1 pid=10483) ERROR 08-05 07:59:50 [multiproc_executor.py:1018]            ^^^^^^^^^^^^^^^^^^^^^^^^^
ERROR 08-05 07:59:50 [multiproc_executor.py:1018] RuntimeError: swap_blocks_batch, /workspace/csrc/libtorch_stable/cache_kernels.cu:150, cuMemcpyBatchAsync failed at index 11 with error 1
(Worker_PP1_TP3 pid=10485) (Worker_PP1_TP1 pid=10483) ERROR 08-05 07:59:50 [multiproc_executor.py:1018] RuntimeError: swap_blocks_batch, /workspace/csrc/libtorch_stable/cache_kernels.cu:150, cuMemcpyBatchAsync failed at index 11 with error 1
ERROR 08-05 07:59:50 [multiproc_executor.py:1018] 
(Worker_PP1_TP3 pid=10485) ERROR 08-05 07:59:50 [multiproc_executor.py:1018] 
[rank13]:[E805 08:09:50.892035953 ProcessGroupNCCL.cpp:730] [Rank 1] Watchdog caught collective operation timeout: WorkNCCL(SeqNum=15149, OpType=RECV, NumelIn=3584, NumelOut=3584, Timeout(ms)=600000) ran for 600001 milliseconds before timing out.
[rank13]:[E805 08:09:50.892155074 ProcessGroupNCCL.cpp:2372] [PG ID 5 PG GUID 81 Rank 1]  failure detected by watchdog at work sequence id: 15149 PG status: last enqueued work: 15150, last started work: -1 (), last completed work: 15148
[rank13]:[E805 08:09:50.892525305 ProcessGroupNCCL.cpp:774] Stack trace of the failed collective: 
#0 irecv from /usr/local/lib/python3.12/dist-packages/torch/distributed/distributed_c10d.py:2709
#1 irecv_tensor_dict from /usr/local/lib/python3.12/dist-packages/vllm/distributed/parallel_state.py:1146
#2 execute_model from /usr/local/lib/python3.12/dist-packages/vllm/v1/worker/gpu_worker.py:1052
#3 decorate_context from /usr/local/lib/python3.12/dist-packages/torch/utils/_contextlib.py:124
#4 execute_model from /usr/local/lib/python3.12/dist-packages/vllm/v1/worker/worker_base.py:351
#5 worker_busy_loop from /usr/local/lib/python3.12/dist-packages/vllm/v1/executor/multiproc_executor.py:1010
#6 worker_main from /usr/local/lib/python3.12/dist-packages/vllm/v1/executor/multiproc_executor.py:903
#7 run from /usr/lib/python3.12/multiprocessing/process.py:108
#8 _bootstrap from /usr/lib/python3.12/multiprocessing/process.py:314
#9 _main from /usr/lib/python3.12/multiprocessing/spawn.py:135
#10 spawn_main from /usr/lib/python3.12/multiprocessing/spawn.py:122
#11 <module> from <string>:1

[rank13]:[E805 08:09:50.892554039 ProcessGroupNCCL.cpp:2714] [PG ID 5 PG GUID 81 Rank 1] First PG on this rank to signal dumping.
[rank15]:[E805 08:09:50.903051960 ProcessGroupNCCL.cpp:730] [Rank 1] Watchdog caught collective operation timeout: WorkNCCL(SeqNum=15149, OpType=RECV, NumelIn=3584, NumelOut=3584, Timeout(ms)=600000) ran for 600012 milliseconds before timing out.
[rank15]:[E805 08:09:50.903161609 ProcessGroupNCCL.cpp:2372] [PG ID 5 PG GUID 85 Rank 1]  failure detected by watchdog at work sequence id: 15149 PG status: last enqueued work: 15150, last started work: -1 (), last completed work: 15148
[rank15]:[E805 08:09:50.903536337 ProcessGroupNCCL.cpp:774] Stack trace of the failed collective: 
#0 irecv from /usr/local/lib/python3.12/dist-packages/torch/distributed/distributed_c10d.py:2709
#1 irecv_tensor_dict from /usr/local/lib/python3.12/dist-packages/vllm/distributed/parallel_state.py:1146
#2 execute_model from /usr/local/lib/python3.12/dist-packages/vllm/v1/worker/gpu_worker.py:1052
#3 decorate_context from /usr/local/lib/python3.12/dist-packages/torch/utils/_contextlib.py:124
#4 execute_model from /usr/local/lib/python3.12/dist-packages/vllm/v1/worker/worker_base.py:351
#5 worker_busy_loop from /usr/local/lib/python3.12/dist-packages/vllm/v1/executor/multiproc_executor.py:1010
#6 worker_main from /usr/local/lib/python3.12/dist-packages/vllm/v1/executor/multiproc_executor.py:903
#7 run from /usr/lib/python3.12/multiprocessing/process.py:108
#8 _bootstrap from /usr/lib/python3.12/multiprocessing/process.py:314
#9 _main from /usr/lib/python3.12/multiprocessing/spawn.py:135
#10 spawn_main from /usr/lib/python3.12/multiprocessing/spawn.py:122
#11 <module> from <string>:1

[rank15]:[E805 08:09:50.903568576 ProcessGroupNCCL.cpp:2714] [PG ID 5 PG GUID 85 Rank 1] First PG on this rank to signal dumping.
[rank14]:[E805 08:09:50.906025431 ProcessGroupNCCL.cpp:730] [Rank 1] Watchdog caught collective operation timeout: WorkNCCL(SeqNum=15149, OpType=RECV, NumelIn=3584, NumelOut=3584, Timeout(ms)=600000) ran for 600015 milliseconds before timing out.
[rank14]:[E805 08:09:50.906117116 ProcessGroupNCCL.cpp:2372] [PG ID 5 PG GUID 83 Rank 1]  failure detected by watchdog at work sequence id: 15149 PG status: last enqueued work: 15150, last started work: -1 (), last completed work: 15148
[rank14]:[E805 08:09:50.906524718 ProcessGroupNCCL.cpp:774] Stack trace of the failed collective: 
#0 irecv from /usr/local/lib/python3.12/dist-packages/torch/distributed/distributed_c10d.py:2709
#1 irecv_tensor_dict from /usr/local/lib/python3.12/dist-packages/vllm/distributed/parallel_state.py:1146
#2 execute_model from /usr/local/lib/python3.12/dist-packages/vllm/v1/worker/gpu_worker.py:1052
#3 decorate_context from /usr/local/lib/python3.12/dist-packages/torch/utils/_contextlib.py:124
#4 execute_model from /usr/local/lib/python3.12/dist-packages/vllm/v1/worker/worker_base.py:351
#5 worker_busy_loop from /usr/local/lib/python3.12/dist-packages/vllm/v1/executor/multiproc_executor.py:1010
#6 worker_main from /usr/local/lib/python3.12/dist-packages/vllm/v1/executor/multiproc_executor.py:903
#7 run from /usr/lib/python3.12/multiprocessing/process.py:108
#8 _bootstrap from /usr/lib/python3.12/multiprocessing/process.py:314
#9 _main from /usr/lib/python3.12/multiprocessing/spawn.py:135
#10 spawn_main from /usr/lib/python3.12/multiprocessing/spawn.py:122
#11 <module> from <string>:1

[rank14]:[E805 08:09:50.906559992 ProcessGroupNCCL.cpp:2714] [PG ID 5 PG GUID 83 Rank 1] First PG on this rank to signal dumping.
[rank12]:[E805 08:09:50.910575863 ProcessGroupNCCL.cpp:730] [Rank 1] Watchdog caught collective operation timeout: WorkNCCL(SeqNum=15149, OpType=RECV, NumelIn=3584, NumelOut=3584, Timeout(ms)=600000) ran for 600020 milliseconds before timing out.
[rank12]:[E805 08:09:50.910657120 ProcessGroupNCCL.cpp:2372] [PG ID 5 PG GUID 79 Rank 1]  failure detected by watchdog at work sequence id: 15149 PG status: last enqueued work: 15150, last started work: -1 (), last completed work: 15148
[rank12]:[E805 08:09:50.911035038 ProcessGroupNCCL.cpp:774] Stack trace of the failed collective: 
#0 irecv from /usr/local/lib/python3.12/dist-packages/torch/distributed/distributed_c10d.py:2709
#1 irecv_tensor_dict from /usr/local/lib/python3.12/dist-packages/vllm/distributed/parallel_state.py:1146
#2 execute_model from /usr/local/lib/python3.12/dist-packages/vllm/v1/worker/gpu_worker.py:1052
#3 decorate_context from /usr/local/lib/python3.12/dist-packages/torch/utils/_contextlib.py:124
#4 execute_model from /usr/local/lib/python3.12/dist-packages/vllm/v1/worker/worker_base.py:351
#5 worker_busy_loop from /usr/local/lib/python3.12/dist-packages/vllm/v1/executor/multiproc_executor.py:1010
#6 worker_main from /usr/local/lib/python3.12/dist-packages/vllm/v1/executor/multiproc_executor.py:903
#7 run from /usr/lib/python3.12/multiprocessing/process.py:108
#8 _bootstrap from /usr/lib/python3.12/multiprocessing/process.py:314
#9 _main from /usr/lib/python3.12/multiprocessing/spawn.py:135
#10 spawn_main from /usr/lib/python3.12/multiprocessing/spawn.py:122
#11 <module> from <string>:1

[rank12]:[E805 08:09:50.911083717 ProcessGroupNCCL.cpp:2714] [PG ID 5 PG GUID 79 Rank 1] First PG on this rank to signal dumping.
[rank11]:[E805 08:09:50.914170521 ProcessGroupNCCL.cpp:730] [Rank 1] Watchdog caught collective operation timeout: WorkNCCL(SeqNum=15149, OpType=RECV, NumelIn=3584, NumelOut=3584, Timeout(ms)=600000) ran for 600023 milliseconds before timing out.
[rank11]:[E805 08:09:50.914295138 ProcessGroupNCCL.cpp:2372] [PG ID 5 PG GUID 77 Rank 1]  failure detected by watchdog at work sequence id: 15149 PG status: last enqueued work: 15150, last started work: -1 (), last completed work: 15148
[rank11]:[E805 08:09:50.914718231 ProcessGroupNCCL.cpp:774] Stack trace of the failed collective: 
#0 irecv from /usr/local/lib/python3.12/dist-packages/torch/distributed/distributed_c10d.py:2709
#1 irecv_tensor_dict from /usr/local/lib/python3.12/dist-packages/vllm/distributed/parallel_state.py:1146
#2 execute_model from /usr/local/lib/python3.12/dist-packages/vllm/v1/worker/gpu_worker.py:1052
#3 decorate_context from /usr/local/lib/python3.12/dist-packages/torch/utils/_contextlib.py:124
#4 execute_model from /usr/local/lib/python3.12/dist-packages/vllm/v1/worker/worker_base.py:351
#5 worker_busy_loop from /usr/local/lib/python3.12/dist-packages/vllm/v1/executor/multiproc_executor.py:1010
#6 worker_main from /usr/local/lib/python3.12/dist-packages/vllm/v1/executor/multiproc_executor.py:903
#7 run from /usr/lib/python3.12/multiprocessing/process.py:108
#8 _bootstrap from /usr/lib/python3.12/multiprocessing/process.py:314
#9 _main from /usr/lib/python3.12/multiprocessing/spawn.py:135
#10 spawn_main from /usr/lib/python3.12/multiprocessing/spawn.py:122
#11 <module> from <string>:1

[rank11]:[E805 08:09:50.914765874 ProcessGroupNCCL.cpp:2714] [PG ID 5 PG GUID 77 Rank 1] First PG on this rank to signal dumping.
[rank8]:[E805 08:09:50.971606683 ProcessGroupNCCL.cpp:1899] [PG ID 0 PG GUID 0 Rank 8] Observed flight recorder dump signal from another rank via TCPStore.
[rank8]:[E805 08:09:50.971830969 ProcessGroupNCCL.cpp:1964] [PG ID 0 PG GUID 0 Rank 8] Received a dump signal due to a collective timeout from  rank 0 and we will try our best to dump the debug info. Last enqueued NCCL work: -1, last completed NCCL work: -1.This is most likely caused by incorrect usages of collectives, e.g., wrong sizes used across ranks, the order of collectives is not same for all ranks or the scheduled collective, for some reason, didn't run. Additionally, this can be caused by GIL deadlock or other reasons such as network errors or bugs in the communications library (e.g. NCCL), etc. 
[rank8]:[E805 08:09:50.972092290 ProcessGroupNCCL.cpp:1677] [PG ID 0 PG GUID 0 Rank 8] ProcessGroupNCCL preparing to dump debug info. Include stack trace: 1, only active collectives: 0
[rank10]:[E805 08:09:50.975714596 ProcessGroupNCCL.cpp:730] [Rank 1] Watchdog caught collective operation timeout: WorkNCCL(SeqNum=15149, OpType=RECV, NumelIn=3584, NumelOut=3584, Timeout(ms)=600000) ran for 600085 milliseconds before timing out.
[rank10]:[E805 08:09:50.975817882 ProcessGroupNCCL.cpp:2372] [PG ID 5 PG GUID 75 Rank 1]  failure detected by watchdog at work sequence id: 15149 PG status: last enqueued work: 15150, last started work: -1 (), last completed work: 15148
[rank10]:[E805 08:09:50.976240376 ProcessGroupNCCL.cpp:774] Stack trace of the failed collective: 
#0 irecv from /usr/local/lib/python3.12/dist-packages/torch/distributed/distributed_c10d.py:2709
#1 irecv_tensor_dict from /usr/local/lib/python3.12/dist-packages/vllm/distributed/parallel_state.py:1146
#2 execute_model from /usr/local/lib/python3.12/dist-packages/vllm/v1/worker/gpu_worker.py:1052
#3 decorate_context from /usr/local/lib/python3.12/dist-packages/torch/utils/_contextlib.py:124
#4 execute_model from /usr/local/lib/python3.12/dist-packages/vllm/v1/worker/worker_base.py:351
#5 worker_busy_loop from /usr/local/lib/python3.12/dist-packages/vllm/v1/executor/multiproc_executor.py:1010
#6 worker_main from /usr/local/lib/python3.12/dist-packages/vllm/v1/executor/multiproc_executor.py:903
#7 run from /usr/lib/python3.12/multiprocessing/process.py:108
#8 _bootstrap from /usr/lib/python3.12/multiprocessing/process.py:314
#9 _main from /usr/lib/python3.12/multiprocessing/spawn.py:135
#10 spawn_main from /usr/lib/python3.12/multiprocessing/spawn.py:122
#11 <module> from <string>:1

[rank10]:[E805 08:09:50.976284747 ProcessGroupNCCL.cpp:2714] [PG ID 5 PG GUID 75 Rank 1] First PG on this rank to signal dumping.
[rank9]:[E805 08:09:50.977235888 ProcessGroupNCCL.cpp:730] [Rank 1] Watchdog caught collective operation timeout: WorkNCCL(SeqNum=15149, OpType=RECV, NumelIn=3584, NumelOut=3584, Timeout(ms)=600000) ran for 600086 milliseconds before timing out.
[rank9]:[E805 08:09:50.977329467 ProcessGroupNCCL.cpp:2372] [PG ID 5 PG GUID 73 Rank 1]  failure detected by watchdog at work sequence id: 15149 PG status: last enqueued work: 15150, last started work: -1 (), last completed work: 15148
[rank9]:[E805 08:09:50.977785357 ProcessGroupNCCL.cpp:774] Stack trace of the failed collective: 
#0 irecv from /usr/local/lib/python3.12/dist-packages/torch/distributed/distributed_c10d.py:2709
#1 irecv_tensor_dict from /usr/local/lib/python3.12/dist-packages/vllm/distributed/parallel_state.py:1146
#2 execute_model from /usr/local/lib/python3.12/dist-packages/vllm/v1/worker/gpu_worker.py:1052
#3 decorate_context from /usr/local/lib/python3.12/dist-packages/torch/utils/_contextlib.py:124
#4 execute_model from /usr/local/lib/python3.12/dist-packages/vllm/v1/worker/worker_base.py:351
#5 worker_busy_loop from /usr/local/lib/python3.12/dist-packages/vllm/v1/executor/multiproc_executor.py:1010
#6 worker_main from /usr/local/lib/python3.12/dist-packages/vllm/v1/executor/multiproc_executor.py:903
#7 run from /usr/lib/python3.12/multiprocessing/process.py:108
#8 _bootstrap from /usr/lib/python3.12/multiprocessing/process.py:314
#9 _main from /usr/lib/python3.12/multiprocessing/spawn.py:135
#10 spawn_main from /usr/lib/python3.12/multiprocessing/spawn.py:122
#11 <module> from <string>:1

[rank9]:[E805 08:09:50.977825612 ProcessGroupNCCL.cpp:2714] [PG ID 5 PG GUID 73 Rank 1] First PG on this rank to signal dumping.
[rank8]:[E805 08:09:50.984757344 ProcessGroupNCCL.cpp:730] [Rank 1] Watchdog caught collective operation timeout: WorkNCCL(SeqNum=15149, OpType=RECV, NumelIn=3584, NumelOut=3584, Timeout(ms)=600000) ran for 600094 milliseconds before timing out.
[rank8]:[E805 08:09:50.984814088 ProcessGroupNCCL.cpp:2372] [PG ID 5 PG GUID 71 Rank 1]  failure detected by watchdog at work sequence id: 15149 PG status: last enqueued work: 15150, last started work: -1 (), last completed work: 15148
[rank8]:[E805 08:09:50.984985426 ProcessGroupNCCL.cpp:774] Stack trace of the failed collective: 
#0 irecv from /usr/local/lib/python3.12/dist-packages/torch/distributed/distributed_c10d.py:2709
#1 irecv_tensor_dict from /usr/local/lib/python3.12/dist-packages/vllm/distributed/parallel_state.py:1146
#2 execute_model from /usr/local/lib/python3.12/dist-packages/vllm/v1/worker/gpu_worker.py:1052
#3 decorate_context from /usr/local/lib/python3.12/dist-packages/torch/utils/_contextlib.py:124
#4 execute_model from /usr/local/lib/python3.12/dist-packages/vllm/v1/worker/worker_base.py:351
#5 worker_busy_loop from /usr/local/lib/python3.12/dist-packages/vllm/v1/executor/multiproc_executor.py:1010
#6 worker_main from /usr/local/lib/python3.12/dist-packages/vllm/v1/executor/multiproc_executor.py:903
#7 run from /usr/lib/python3.12/multiprocessing/process.py:108
#8 _bootstrap from /usr/lib/python3.12/multiprocessing/process.py:314
#9 _main from /usr/lib/python3.12/multiprocessing/spawn.py:135
#10 spawn_main from /usr/lib/python3.12/multiprocessing/spawn.py:122
#11 <module> from <string>:1

[rank15]:[E805 08:09:51.790069886 ProcessGroupNCCL.cpp:1964] [PG ID 0 PG GUID 0 Rank 15] Received a dump signal due to a collective timeout from this local rank and we will try our best to dump the debug info. Last enqueued NCCL work: -1, last completed NCCL work: -1.This is most likely caused by incorrect usages of collectives, e.g., wrong sizes used across ranks, the order of collectives is not same for all ranks or the scheduled collective, for some reason, didn't run. Additionally, this can be caused by GIL deadlock or other reasons such as network errors or bugs in the communications library (e.g. NCCL), etc. 
[rank15]:[E805 08:09:51.790210786 ProcessGroupNCCL.cpp:1677] [PG ID 0 PG GUID 0 Rank 15] ProcessGroupNCCL preparing to dump debug info. Include stack trace: 1, only active collectives: 0
[rank13]:[E805 08:09:51.792240734 ProcessGroupNCCL.cpp:1964] [PG ID 0 PG GUID 0 Rank 13] Received a dump signal due to a collective timeout from this local rank and we will try our best to dump the debug info. Last enqueued NCCL work: -1, last completed NCCL work: -1.This is most likely caused by incorrect usages of collectives, e.g., wrong sizes used across ranks, the order of collectives is not same for all ranks or the scheduled collective, for some reason, didn't run. Additionally, this can be caused by GIL deadlock or other reasons such as network errors or bugs in the communications library (e.g. NCCL), etc. 
[rank13]:[E805 08:09:51.792374708 ProcessGroupNCCL.cpp:1677] [PG ID 0 PG GUID 0 Rank 13] ProcessGroupNCCL preparing to dump debug info. Include stack trace: 1, only active collectives: 0
[rank9]:[E805 08:09:51.792613812 ProcessGroupNCCL.cpp:1964] [PG ID 0 PG GUID 0 Rank 9] Received a dump signal due to a collective timeout from this local rank and we will try our best to dump the debug info. Last enqueued NCCL work: -1, last completed NCCL work: -1.This is most likely caused by incorrect usages of collectives, e.g., wrong sizes used across ranks, the order of collectives is not same for all ranks or the scheduled collective, for some reason, didn't run. Additionally, this can be caused by GIL deadlock or other reasons such as network errors or bugs in the communications library (e.g. NCCL), etc. 
[rank9]:[E805 08:09:51.792745496 ProcessGroupNCCL.cpp:1677] [PG ID 0 PG GUID 0 Rank 9] ProcessGroupNCCL preparing to dump debug info. Include stack trace: 1, only active collectives: 0
[rank14]:[E805 08:09:51.792836264 ProcessGroupNCCL.cpp:1964] [PG ID 0 PG GUID 0 Rank 14] Received a dump signal due to a collective timeout from this local rank and we will try our best to dump the debug info. Last enqueued NCCL work: -1, last completed NCCL work: -1.This is most likely caused by incorrect usages of collectives, e.g., wrong sizes used across ranks, the order of collectives is not same for all ranks or the scheduled collective, for some reason, didn't run. Additionally, this can be caused by GIL deadlock or other reasons such as network errors or bugs in the communications library (e.g. NCCL), etc. 
[rank12]:[E805 08:09:51.792949018 ProcessGroupNCCL.cpp:1964] [PG ID 0 PG GUID 0 Rank 12] Received a dump signal due to a collective timeout from this local rank and we will try our best to dump the debug info. Last enqueued NCCL work: -1, last completed NCCL work: -1.This is most likely caused by incorrect usages of collectives, e.g., wrong sizes used across ranks, the order of collectives is not same for all ranks or the scheduled collective, for some reason, didn't run. Additionally, this can be caused by GIL deadlock or other reasons such as network errors or bugs in the communications library (e.g. NCCL), etc. 
[rank14]:[E805 08:09:51.792962272 ProcessGroupNCCL.cpp:1677] [PG ID 0 PG GUID 0 Rank 14] ProcessGroupNCCL preparing to dump debug info. Include stack trace: 1, only active collectives: 0
[rank12]:[E805 08:09:51.793083175 ProcessGroupNCCL.cpp:1677] [PG ID 0 PG GUID 0 Rank 12] ProcessGroupNCCL preparing to dump debug info. Include stack trace: 1, only active collectives: 0
[rank11]:[E805 08:09:51.794518705 ProcessGroupNCCL.cpp:1964] [PG ID 0 PG GUID 0 Rank 11] Received a dump signal due to a collective timeout from this local rank and we will try our best to dump the debug info. Last enqueued NCCL work: -1, last completed NCCL work: -1.This is most likely caused by incorrect usages of collectives, e.g., wrong sizes used across ranks, the order of collectives is not same for all ranks or the scheduled collective, for some reason, didn't run. Additionally, this can be caused by GIL deadlock or other reasons such as network errors or bugs in the communications library (e.g. NCCL), etc. 
[rank10]:[E805 08:09:51.794537850 ProcessGroupNCCL.cpp:1964] [PG ID 0 PG GUID 0 Rank 10] Received a dump signal due to a collective timeout from this local rank and we will try our best to dump the debug info. Last enqueued NCCL work: -1, last completed NCCL work: -1.This is most likely caused by incorrect usages of collectives, e.g., wrong sizes used across ranks, the order of collectives is not same for all ranks or the scheduled collective, for some reason, didn't run. Additionally, this can be caused by GIL deadlock or other reasons such as network errors or bugs in the communications library (e.g. NCCL), etc. 
[rank11]:[E805 08:09:51.794679376 ProcessGroupNCCL.cpp:1677] [PG ID 0 PG GUID 0 Rank 11] ProcessGroupNCCL preparing to dump debug info. Include stack trace: 1, only active collectives: 0
[rank10]:[E805 08:09:51.794694954 ProcessGroupNCCL.cpp:1677] [PG ID 0 PG GUID 0 Rank 10] ProcessGroupNCCL preparing to dump debug info. Include stack trace: 1, only active collectives: 0
[rank13]:[E805 08:10:50.892659094 ProcessGroupNCCL.cpp:791] [Rank 1] Some NCCL operations have failed or timed out. Due to the asynchronous nature of CUDA kernels, subsequent GPU operations might run on corrupted/incomplete data.
[rank13]:[E805 08:10:50.892706396 ProcessGroupNCCL.cpp:805] [Rank 1] To avoid data inconsistency, we are taking the entire process down.
[rank13]:[E805 08:10:50.893427305 ProcessGroupNCCL.cpp:2174] [PG ID 5 PG GUID 81 Rank 1] Process group watchdog thread terminated with exception: [Rank 1] Watchdog caught collective operation timeout: WorkNCCL(SeqNum=15149, OpType=RECV, NumelIn=3584, NumelOut=3584, Timeout(ms)=600000) ran for 600001 milliseconds before timing out.
Exception raised from checkTimeout at /__w/pytorch/pytorch/torch/csrc/distributed/c10d/ProcessGroupNCCL.cpp:733 (most recent call first):
frame #0: c10::Error::Error(c10::SourceLocation, std::__cxx11::basic_string<char, std::char_traits<char>, std::allocator<char> >) + 0x9d (0x77ef5d563bfd in /usr/local/lib/python3.12/dist-packages/torch/lib/libc10.so)
frame #1: c10::DistError::DistError(c10::SourceLocation, std::__cxx11::basic_string<char, std::char_traits<char>, std::allocator<char> >) + 0x72 (0x77ef5d564bd2 in /usr/local/lib/python3.12/dist-packages/torch/lib/libc10.so)
frame #2: c10::DistBackendError::DistBackendError(c10::SourceLocation, std::__cxx11::basic_string<char, std::char_traits<char>, std::allocator<char> >) + 0x72 (0x77ef5d564d02 in /usr/local/lib/python3.12/dist-packages/torch/lib/libc10.so)
frame #3: c10d::ProcessGroupNCCL::WorkNCCL::checkTimeout(std::optional<std::chrono::duration<long, std::ratio<1l, 1000l> > >) + 0x2b1 (0x77eea8c4fb41 in /usr/local/lib/python3.12/dist-packages/torch/lib/libtorch_cuda.so)
frame #4: c10d::ProcessGroupNCCL::Watchdog::runLoop() + 0x1541 (0x77eea8c5b931 in /usr/local/lib/python3.12/dist-packages/torch/lib/libtorch_cuda.so)
frame #5: c10d::ProcessGroupNCCL::Watchdog::run() + 0x157 (0x77eea8c5cd47 in /usr/local/lib/python3.12/dist-packages/torch/lib/libtorch_cuda.so)
frame #6: <unknown function> + 0xecdb4 (0x77ef2de6edb4 in /lib/x86_64-linux-gnu/libstdc++.so.6)
frame #7: <unknown function> + 0x9caa4 (0x77ef5e26aaa4 in /lib/x86_64-linux-gnu/libc.so.6)
frame #8: <unknown function> + 0x129c6c (0x77ef5e2f7c6c in /lib/x86_64-linux-gnu/libc.so.6)

terminate called after throwing an instance of 'c10::DistBackendError'
  what():  [PG ID 5 PG GUID 81 Rank 1] Process group watchdog thread terminated with exception: [Rank 1] Watchdog caught collective operation timeout: WorkNCCL(SeqNum=15149, OpType=RECV, NumelIn=3584, NumelOut=3584, Timeout(ms)=600000) ran for 600001 milliseconds before timing out.
Exception raised from checkTimeout at /__w/pytorch/pytorch/torch/csrc/distributed/c10d/ProcessGroupNCCL.cpp:733 (most recent call first):
frame #0: c10::Error::Error(c10::SourceLocation, std::__cxx11::basic_string<char, std::char_traits<char>, std::allocator<char> >) + 0x9d (0x77ef5d563bfd in /usr/local/lib/python3.12/dist-packages/torch/lib/libc10.so)
frame #1: c10::DistError::DistError(c10::SourceLocation, std::__cxx11::basic_string<char, std::char_traits<char>, std::allocator<char> >) + 0x72 (0x77ef5d564bd2 in /usr/local/lib/python3.12/dist-packages/torch/lib/libc10.so)
frame #2: c10::DistBackendError::DistBackendError(c10::SourceLocation, std::__cxx11::basic_string<char, std::char_traits<char>, std::allocator<char> >) + 0x72 (0x77ef5d564d02 in /usr/local/lib/python3.12/dist-packages/torch/lib/libc10.so)
frame #3: c10d::ProcessGroupNCCL::WorkNCCL::checkTimeout(std::optional<std::chrono::duration<long, std::ratio<1l, 1000l> > >) + 0x2b1 (0x77eea8c4fb41 in /usr/local/lib/python3.12/dist-packages/torch/lib/libtorch_cuda.so)
frame #4: c10d::ProcessGroupNCCL::Watchdog::runLoop() + 0x1541 (0x77eea8c5b931 in /usr/local/lib/python3.12/dist-packages/torch/lib/libtorch_cuda.so)
frame #5: c10d::ProcessGroupNCCL::Watchdog::run() + 0x157 (0x77eea8c5cd47 in /usr/local/lib/python3.12/dist-packages/torch/lib/libtorch_cuda.so)
frame #6: <unknown function> + 0xecdb4 (0x77ef2de6edb4 in /lib/x86_64-linux-gnu/libstdc++.so.6)
frame #7: <unknown function> + 0x9caa4 (0x77ef5e26aaa4 in /lib/x86_64-linux-gnu/libc.so.6)
frame #8: <unknown function> + 0x129c6c (0x77ef5e2f7c6c in /lib/x86_64-linux-gnu/libc.so.6)

Exception raised from run at /__w/pytorch/pytorch/torch/csrc/distributed/c10d/ProcessGroupNCCL.cpp:2180 (most recent call first):
frame #0: c10::Error::Error(c10::SourceLocation, std::__cxx11::basic_string<char, std::char_traits<char>, std::allocator<char> >) + 0x9d (0x77ef5d563bfd in /usr/local/lib/python3.12/dist-packages/torch/lib/libc10.so)
frame #1: c10::DistError::DistError(c10::SourceLocation, std::__cxx11::basic_string<char, std::char_traits<char>, std::allocator<char> >) + 0x72 (0x77ef5d564bd2 in /usr/local/lib/python3.12/dist-packages/torch/lib/libc10.so)
frame #2: c10::DistBackendError::DistBackendError(c10::SourceLocation, std::__cxx11::basic_string<char, std::char_traits<char>, std::allocator<char> >) + 0x72 (0x77ef5d564d02 in /usr/local/lib/python3.12/dist-packages/torch/lib/libc10.so)
frame #3: <unknown function> + 0x697922 (0x77eea8396922 in /usr/local/lib/python3.12/dist-packages/torch/lib/libtorch_cuda.so)
frame #4: <unknown function> + 0xecdb4 (0x77ef2de6edb4 in /lib/x86_64-linux-gnu/libstdc++.so.6)
frame #5: <unknown function> + 0x9caa4 (0x77ef5e26aaa4 in /lib/x86_64-linux-gnu/libc.so.6)
frame #6: <unknown function> + 0x129c6c (0x77ef5e2f7c6c in /lib/x86_64-linux-gnu/libc.so.6)

ERROR 08-05 08:10:50 [multiproc_executor.py:295] Worker proc VllmWorker-13 died unexpectedly (exit code: None), shutting down executor.
INFO 08-05 08:10:50 [multiproc_executor.py:440] [shutdown] Executor: waiting for worker exit count=8
(Worker_PP1_TP0 pid=10482) INFO 08-05 08:10:50 [multiproc_executor.py:804] Parent process exited, terminating worker queues
[rank15]:[E805 08:10:50.903646014 ProcessGroupNCCL.cpp:791] [Rank 1] Some NCCL operations have failed or timed out. Due to the asynchronous nature of CUDA kernels, subsequent GPU operations might run on corrupted/incomplete data.
[rank15]:[E805 08:10:50.903683643 ProcessGroupNCCL.cpp:805] [Rank 1] To avoid data inconsistency, we are taking the entire process down.
[rank15]:[E805 08:10:50.904335012 ProcessGroupNCCL.cpp:2174] [PG ID 5 PG GUID 85 Rank 1] Process group watchdog thread terminated with exception: [Rank 1] Watchdog caught collective operation timeout: WorkNCCL(SeqNum=15149, OpType=RECV, NumelIn=3584, NumelOut=3584, Timeout(ms)=600000) ran for 600012 milliseconds before timing out.
Exception raised from checkTimeout at /__w/pytorch/pytorch/torch/csrc/distributed/c10d/ProcessGroupNCCL.cpp:733 (most recent call first):
frame #0: c10::Error::Error(c10::SourceLocation, std::__cxx11::basic_string<char, std::char_traits<char>, std::allocator<char> >) + 0x9d (0x7433c1963bfd in /usr/local/lib/python3.12/dist-packages/torch/lib/libc10.so)
frame #1: c10::DistError::DistError(c10::SourceLocation, std::__cxx11::basic_string<char, std::char_traits<char>, std::allocator<char> >) + 0x72 (0x7433c1964bd2 in /usr/local/lib/python3.12/dist-packages/torch/lib/libc10.so)
frame #2: c10::DistBackendError::DistBackendError(c10::SourceLocation, std::__cxx11::basic_string<char, std::char_traits<char>, std::allocator<char> >) + 0x72 (0x7433c1964d02 in /usr/local/lib/python3.12/dist-packages/torch/lib/libc10.so)
frame #3: c10d::ProcessGroupNCCL::WorkNCCL::checkTimeout(std::optional<std::chrono::duration<long, std::ratio<1l, 1000l> > >) + 0x2b1 (0x74330d04fb41 in /usr/local/lib/python3.12/dist-packages/torch/lib/libtorch_cuda.so)
frame #4: c10d::ProcessGroupNCCL::Watchdog::runLoop() + 0x1541 (0x74330d05b931 in /usr/local/lib/python3.12/dist-packages/torch/lib/libtorch_cuda.so)
frame #5: c10d::ProcessGroupNCCL::Watchdog::run() + 0x157 (0x74330d05cd47 in /usr/local/lib/python3.12/dist-packages/torch/lib/libtorch_cuda.so)
frame #6: <unknown function> + 0xecdb4 (0x74339226edb4 in /lib/x86_64-linux-gnu/libstdc++.so.6)
frame #7: <unknown function> + 0x9caa4 (0x7433c2660aa4 in /lib/x86_64-linux-gnu/libc.so.6)
frame #8: <unknown function> + 0x129c6c (0x7433c26edc6c in /lib/x86_64-linux-gnu/libc.so.6)

terminate called after throwing an instance of 'c10::DistBackendError'
  what():  [PG ID 5 PG GUID 85 Rank 1] Process group watchdog thread terminated with exception: [Rank 1] Watchdog caught collective operation timeout: WorkNCCL(SeqNum=15149, OpType=RECV, NumelIn=3584, NumelOut=3584, Timeout(ms)=600000) ran for 600012 milliseconds before timing out.
Exception raised from checkTimeout at /__w/pytorch/pytorch/torch/csrc/distributed/c10d/ProcessGroupNCCL.cpp:733 (most recent call first):
frame #0: c10::Error::Error(c10::SourceLocation, std::__cxx11::basic_string<char, std::char_traits<char>, std::allocator<char> >) + 0x9d (0x7433c1963bfd in /usr/local/lib/python3.12/dist-packages/torch/lib/libc10.so)
frame #1: c10::DistError::DistError(c10::SourceLocation, std::__cxx11::basic_string<char, std::char_traits<char>, std::allocator<char> >) + 0x72 (0x7433c1964bd2 in /usr/local/lib/python3.12/dist-packages/torch/lib/libc10.so)
frame #2: c10::DistBackendError::DistBackendError(c10::SourceLocation, std::__cxx11::basic_string<char, std::char_traits<char>, std::allocator<char> >) + 0x72 (0x7433c1964d02 in /usr/local/lib/python3.12/dist-packages/torch/lib/libc10.so)
frame #3: c10d::ProcessGroupNCCL::WorkNCCL::checkTimeout(std::optional<std::chrono::duration<long, std::ratio<1l, 1000l> > >) + 0x2b1 (0x74330d04fb41 in /usr/local/lib/python3.12/dist-packages/torch/lib/libtorch_cuda.so)
frame #4: c10d::ProcessGroupNCCL::Watchdog::runLoop() + 0x1541 (0x74330d05b931 in /usr/local/lib/python3.12/dist-packages/torch/lib/libtorch_cuda.so)
frame #5: c10d::ProcessGroupNCCL::Watchdog::run() + 0x157 (0x74330d05cd47 in /usr/local/lib/python3.12/dist-packages/torch/lib/libtorch_cuda.so)
frame #6: <unknown function> + 0xecdb4 (0x74339226edb4 in /lib/x86_64-linux-gnu/libstdc++.so.6)
frame #7: <unknown function> + 0x9caa4 (0x7433c2660aa4 in /lib/x86_64-linux-gnu/libc.so.6)
frame #8: <unknown function> + 0x129c6c (0x7433c26edc6c in /lib/x86_64-linux-gnu/libc.so.6)

Exception raised from run at /__w/pytorch/pytorch/torch/csrc/distributed/c10d/ProcessGroupNCCL.cpp:2180 (most recent call first):
frame #0: c10::Error::Error(c10::SourceLocation, std::__cxx11::basic_string<char, std::char_traits<char>, std::allocator<char> >) + 0x9d (0x7433c1963bfd in /usr/local/lib/python3.12/dist-packages/torch/lib/libc10.so)
frame #1: c10::DistError::DistError(c10::SourceLocation, std::__cxx11::basic_string<char, std::char_traits<char>, std::allocator<char> >) + 0x72 (0x7433c1964bd2 in /usr/local/lib/python3.12/dist-packages/torch/lib/libc10.so)
frame #2: c10::DistBackendError::DistBackendError(c10::SourceLocation, std::__cxx11::basic_string<char, std::char_traits<char>, std::allocator<char> >) + 0x72 (0x7433c1964d02 in /usr/local/lib/python3.12/dist-packages/torch/lib/libc10.so)
frame #3: <unknown function> + 0x697922 (0x74330c796922 in /usr/local/lib/python3.12/dist-packages/torch/lib/libtorch_cuda.so)
frame #4: <unknown function> + 0xecdb4 (0x74339226edb4 in /lib/x86_64-linux-gnu/libstdc++.so.6)
frame #5: <unknown function> + 0x9caa4 (0x7433c2660aa4 in /lib/x86_64-linux-gnu/libc.so.6)
frame #6: <unknown function> + 0x129c6c (0x7433c26edc6c in /lib/x86_64-linux-gnu/libc.so.6)

[rank14]:[E805 08:10:50.906631230 ProcessGroupNCCL.cpp:791] [Rank 1] Some NCCL operations have failed or timed out. Due to the asynchronous nature of CUDA kernels, subsequent GPU operations might run on corrupted/incomplete data.
[rank14]:[E805 08:10:50.906656553 ProcessGroupNCCL.cpp:805] [Rank 1] To avoid data inconsistency, we are taking the entire process down.
[rank14]:[E805 08:10:50.907316092 ProcessGroupNCCL.cpp:2174] [PG ID 5 PG GUID 83 Rank 1] Process group watchdog thread terminated with exception: [Rank 1] Watchdog caught collective operation timeout: WorkNCCL(SeqNum=15149, OpType=RECV, NumelIn=3584, NumelOut=3584, Timeout(ms)=600000) ran for 600015 milliseconds before timing out.
Exception raised from checkTimeout at /__w/pytorch/pytorch/torch/csrc/distributed/c10d/ProcessGroupNCCL.cpp:733 (most recent call first):
frame #0: c10::Error::Error(c10::SourceLocation, std::__cxx11::basic_string<char, std::char_traits<char>, std::allocator<char> >) + 0x9d (0x7b3a52d63bfd in /usr/local/lib/python3.12/dist-packages/torch/lib/libc10.so)
frame #1: c10::DistError::DistError(c10::SourceLocation, std::__cxx11::basic_string<char, std::char_traits<char>, std::allocator<char> >) + 0x72 (0x7b3a52d64bd2 in /usr/local/lib/python3.12/dist-packages/torch/lib/libc10.so)
frame #2: c10::DistBackendError::DistBackendError(c10::SourceLocation, std::__cxx11::basic_string<char, std::char_traits<char>, std::allocator<char> >) + 0x72 (0x7b3a52d64d02 in /usr/local/lib/python3.12/dist-packages/torch/lib/libc10.so)
frame #3: c10d::ProcessGroupNCCL::WorkNCCL::checkTimeout(std::optional<std::chrono::duration<long, std::ratio<1l, 1000l> > >) + 0x2b1 (0x7b399e84fb41 in /usr/local/lib/python3.12/dist-packages/torch/lib/libtorch_cuda.so)
frame #4: c10d::ProcessGroupNCCL::Watchdog::runLoop() + 0x1541 (0x7b399e85b931 in /usr/local/lib/python3.12/dist-packages/torch/lib/libtorch_cuda.so)
frame #5: c10d::ProcessGroupNCCL::Watchdog::run() + 0x157 (0x7b399e85cd47 in /usr/local/lib/python3.12/dist-packages/torch/lib/libtorch_cuda.so)
frame #6: <unknown function> + 0xecdb4 (0x7b3a23a6edb4 in /lib/x86_64-linux-gnu/libstdc++.so.6)
frame #7: <unknown function> + 0x9caa4 (0x7b3a53dddaa4 in /lib/x86_64-linux-gnu/libc.so.6)
frame #8: <unknown function> + 0x129c6c (0x7b3a53e6ac6c in /lib/x86_64-linux-gnu/libc.so.6)

terminate called after throwing an instance of 'c10::DistBackendError'
  what():  [PG ID 5 PG GUID 83 Rank 1] Process group watchdog thread terminated with exception: [Rank 1] Watchdog caught collective operation timeout: WorkNCCL(SeqNum=15149, OpType=RECV, NumelIn=3584, NumelOut=3584, Timeout(ms)=600000) ran for 600015 milliseconds before timing out.
Exception raised from checkTimeout at /__w/pytorch/pytorch/torch/csrc/distributed/c10d/ProcessGroupNCCL.cpp:733 (most recent call first):
frame #0: c10::Error::Error(c10::SourceLocation, std::__cxx11::basic_string<char, std::char_traits<char>, std::allocator<char> >) + 0x9d (0x7b3a52d63bfd in /usr/local/lib/python3.12/dist-packages/torch/lib/libc10.so)
frame #1: c10::DistError::DistError(c10::SourceLocation, std::__cxx11::basic_string<char, std::char_traits<char>, std::allocator<char> >) + 0x72 (0x7b3a52d64bd2 in /usr/local/lib/python3.12/dist-packages/torch/lib/libc10.so)
frame #2: c10::DistBackendError::DistBackendError(c10::SourceLocation, std::__cxx11::basic_string<char, std::char_traits<char>, std::allocator<char> >) + 0x72 (0x7b3a52d64d02 in /usr/local/lib/python3.12/dist-packages/torch/lib/libc10.so)
frame #3: c10d::ProcessGroupNCCL::WorkNCCL::checkTimeout(std::optional<std::chrono::duration<long, std::ratio<1l, 1000l> > >) + 0x2b1 (0x7b399e84fb41 in /usr/local/lib/python3.12/dist-packages/torch/lib/libtorch_cuda.so)
frame #4: c10d::ProcessGroupNCCL::Watchdog::runLoop() + 0x1541 (0x7b399e85b931 in /usr/local/lib/python3.12/dist-packages/torch/lib/libtorch_cuda.so)
frame #5: c10d::ProcessGroupNCCL::Watchdog::run() + 0x157 (0x7b399e85cd47 in /usr/local/lib/python3.12/dist-packages/torch/lib/libtorch_cuda.so)
frame #6: <unknown function> + 0xecdb4 (0x7b3a23a6edb4 in /lib/x86_64-linux-gnu/libstdc++.so.6)
frame #7: <unknown function> + 0x9caa4 (0x7b3a53dddaa4 in /lib/x86_64-linux-gnu/libc.so.6)
frame #8: <unknown function> + 0x129c6c (0x7b3a53e6ac6c in /lib/x86_64-linux-gnu/libc.so.6)

Exception raised from run at /__w/pytorch/pytorch/torch/csrc/distributed/c10d/ProcessGroupNCCL.cpp:2180 (most recent call first):
frame #0: c10::Error::Error(c10::SourceLocation, std::__cxx11::basic_string<char, std::char_traits<char>, std::allocator<char> >) + 0x9d (0x7b3a52d63bfd in /usr/local/lib/python3.12/dist-packages/torch/lib/libc10.so)
frame #1: c10::DistError::DistError(c10::SourceLocation, std::__cxx11::basic_string<char, std::char_traits<char>, std::allocator<char> >) + 0x72 (0x7b3a52d64bd2 in /usr/local/lib/python3.12/dist-packages/torch/lib/libc10.so)
frame #2: c10::DistBackendError::DistBackendError(c10::SourceLocation, std::__cxx11::basic_string<char, std::char_traits<char>, std::allocator<char> >) + 0x72 (0x7b3a52d64d02 in /usr/local/lib/python3.12/dist-packages/torch/lib/libc10.so)
frame #3: <unknown function> + 0x697922 (0x7b399df96922 in /usr/local/lib/python3.12/dist-packages/torch/lib/libtorch_cuda.so)
frame #4: <unknown function> + 0xecdb4 (0x7b3a23a6edb4 in /lib/x86_64-linux-gnu/libstdc++.so.6)
frame #5: <unknown function> + 0x9caa4 (0x7b3a53dddaa4 in /lib/x86_64-linux-gnu/libc.so.6)
frame #6: <unknown function> + 0x129c6c (0x7b3a53e6ac6c in /lib/x86_64-linux-gnu/libc.so.6)

[rank12]:[E805 08:10:50.911154241 ProcessGroupNCCL.cpp:791] [Rank 1] Some NCCL operations have failed or timed out. Due to the asynchronous nature of CUDA kernels, subsequent GPU operations might run on corrupted/incomplete data.
[rank12]:[E805 08:10:50.911179658 ProcessGroupNCCL.cpp:805] [Rank 1] To avoid data inconsistency, we are taking the entire process down.
[rank12]:[E805 08:10:50.911812308 ProcessGroupNCCL.cpp:2174] [PG ID 5 PG GUID 79 Rank 1] Process group watchdog thread terminated with exception: [Rank 1] Watchdog caught collective operation timeout: WorkNCCL(SeqNum=15149, OpType=RECV, NumelIn=3584, NumelOut=3584, Timeout(ms)=600000) ran for 600020 milliseconds before timing out.
Exception raised from checkTimeout at /__w/pytorch/pytorch/torch/csrc/distributed/c10d/ProcessGroupNCCL.cpp:733 (most recent call first):
frame #0: c10::Error::Error(c10::SourceLocation, std::__cxx11::basic_string<char, std::char_traits<char>, std::allocator<char> >) + 0x9d (0x769d92b63bfd in /usr/local/lib/python3.12/dist-packages/torch/lib/libc10.so)
frame #1: c10::DistError::DistError(c10::SourceLocation, std::__cxx11::basic_string<char, std::char_traits<char>, std::allocator<char> >) + 0x72 (0x769d92b64bd2 in /usr/local/lib/python3.12/dist-packages/torch/lib/libc10.so)
frame #2: c10::DistBackendError::DistBackendError(c10::SourceLocation, std::__cxx11::basic_string<char, std::char_traits<char>, std::allocator<char> >) + 0x72 (0x769d92b64d02 in /usr/local/lib/python3.12/dist-packages/torch/lib/libc10.so)
frame #3: c10d::ProcessGroupNCCL::WorkNCCL::checkTimeout(std::optional<std::chrono::duration<long, std::ratio<1l, 1000l> > >) + 0x2b1 (0x769cde24fb41 in /usr/local/lib/python3.12/dist-packages/torch/lib/libtorch_cuda.so)
frame #4: c10d::ProcessGroupNCCL::Watchdog::runLoop() + 0x1541 (0x769cde25b931 in /usr/local/lib/python3.12/dist-packages/torch/lib/libtorch_cuda.so)
frame #5: c10d::ProcessGroupNCCL::Watchdog::run() + 0x157 (0x769cde25cd47 in /usr/local/lib/python3.12/dist-packages/torch/lib/libtorch_cuda.so)
frame #6: <unknown function> + 0xecdb4 (0x769d6346edb4 in /lib/x86_64-linux-gnu/libstdc++.so.6)
frame #7: <unknown function> + 0x9caa4 (0x769d938dfaa4 in /lib/x86_64-linux-gnu/libc.so.6)
frame #8: <unknown function> + 0x129c6c (0x769d9396cc6c in /lib/x86_64-linux-gnu/libc.so.6)

terminate called after throwing an instance of 'c10::DistBackendError'
  what():  [PG ID 5 PG GUID 79 Rank 1] Process group watchdog thread terminated with exception: [Rank 1] Watchdog caught collective operation timeout: WorkNCCL(SeqNum=15149, OpType=RECV, NumelIn=3584, NumelOut=3584, Timeout(ms)=600000) ran for 600020 milliseconds before timing out.
Exception raised from checkTimeout at /__w/pytorch/pytorch/torch/csrc/distributed/c10d/ProcessGroupNCCL.cpp:733 (most recent call first):
frame #0: c10::Error::Error(c10::SourceLocation, std::__cxx11::basic_string<char, std::char_traits<char>, std::allocator<char> >) + 0x9d (0x769d92b63bfd in /usr/local/lib/python3.12/dist-packages/torch/lib/libc10.so)
frame #1: c10::DistError::DistError(c10::SourceLocation, std::__cxx11::basic_string<char, std::char_traits<char>, std::allocator<char> >) + 0x72 (0x769d92b64bd2 in /usr/local/lib/python3.12/dist-packages/torch/lib/libc10.so)
frame #2: c10::DistBackendError::DistBackendError(c10::SourceLocation, std::__cxx11::basic_string<char, std::char_traits<char>, std::allocator<char> >) + 0x72 (0x769d92b64d02 in /usr/local/lib/python3.12/dist-packages/torch/lib/libc10.so)
frame #3: c10d::ProcessGroupNCCL::WorkNCCL::checkTimeout(std::optional<std::chrono::duration<long, std::ratio<1l, 1000l> > >) + 0x2b1 (0x769cde24fb41 in /usr/local/lib/python3.12/dist-packages/torch/lib/libtorch_cuda.so)
frame #4: c10d::ProcessGroupNCCL::Watchdog::runLoop() + 0x1541 (0x769cde25b931 in /usr/local/lib/python3.12/dist-packages/torch/lib/libtorch_cuda.so)
frame #5: c10d::ProcessGroupNCCL::Watchdog::run() + 0x157 (0x769cde25cd47 in /usr/local/lib/python3.12/dist-packages/torch/lib/libtorch_cuda.so)
frame #6: <unknown function> + 0xecdb4 (0x769d6346edb4 in /lib/x86_64-linux-gnu/libstdc++.so.6)
frame #7: <unknown function> + 0x9caa4 (0x769d938dfaa4 in /lib/x86_64-linux-gnu/libc.so.6)
frame #8: <unknown function> + 0x129c6c (0x769d9396cc6c in /lib/x86_64-linux-gnu/libc.so.6)

Exception raised from run at /__w/pytorch/pytorch/torch/csrc/distributed/c10d/ProcessGroupNCCL.cpp:2180 (most recent call first):
frame #0: c10::Error::Error(c10::SourceLocation, std::__cxx11::basic_string<char, std::char_traits<char>, std::allocator<char> >) + 0x9d (0x769d92b63bfd in /usr/local/lib/python3.12/dist-packages/torch/lib/libc10.so)
frame #1: c10::DistError::DistError(c10::SourceLocation, std::__cxx11::basic_string<char, std::char_traits<char>, std::allocator<char> >) + 0x72 (0x769d92b64bd2 in /usr/local/lib/python3.12/dist-packages/torch/lib/libc10.so)
frame #2: c10::DistBackendError::DistBackendError(c10::SourceLocation, std::__cxx11::basic_string<char, std::char_traits<char>, std::allocator<char> >) + 0x72 (0x769d92b64d02 in /usr/local/lib/python3.12/dist-packages/torch/lib/libc10.so)
frame #3: <unknown function> + 0x697922 (0x769cdd996922 in /usr/local/lib/python3.12/dist-packages/torch/lib/libtorch_cuda.so)
frame #4: <unknown function> + 0xecdb4 (0x769d6346edb4 in /lib/x86_64-linux-gnu/libstdc++.so.6)
frame #5: <unknown function> + 0x9caa4 (0x769d938dfaa4 in /lib/x86_64-linux-gnu/libc.so.6)
frame #6: <unknown function> + 0x129c6c (0x769d9396cc6c in /lib/x86_64-linux-gnu/libc.so.6)

[rank11]:[E805 08:10:50.914842453 ProcessGroupNCCL.cpp:791] [Rank 1] Some NCCL operations have failed or timed out. Due to the asynchronous nature of CUDA kernels, subsequent GPU operations might run on corrupted/incomplete data.
[rank11]:[E805 08:10:50.914880785 ProcessGroupNCCL.cpp:805] [Rank 1] To avoid data inconsistency, we are taking the entire process down.
[rank11]:[E805 08:10:50.915550126 ProcessGroupNCCL.cpp:2174] [PG ID 5 PG GUID 77 Rank 1] Process group watchdog thread terminated with exception: [Rank 1] Watchdog caught collective operation timeout: WorkNCCL(SeqNum=15149, OpType=RECV, NumelIn=3584, NumelOut=3584, Timeout(ms)=600000) ran for 600023 milliseconds before timing out.
Exception raised from checkTimeout at /__w/pytorch/pytorch/torch/csrc/distributed/c10d/ProcessGroupNCCL.cpp:733 (most recent call first):
frame #0: c10::Error::Error(c10::SourceLocation, std::__cxx11::basic_string<char, std::char_traits<char>, std::allocator<char> >) + 0x9d (0x72b0df763bfd in /usr/local/lib/python3.12/dist-packages/torch/lib/libc10.so)
frame #1: c10::DistError::DistError(c10::SourceLocation, std::__cxx11::basic_string<char, std::char_traits<char>, std::allocator<char> >) + 0x72 (0x72b0df764bd2 in /usr/local/lib/python3.12/dist-packages/torch/lib/libc10.so)
frame #2: c10::DistBackendError::DistBackendError(c10::SourceLocation, std::__cxx11::basic_string<char, std::char_traits<char>, std::allocator<char> >) + 0x72 (0x72b0df764d02 in /usr/local/lib/python3.12/dist-packages/torch/lib/libc10.so)
frame #3: c10d::ProcessGroupNCCL::WorkNCCL::checkTimeout(std::optional<std::chrono::duration<long, std::ratio<1l, 1000l> > >) + 0x2b1 (0x72b02b24fb41 in /usr/local/lib/python3.12/dist-packages/torch/lib/libtorch_cuda.so)
frame #4: c10d::ProcessGroupNCCL::Watchdog::runLoop() + 0x1541 (0x72b02b25b931 in /usr/local/lib/python3.12/dist-packages/torch/lib/libtorch_cuda.so)
frame #5: c10d::ProcessGroupNCCL::Watchdog::run() + 0x157 (0x72b02b25cd47 in /usr/local/lib/python3.12/dist-packages/torch/lib/libtorch_cuda.so)
frame #6: <unknown function> + 0xecdb4 (0x72b0b046edb4 in /lib/x86_64-linux-gnu/libstdc++.so.6)
frame #7: <unknown function> + 0x9caa4 (0x72b0e07b2aa4 in /lib/x86_64-linux-gnu/libc.so.6)
frame #8: <unknown function> + 0x129c6c (0x72b0e083fc6c in /lib/x86_64-linux-gnu/libc.so.6)

terminate called after throwing an instance of 'c10::DistBackendError'
  what():  [PG ID 5 PG GUID 77 Rank 1] Process group watchdog thread terminated with exception: [Rank 1] Watchdog caught collective operation timeout: WorkNCCL(SeqNum=15149, OpType=RECV, NumelIn=3584, NumelOut=3584, Timeout(ms)=600000) ran for 600023 milliseconds before timing out.
Exception raised from checkTimeout at /__w/pytorch/pytorch/torch/csrc/distributed/c10d/ProcessGroupNCCL.cpp:733 (most recent call first):
frame #0: c10::Error::Error(c10::SourceLocation, std::__cxx11::basic_string<char, std::char_traits<char>, std::allocator<char> >) + 0x9d (0x72b0df763bfd in /usr/local/lib/python3.12/dist-packages/torch/lib/libc10.so)
frame #1: c10::DistError::DistError(c10::SourceLocation, std::__cxx11::basic_string<char, std::char_traits<char>, std::allocator<char> >) + 0x72 (0x72b0df764bd2 in /usr/local/lib/python3.12/dist-packages/torch/lib/libc10.so)
frame #2: c10::DistBackendError::DistBackendError(c10::SourceLocation, std::__cxx11::basic_string<char, std::char_traits<char>, std::allocator<char> >) + 0x72 (0x72b0df764d02 in /usr/local/lib/python3.12/dist-packages/torch/lib/libc10.so)
frame #3: c10d::ProcessGroupNCCL::WorkNCCL::checkTimeout(std::optional<std::chrono::duration<long, std::ratio<1l, 1000l> > >) + 0x2b1 (0x72b02b24fb41 in /usr/local/lib/python3.12/dist-packages/torch/lib/libtorch_cuda.so)
frame #4: c10d::ProcessGroupNCCL::Watchdog::runLoop() + 0x1541 (0x72b02b25b931 in /usr/local/lib/python3.12/dist-packages/torch/lib/libtorch_cuda.so)
frame #5: c10d::ProcessGroupNCCL::Watchdog::run() + 0x157 (0x72b02b25cd47 in /usr/local/lib/python3.12/dist-packages/torch/lib/libtorch_cuda.so)
frame #6: <unknown function> + 0xecdb4 (0x72b0b046edb4 in /lib/x86_64-linux-gnu/libstdc++.so.6)
frame #7: <unknown function> + 0x9caa4 (0x72b0e07b2aa4 in /lib/x86_64-linux-gnu/libc.so.6)
frame #8: <unknown function> + 0x129c6c (0x72b0e083fc6c in /lib/x86_64-linux-gnu/libc.so.6)

Exception raised from run at /__w/pytorch/pytorch/torch/csrc/distributed/c10d/ProcessGroupNCCL.cpp:2180 (most recent call first):
frame #0: c10::Error::Error(c10::SourceLocation, std::__cxx11::basic_string<char, std::char_traits<char>, std::allocator<char> >) + 0x9d (0x72b0df763bfd in /usr/local/lib/python3.12/dist-packages/torch/lib/libc10.so)
frame #1: c10::DistError::DistError(c10::SourceLocation, std::__cxx11::basic_string<char, std::char_traits<char>, std::allocator<char> >) + 0x72 (0x72b0df764bd2 in /usr/local/lib/python3.12/dist-packages/torch/lib/libc10.so)
frame #2: c10::DistBackendError::DistBackendError(c10::SourceLocation, std::__cxx11::basic_string<char, std::char_traits<char>, std::allocator<char> >) + 0x72 (0x72b0df764d02 in /usr/local/lib/python3.12/dist-packages/torch/lib/libc10.so)
frame #3: <unknown function> + 0x697922 (0x72b02a996922 in /usr/local/lib/python3.12/dist-packages/torch/lib/libtorch_cuda.so)
frame #4: <unknown function> + 0xecdb4 (0x72b0b046edb4 in /lib/x86_64-linux-gnu/libstdc++.so.6)
frame #5: <unknown function> + 0x9caa4 (0x72b0e07b2aa4 in /lib/x86_64-linux-gnu/libc.so.6)
frame #6: <unknown function> + 0x129c6c (0x72b0e083fc6c in /lib/x86_64-linux-gnu/libc.so.6)

[rank10]:[E805 08:10:50.976358158 ProcessGroupNCCL.cpp:791] [Rank 1] Some NCCL operations have failed or timed out. Due to the asynchronous nature of CUDA kernels, subsequent GPU operations might run on corrupted/incomplete data.
[rank10]:[E805 08:10:50.976385074 ProcessGroupNCCL.cpp:805] [Rank 1] To avoid data inconsistency, we are taking the entire process down.
[rank10]:[E805 08:10:50.977048312 ProcessGroupNCCL.cpp:2174] [PG ID 5 PG GUID 75 Rank 1] Process group watchdog thread terminated with exception: [Rank 1] Watchdog caught collective operation timeout: WorkNCCL(SeqNum=15149, OpType=RECV, NumelIn=3584, NumelOut=3584, Timeout(ms)=600000) ran for 600085 milliseconds before timing out.
Exception raised from checkTimeout at /__w/pytorch/pytorch/torch/csrc/distributed/c10d/ProcessGroupNCCL.cpp:733 (most recent call first):
frame #0: c10::Error::Error(c10::SourceLocation, std::__cxx11::basic_string<char, std::char_traits<char>, std::allocator<char> >) + 0x9d (0x7cbf02d63bfd in /usr/local/lib/python3.12/dist-packages/torch/lib/libc10.so)
frame #1: c10::DistError::DistError(c10::SourceLocation, std::__cxx11::basic_string<char, std::char_traits<char>, std::allocator<char> >) + 0x72 (0x7cbf02d64bd2 in /usr/local/lib/python3.12/dist-packages/torch/lib/libc10.so)
frame #2: c10::DistBackendError::DistBackendError(c10::SourceLocation, std::__cxx11::basic_string<char, std::char_traits<char>, std::allocator<char> >) + 0x72 (0x7cbf02d64d02 in /usr/local/lib/python3.12/dist-packages/torch/lib/libc10.so)
frame #3: c10d::ProcessGroupNCCL::WorkNCCL::checkTimeout(std::optional<std::chrono::duration<long, std::ratio<1l, 1000l> > >) + 0x2b1 (0x7cbe4e84fb41 in /usr/local/lib/python3.12/dist-packages/torch/lib/libtorch_cuda.so)
frame #4: c10d::ProcessGroupNCCL::Watchdog::runLoop() + 0x1541 (0x7cbe4e85b931 in /usr/local/lib/python3.12/dist-packages/torch/lib/libtorch_cuda.so)
frame #5: c10d::ProcessGroupNCCL::Watchdog::run() + 0x157 (0x7cbe4e85cd47 in /usr/local/lib/python3.12/dist-packages/torch/lib/libtorch_cuda.so)
frame #6: <unknown function> + 0xecdb4 (0x7cbed3a6edb4 in /lib/x86_64-linux-gnu/libstdc++.so.6)
frame #7: <unknown function> + 0x9caa4 (0x7cbf03d30aa4 in /lib/x86_64-linux-gnu/libc.so.6)
frame #8: <unknown function> + 0x129c6c (0x7cbf03dbdc6c in /lib/x86_64-linux-gnu/libc.so.6)

terminate called after throwing an instance of 'c10::DistBackendError'
  what():  [PG ID 5 PG GUID 75 Rank 1] Process group watchdog thread terminated with exception: [Rank 1] Watchdog caught collective operation timeout: WorkNCCL(SeqNum=15149, OpType=RECV, NumelIn=3584, NumelOut=3584, Timeout(ms)=600000) ran for 600085 milliseconds before timing out.
Exception raised from checkTimeout at /__w/pytorch/pytorch/torch/csrc/distributed/c10d/ProcessGroupNCCL.cpp:733 (most recent call first):
frame #0: c10::Error::Error(c10::SourceLocation, std::__cxx11::basic_string<char, std::char_traits<char>, std::allocator<char> >) + 0x9d (0x7cbf02d63bfd in /usr/local/lib/python3.12/dist-packages/torch/lib/libc10.so)
frame #1: c10::DistError::DistError(c10::SourceLocation, std::__cxx11::basic_string<char, std::char_traits<char>, std::allocator<char> >) + 0x72 (0x7cbf02d64bd2 in /usr/local/lib/python3.12/dist-packages/torch/lib/libc10.so)
frame #2: c10::DistBackendError::DistBackendError(c10::SourceLocation, std::__cxx11::basic_string<char, std::char_traits<char>, std::allocator<char> >) + 0x72 (0x7cbf02d64d02 in /usr/local/lib/python3.12/dist-packages/torch/lib/libc10.so)
frame #3: c10d::ProcessGroupNCCL::WorkNCCL::checkTimeout(std::optional<std::chrono::duration<long, std::ratio<1l, 1000l> > >) + 0x2b1 (0x7cbe4e84fb41 in /usr/local/lib/python3.12/dist-packages/torch/lib/libtorch_cuda.so)
frame #4: c10d::ProcessGroupNCCL::Watchdog::runLoop() + 0x1541 (0x7cbe4e85b931 in /usr/local/lib/python3.12/dist-packages/torch/lib/libtorch_cuda.so)
frame #5: c10d::ProcessGroupNCCL::Watchdog::run() + 0x157 (0x7cbe4e85cd47 in /usr/local/lib/python3.12/dist-packages/torch/lib/libtorch_cuda.so)
frame #6: <unknown function> + 0xecdb4 (0x7cbed3a6edb4 in /lib/x86_64-linux-gnu/libstdc++.so.6)
frame #7: <unknown function> + 0x9caa4 (0x7cbf03d30aa4 in /lib/x86_64-linux-gnu/libc.so.6)
frame #8: <unknown function> + 0x129c6c (0x7cbf03dbdc6c in /lib/x86_64-linux-gnu/libc.so.6)

Exception raised from run at /__w/pytorch/pytorch/torch/csrc/distributed/c10d/ProcessGroupNCCL.cpp:2180 (most recent call first):
frame #0: c10::Error::Error(c10::SourceLocation, std::__cxx11::basic_string<char, std::char_traits<char>, std::allocator<char> >) + 0x9d (0x7cbf02d63bfd in /usr/local/lib/python3.12/dist-packages/torch/lib/libc10.so)
frame #1: c10::DistError::DistError(c10::SourceLocation, std::__cxx11::basic_string<char, std::char_traits<char>, std::allocator<char> >) + 0x72 (0x7cbf02d64bd2 in /usr/local/lib/python3.12/dist-packages/torch/lib/libc10.so)
frame #2: c10::DistBackendError::DistBackendError(c10::SourceLocation, std::__cxx11::basic_string<char, std::char_traits<char>, std::allocator<char> >) + 0x72 (0x7cbf02d64d02 in /usr/local/lib/python3.12/dist-packages/torch/lib/libc10.so)
frame #3: <unknown function> + 0x697922 (0x7cbe4df96922 in /usr/local/lib/python3.12/dist-packages/torch/lib/libtorch_cuda.so)
frame #4: <unknown function> + 0xecdb4 (0x7cbed3a6edb4 in /lib/x86_64-linux-gnu/libstdc++.so.6)
frame #5: <unknown function> + 0x9caa4 (0x7cbf03d30aa4 in /lib/x86_64-linux-gnu/libc.so.6)
frame #6: <unknown function> + 0x129c6c (0x7cbf03dbdc6c in /lib/x86_64-linux-gnu/libc.so.6)

[rank9]:[E805 08:10:50.978041912 ProcessGroupNCCL.cpp:791] [Rank 1] Some NCCL operations have failed or timed out. Due to the asynchronous nature of CUDA kernels, subsequent GPU operations might run on corrupted/incomplete data.
[rank9]:[E805 08:10:50.978071786 ProcessGroupNCCL.cpp:805] [Rank 1] To avoid data inconsistency, we are taking the entire process down.
[rank9]:[E805 08:10:50.978743882 ProcessGroupNCCL.cpp:2174] [PG ID 5 PG GUID 73 Rank 1] Process group watchdog thread terminated with exception: [Rank 1] Watchdog caught collective operation timeout: WorkNCCL(SeqNum=15149, OpType=RECV, NumelIn=3584, NumelOut=3584, Timeout(ms)=600000) ran for 600086 milliseconds before timing out.
Exception raised from checkTimeout at /__w/pytorch/pytorch/torch/csrc/distributed/c10d/ProcessGroupNCCL.cpp:733 (most recent call first):
frame #0: c10::Error::Error(c10::SourceLocation, std::__cxx11::basic_string<char, std::char_traits<char>, std::allocator<char> >) + 0x9d (0x7e3b28963bfd in /usr/local/lib/python3.12/dist-packages/torch/lib/libc10.so)
frame #1: c10::DistError::DistError(c10::SourceLocation, std::__cxx11::basic_string<char, std::char_traits<char>, std::allocator<char> >) + 0x72 (0x7e3b28964bd2 in /usr/local/lib/python3.12/dist-packages/torch/lib/libc10.so)
frame #2: c10::DistBackendError::DistBackendError(c10::SourceLocation, std::__cxx11::basic_string<char, std::char_traits<char>, std::allocator<char> >) + 0x72 (0x7e3b28964d02 in /usr/local/lib/python3.12/dist-packages/torch/lib/libc10.so)
frame #3: c10d::ProcessGroupNCCL::WorkNCCL::checkTimeout(std::optional<std::chrono::duration<long, std::ratio<1l, 1000l> > >) + 0x2b1 (0x7e3a7404fb41 in /usr/local/lib/python3.12/dist-packages/torch/lib/libtorch_cuda.so)
frame #4: c10d::ProcessGroupNCCL::Watchdog::runLoop() + 0x1541 (0x7e3a7405b931 in /usr/local/lib/python3.12/dist-packages/torch/lib/libtorch_cuda.so)
frame #5: c10d::ProcessGroupNCCL::Watchdog::run() + 0x157 (0x7e3a7405cd47 in /usr/local/lib/python3.12/dist-packages/torch/lib/libtorch_cuda.so)
frame #6: <unknown function> + 0xecdb4 (0x7e3af926edb4 in /lib/x86_64-linux-gnu/libstdc++.so.6)
frame #7: <unknown function> + 0x9caa4 (0x7e3b296a9aa4 in /lib/x86_64-linux-gnu/libc.so.6)
frame #8: <unknown function> + 0x129c6c (0x7e3b29736c6c in /lib/x86_64-linux-gnu/libc.so.6)

terminate called after throwing an instance of 'c10::DistBackendError'
  what():  [PG ID 5 PG GUID 73 Rank 1] Process group watchdog thread terminated with exception: [Rank 1] Watchdog caught collective operation timeout: WorkNCCL(SeqNum=15149, OpType=RECV, NumelIn=3584, NumelOut=3584, Timeout(ms)=600000) ran for 600086 milliseconds before timing out.
Exception raised from checkTimeout at /__w/pytorch/pytorch/torch/csrc/distributed/c10d/ProcessGroupNCCL.cpp:733 (most recent call first):
frame #0: c10::Error::Error(c10::SourceLocation, std::__cxx11::basic_string<char, std::char_traits<char>, std::allocator<char> >) + 0x9d (0x7e3b28963bfd in /usr/local/lib/python3.12/dist-packages/torch/lib/libc10.so)
frame #1: c10::DistError::DistError(c10::SourceLocation, std::__cxx11::basic_string<char, std::char_traits<char>, std::allocator<char> >) + 0x72 (0x7e3b28964bd2 in /usr/local/lib/python3.12/dist-packages/torch/lib/libc10.so)
frame #2: c10::DistBackendError::DistBackendError(c10::SourceLocation, std::__cxx11::basic_string<char, std::char_traits<char>, std::allocator<char> >) + 0x72 (0x7e3b28964d02 in /usr/local/lib/python3.12/dist-packages/torch/lib/libc10.so)
frame #3: c10d::ProcessGroupNCCL::WorkNCCL::checkTimeout(std::optional<std::chrono::duration<long, std::ratio<1l, 1000l> > >) + 0x2b1 (0x7e3a7404fb41 in /usr/local/lib/python3.12/dist-packages/torch/lib/libtorch_cuda.so)
frame #4: c10d::ProcessGroupNCCL::Watchdog::runLoop() + 0x1541 (0x7e3a7405b931 in /usr/local/lib/python3.12/dist-packages/torch/lib/libtorch_cuda.so)
frame #5: c10d::ProcessGroupNCCL::Watchdog::run() + 0x157 (0x7e3a7405cd47 in /usr/local/lib/python3.12/dist-packages/torch/lib/libtorch_cuda.so)
frame #6: <unknown function> + 0xecdb4 (0x7e3af926edb4 in /lib/x86_64-linux-gnu/libstdc++.so.6)
frame #7: <unknown function> + 0x9caa4 (0x7e3b296a9aa4 in /lib/x86_64-linux-gnu/libc.so.6)
frame #8: <unknown function> + 0x129c6c (0x7e3b29736c6c in /lib/x86_64-linux-gnu/libc.so.6)

Exception raised from run at /__w/pytorch/pytorch/torch/csrc/distributed/c10d/ProcessGroupNCCL.cpp:2180 (most recent call first):
frame #0: c10::Error::Error(c10::SourceLocation, std::__cxx11::basic_string<char, std::char_traits<char>, std::allocator<char> >) + 0x9d (0x7e3b28963bfd in /usr/local/lib/python3.12/dist-packages/torch/lib/libc10.so)
frame #1: c10::DistError::DistError(c10::SourceLocation, std::__cxx11::basic_string<char, std::char_traits<char>, std::allocator<char> >) + 0x72 (0x7e3b28964bd2 in /usr/local/lib/python3.12/dist-packages/torch/lib/libc10.so)
frame #2: c10::DistBackendError::DistBackendError(c10::SourceLocation, std::__cxx11::basic_string<char, std::char_traits<char>, std::allocator<char> >) + 0x72 (0x7e3b28964d02 in /usr/local/lib/python3.12/dist-packages/torch/lib/libc10.so)
frame #3: <unknown function> + 0x697922 (0x7e3a73796922 in /usr/local/lib/python3.12/dist-packages/torch/lib/libtorch_cuda.so)
frame #4: <unknown function> + 0xecdb4 (0x7e3af926edb4 in /lib/x86_64-linux-gnu/libstdc++.so.6)
frame #5: <unknown function> + 0x9caa4 (0x7e3b296a9aa4 in /lib/x86_64-linux-gnu/libc.so.6)
frame #6: <unknown function> + 0x129c6c (0x7e3b29736c6c in /lib/x86_64-linux-gnu/libc.so.6)

[rank8]:[E805 08:10:50.985090705 ProcessGroupNCCL.cpp:791] [Rank 1] Some NCCL operations have failed or timed out. Due to the asynchronous nature of CUDA kernels, subsequent GPU operations might run on corrupted/incomplete data.
[rank8]:[E805 08:10:50.985117276 ProcessGroupNCCL.cpp:805] [Rank 1] To avoid data inconsistency, we are taking the entire process down.
[rank8]:[E805 08:10:50.985759545 ProcessGroupNCCL.cpp:2174] [PG ID 5 PG GUID 71 Rank 1] Process group watchdog thread terminated with exception: [Rank 1] Watchdog caught collective operation timeout: WorkNCCL(SeqNum=15149, OpType=RECV, NumelIn=3584, NumelOut=3584, Timeout(ms)=600000) ran for 600094 milliseconds before timing out.
Exception raised from checkTimeout at /__w/pytorch/pytorch/torch/csrc/distributed/c10d/ProcessGroupNCCL.cpp:733 (most recent call first):
frame #0: c10::Error::Error(c10::SourceLocation, std::__cxx11::basic_string<char, std::char_traits<char>, std::allocator<char> >) + 0x9d (0x77587cf63bfd in /usr/local/lib/python3.12/dist-packages/torch/lib/libc10.so)
frame #1: c10::DistError::DistError(c10::SourceLocation, std::__cxx11::basic_string<char, std::char_traits<char>, std::allocator<char> >) + 0x72 (0x77587cf64bd2 in /usr/local/lib/python3.12/dist-packages/torch/lib/libc10.so)
frame #2: c10::DistBackendError::DistBackendError(c10::SourceLocation, std::__cxx11::basic_string<char, std::char_traits<char>, std::allocator<char> >) + 0x72 (0x77587cf64d02 in /usr/local/lib/python3.12/dist-packages/torch/lib/libc10.so)
frame #3: c10d::ProcessGroupNCCL::WorkNCCL::checkTimeout(std::optional<std::chrono::duration<long, std::ratio<1l, 1000l> > >) + 0x2b1 (0x7757c864fb41 in /usr/local/lib/python3.12/dist-packages/torch/lib/libtorch_cuda.so)
frame #4: c10d::ProcessGroupNCCL::Watchdog::runLoop() + 0x1541 (0x7757c865b931 in /usr/local/lib/python3.12/dist-packages/torch/lib/libtorch_cuda.so)
frame #5: c10d::ProcessGroupNCCL::Watchdog::run() + 0x157 (0x7757c865cd47 in /usr/local/lib/python3.12/dist-packages/torch/lib/libtorch_cuda.so)
frame #6: <unknown function> + 0xecdb4 (0x77584d86edb4 in /lib/x86_64-linux-gnu/libstdc++.so.6)
frame #7: <unknown function> + 0x9caa4 (0x77587dc9faa4 in /lib/x86_64-linux-gnu/libc.so.6)
frame #8: <unknown function> + 0x129c6c (0x77587dd2cc6c in /lib/x86_64-linux-gnu/libc.so.6)

terminate called after throwing an instance of 'c10::DistBackendError'
  what():  [PG ID 5 PG GUID 71 Rank 1] Process group watchdog thread terminated with exception: [Rank 1] Watchdog caught collective operation timeout: WorkNCCL(SeqNum=15149, OpType=RECV, NumelIn=3584, NumelOut=3584, Timeout(ms)=600000) ran for 600094 milliseconds before timing out.
Exception raised from checkTimeout at /__w/pytorch/pytorch/torch/csrc/distributed/c10d/ProcessGroupNCCL.cpp:733 (most recent call first):
frame #0: c10::Error::Error(c10::SourceLocation, std::__cxx11::basic_string<char, std::char_traits<char>, std::allocator<char> >) + 0x9d (0x77587cf63bfd in /usr/local/lib/python3.12/dist-packages/torch/lib/libc10.so)
frame #1: c10::DistError::DistError(c10::SourceLocation, std::__cxx11::basic_string<char, std::char_traits<char>, std::allocator<char> >) + 0x72 (0x77587cf64bd2 in /usr/local/lib/python3.12/dist-packages/torch/lib/libc10.so)
frame #2: c10::DistBackendError::DistBackendError(c10::SourceLocation, std::__cxx11::basic_string<char, std::char_traits<char>, std::allocator<char> >) + 0x72 (0x77587cf64d02 in /usr/local/lib/python3.12/dist-packages/torch/lib/libc10.so)
frame #3: c10d::ProcessGroupNCCL::WorkNCCL::checkTimeout(std::optional<std::chrono::duration<long, std::ratio<1l, 1000l> > >) + 0x2b1 (0x7757c864fb41 in /usr/local/lib/python3.12/dist-packages/torch/lib/libtorch_cuda.so)
frame #4: c10d::ProcessGroupNCCL::Watchdog::runLoop() + 0x1541 (0x7757c865b931 in /usr/local/lib/python3.12/dist-packages/torch/lib/libtorch_cuda.so)
frame #5: c10d::ProcessGroupNCCL::Watchdog::run() + 0x157 (0x7757c865cd47 in /usr/local/lib/python3.12/dist-packages/torch/lib/libtorch_cuda.so)
frame #6: <unknown function> + 0xecdb4 (0x77584d86edb4 in /lib/x86_64-linux-gnu/libstdc++.so.6)
frame #7: <unknown function> + 0x9caa4 (0x77587dc9faa4 in /lib/x86_64-linux-gnu/libc.so.6)
frame #8: <unknown function> + 0x129c6c (0x77587dd2cc6c in /lib/x86_64-linux-gnu/libc.so.6)

Exception raised from run at /__w/pytorch/pytorch/torch/csrc/distributed/c10d/ProcessGroupNCCL.cpp:2180 (most recent call first):
frame #0: c10::Error::Error(c10::SourceLocation, std::__cxx11::basic_string<char, std::char_traits<char>, std::allocator<char> >) + 0x9d (0x77587cf63bfd in /usr/local/lib/python3.12/dist-packages/torch/lib/libc10.so)
frame #1: c10::DistError::DistError(c10::SourceLocation, std::__cxx11::basic_string<char, std::char_traits<char>, std::allocator<char> >) + 0x72 (0x77587cf64bd2 in /usr/local/lib/python3.12/dist-packages/torch/lib/libc10.so)
frame #2: c10::DistBackendError::DistBackendError(c10::SourceLocation, std::__cxx11::basic_string<char, std::char_traits<char>, std::allocator<char> >) + 0x72 (0x77587cf64d02 in /usr/local/lib/python3.12/dist-packages/torch/lib/libc10.so)
frame #3: <unknown function> + 0x697922 (0x7757c7d96922 in /usr/local/lib/python3.12/dist-packages/torch/lib/libtorch_cuda.so)
frame #4: <unknown function> + 0xecdb4 (0x77584d86edb4 in /lib/x86_64-linux-gnu/libstdc++.so.6)
frame #5: <unknown function> + 0x9caa4 (0x77587dc9faa4 in /lib/x86_64-linux-gnu/libc.so.6)
frame #6: <unknown function> + 0x129c6c (0x77587dd2cc6c in /lib/x86_64-linux-gnu/libc.so.6)

WARNING 08-05 08:10:55 [multiproc_executor.py:452] [shutdown] Executor: workers still running after grace period; sending SIGTERM count=5
WARNING 08-05 08:10:59 [multiproc_executor.py:462] [shutdown] Executor: workers still running after SIGTERM; sending SIGKILL count=1
/usr/lib/python3.12/multiprocessing/resource_tracker.py:254: UserWarning: resource_tracker: There appear to be 8 leaked semaphore objects to clean up at shutdown
  warnings.warn('resource_tracker: There appear to be %d '
/usr/lib/python3.12/multiprocessing/resource_tracker.py:254: UserWarning: resource_tracker: There appear to be 1 leaked shared_memory objects to clean up at shutdown
  warnings.warn('resource_tracker: There appear to be %d '
